time,event,Age,Race,Marital Status,T Stage ,N Stage,6th Stage,A Stage,differentiate,Grade,Tumor Size,Estrogen Status,Progesterone Status,Regional Node Examined,Reginol Node Positive
60,0,68,White,Married,T1,N1,IIA,Regional,Poorly differentiated,3,4,Positive,Positive,24,1
62,0,50,White,Married,T2,N2,IIIA,Regional,Moderately differentiated,2,35,Positive,Positive,14,5
75,0,58,White,Divorced,T3,N3,IIIC,Regional,Moderately differentiated,2,63,Positive,Positive,14,7
84,0,58,White,Married,T1,N1,IIA,Regional,Poorly differentiated,3,18,Positive,Positive,2,1
50,0,47,White,Married,T2,N1,IIB,Regional,Poorly differentiated,3,41,Positive,Positive,3,1
89,0,51,White,Single ,T1,N1,IIA,Regional,Moderately differentiated,2,20,Positive,Positive,18,2
54,0,51,White,Married,T1,N1,IIA,Regional,Well differentiated,1,8,Positive,Positive,11,1
14,1,40,White,Married,T2,N1,IIB,Regional,Moderately differentiated,2,30,Positive,Positive,9,1
70,0,40,White,Divorced,T4,N3,IIIC,Regional,Poorly differentiated,3,103,Positive,Positive,20,18
92,0,69,White,Married,T4,N3,IIIC,Distant,Well differentiated,1,32,Positive,Positive,21,12
64,1,68,White,Widowed,T1,N1,IIA,Regional,Moderately differentiated,2,13,Positive,Positive,9,1
92,0,46,White,Married,T3,N1,IIIA,Regional,Poorly differentiated,3,59,Negative,Negative,11,3
56,0,65,White,Married,T2,N1,IIB,Regional,Poorly differentiated,3,35,Positive,Positive,13,3
38,0,48,White,Married,T1,N2,IIIA,Regional,Poorly differentiated,3,15,Positive,Positive,23,7
64,0,62,White,Divorced,T2,N3,IIIC,Regional,Moderately differentiated,2,35,Positive,Positive,16,14
49,0,61,White,Married,T1,N1,IIA,Regional,Moderately differentiated,2,19,Positive,Positive,20,1
105,0,56,White,Single ,T2,N1,IIB,Regional,Moderately differentiated,2,46,Positive,Positive,1,1
62,0,43,White,Married,T2,N1,IIB,Regional,Moderately differentiated,2,24,Positive,Positive,22,1
107,0,48,Black,Divorced,T2,N1,IIB,Regional,Moderately differentiated,2,25,Positive,Positive,16,1
77,0,60,White,Divorced,T2,N1,IIB,Regional,Moderately differentiated,2,29,Negative,Negative,20,1
81,0,48,Other,Married,T2,N1,IIB,Regional,Well differentiated,1,30,Positive,Positive,15,2
50,0,57,White,Married,T2,N2,IIIA,Regional,Moderately differentiated,2,40,Positive,Positive,15,5
78,0,55,White,Single ,T2,N1,IIB,Regional,Poorly differentiated,3,29,Positive,Positive,4,1
102,0,48,White,Married,T3,N1,IIIA,Regional,Poorly differentiated,3,70,Positive,Negative,18,1
98,0,62,White,Married,T1,N3,IIIC,Regional,Poorly differentiated,3,20,Positive,Positive,26,22
70,0,63,White,Married,T2,N3,IIIC,Regional,Moderately differentiated,2,22,Positive,Positive,31,17
102,0,48,White,Married,T2,N3,IIIC,Regional,Poorly differentiated,3,50,Positive,Positive,25,23
82,0,46,White,Married,T1,N1,IIA,Regional,Well differentiated,1,17,Positive,Positive,14,1
64,0,57,White,Divorced,T2,N2,IIIA,Regional,Well differentiated,1,25,Positive,Negative,14,4
86,0,66,White,Married,T2,N1,IIB,Regional,Poorly differentiated,3,21,Positive,Positive,10,1
52,0,47,White,Separated,T2,N1,IIB,Regional,Well differentiated,1,40,Positive,Positive,3,1
49,0,53,White,Married,T1,N1,IIA,Regional,Moderately differentiated,2,15,Positive,Positive,5,1
90,0,59,White,Single ,T1,N1,IIA,Regional,Moderately differentiated,2,15,Positive,Positive,6,1
62,0,60,White,Married,T1,N1,IIA,Regional,Moderately differentiated,2,20,Positive,Negative,19,3
31,0,46,Other,Married,T2,N3,IIIC,Regional,Moderately differentiated,2,30,Positive,Positive,19,10
77,0,51,White,Married,T1,N1,IIA,Regional,Well differentiated,1,10,Positive,Positive,9,2
37,0,54,White,Married,T2,N2,IIIA,Regional,Moderately differentiated,2,27,Positive,Negative,21,6
103,0,51,White,Married,T1,N1,IIA,Regional,Moderately differentiated,2,18,Positive,Positive,14,2
82,0,49,White,Married,T2,N1,IIB,Regional,Moderately differentiated,2,35,Positive,Positive,10,2
105,0,51,Other,Divorced,T2,N2,IIIA,Regional,Moderately differentiated,2,23,Positive,Positive,15,5
42,1,57,White,Single ,T3,N3,IIIC,Regional,Moderately differentiated,2,70,Positive,Positive,12,12
61,0,64,White,Married,T1,N1,IIA,Regional,Moderately differentiated,2,17,Positive,Positive,12,2
86,0,62,Other,Married,T2,N1,IIB,Regional,Moderately differentiated,2,21,Positive,Negative,2,1
84,0,53,Black,Single ,T2,N2,IIIA,Regional,Poorly differentiated,3,23,Positive,Negative,15,6
63,0,55,White,Married,T1,N1,IIA,Regional,Moderately differentiated,2,5,Positive,Positive,11,2
90,0,66,White,Married,T3,N2,IIIA,Regional,Moderately differentiated,2,51,Positive,Positive,10,5
39,1,42,White,Married,T1,N3,IIIC,Regional,Moderately differentiated,2,9,Negative,Negative,15,2
59,0,62,White,Widowed,T1,N1,IIA,Regional,Moderately differentiated,2,15,Positive,Positive,12,1
82,0,53,White,Married,T2,N2,IIIA,Regional,Moderately differentiated,2,32,Positive,Positive,16,9
82,0,69,White,Widowed,T1,N1,IIA,Regional,Moderately differentiated,2,5,Positive,Positive,8,3
71,0,37,White,Single ,T2,N1,IIB,Regional,Moderately differentiated,2,23,Positive,Positive,17,3
71,0,69,White,Married,T3,N1,IIIA,Regional,Moderately differentiated,2,55,Positive,Negative,9,1
86,0,60,Black,Married,T3,N1,IIIA,Regional,Poorly differentiated,3,120,Positive,Negative,7,1
70,0,63,White,Married,T3,N1,IIIA,Regional,Well differentiated,1,77,Positive,Negative,20,2
74,0,57,White,Married,T1,N1,IIA,Regional,Moderately differentiated,2,2,Positive,Negative,16,1
73,0,55,White,Married,T1,N1,IIA,Regional,Moderately differentiated,2,11,Positive,Positive,13,1
91,0,62,White,Married,T2,N1,IIB,Regional,Moderately differentiated,2,25,Positive,Positive,19,1
106,0,50,White,Married,T1,N1,IIA,Regional,Moderately differentiated,2,18,Positive,Negative,49,1
73,0,50,White,Married,T1,N1,IIA,Regional,Moderately differentiated,2,15,Positive,Positive,15,1
77,0,55,White,Married,T1,N1,IIA,Regional,Moderately differentiated,2,12,Positive,Positive,17,2
80,0,56,Other,Married,T1,N1,IIA,Regional,Moderately differentiated,2,18,Positive,Negative,24,2
49,0,51,White,Married,T1,N1,IIA,Regional,Moderately differentiated,2,17,Positive,Negative,12,1
78,0,42,White,Married,T2,N1,IIB,Regional,Moderately differentiated,2,26,Positive,Positive,1,1
75,0,59,White,Married,T3,N1,IIIA,Regional,Moderately differentiated,2,75,Positive,Positive,20,2
60,1,67,White,Divorced,T1,N1,IIA,Regional,Moderately differentiated,2,13,Positive,Positive,16,3
106,0,46,White,Married,T1,N1,IIA,Regional,Poorly differentiated,3,15,Positive,Positive,5,1
44,1,31,White,Married,T3,N3,IIIC,Regional,Poorly differentiated,3,70,Positive,Positive,23,23
85,0,40,White,Married,T1,N1,IIA,Regional,Poorly differentiated,3,15,Positive,Positive,20,3
79,0,58,Other,Divorced,T1,N1,IIA,Regional,Poorly differentiated,3,15,Positive,Positive,5,1
84,0,52,White,Married,T1,N1,IIA,Regional,Moderately differentiated,2,17,Positive,Positive,12,3
104,0,49,White,Married,T3,N2,IIIA,Regional,Poorly differentiated,3,130,Positive,Negative,12,8
12,1,64,White,Married,T2,N3,IIIC,Regional,Poorly differentiated,3,34,Positive,Negative,24,20
52,0,31,Black,Married,T2,N1,IIB,Regional,Poorly differentiated,3,30,Positive,Positive,16,1
98,0,66,White,Married,T1,N1,IIA,Regional,Moderately differentiated,2,10,Positive,Positive,15,1
85,0,67,White,Married,T2,N3,IIIC,Regional,Moderately differentiated,2,22,Positive,Negative,19,16
95,0,56,White,Married,T3,N1,IIIA,Regional,Moderately differentiated,2,55,Positive,Positive,13,1
79,0,66,White,Single ,T2,N2,IIIA,Regional,Moderately differentiated,2,25,Positive,Positive,11,4
106,0,42,White,Married,T2,N1,IIB,Regional,Moderately differentiated,2,50,Positive,Positive,7,1
81,0,51,White,Married,T2,N1,IIB,Regional,Well differentiated,1,50,Positive,Positive,9,1
55,0,68,White,Married,T1,N1,IIA,Regional,Moderately differentiated,2,15,Positive,Positive,9,1
101,0,53,White,Married,T2,N3,IIIC,Regional,Poorly differentiated,3,30,Positive,Positive,21,13
65,0,67,White,Widowed,T1,N1,IIA,Regional,Moderately differentiated,2,20,Positive,Positive,10,1
72,0,66,White,Married,T2,N1,IIB,Regional,Moderately differentiated,2,22,Positive,Positive,9,2
55,0,53,White,Single ,T1,N1,IIA,Regional,Moderately differentiated,2,15,Positive,Negative,2,1
65,0,51,White,Single ,T1,N1,IIA,Regional,Well differentiated,1,15,Positive,Positive,13,1
71,0,46,White,Married,T2,N3,IIIC,Regional,Poorly differentiated,3,40,Negative,Negative,12,11
82,0,48,White,Married,T3,N2,IIIA,Regional,Moderately differentiated,2,120,Positive,Positive,7,5
84,0,52,White,Married,T3,N1,IIIA,Regional,Moderately differentiated,2,80,Positive,Positive,10,1
95,0,55,White,Single ,T1,N1,IIA,Regional,Moderately differentiated,2,17,Positive,Positive,11,1
95,0,65,White,Married,T1,N1,IIA,Regional,Well differentiated,1,3,Positive,Positive,9,1
91,1,53,White,Married,T3,N1,IIIA,Regional,Poorly differentiated,3,60,Positive,Positive,8,1
57,0,33,White,Married,T1,N1,IIA,Regional,Moderately differentiated,2,14,Positive,Positive,15,1
87,1,63,Other,Married,T2,N2,IIIA,Regional,Well differentiated,1,26,Positive,Positive,5,4
40,1,45,Other,Married,T2,N3,IIIC,Regional,Poorly differentiated,3,25,Positive,Positive,21,16
91,0,59,White,Divorced,T1,N1,IIA,Regional,Moderately differentiated,2,12,Positive,Positive,12,3
50,0,60,White,Married,T2,N1,IIB,Regional,Well differentiated,1,25,Positive,Positive,17,2
25,1,50,White,Divorced,T2,N1,IIB,Regional,Moderately differentiated,2,30,Positive,Negative,4,2
73,0,61,White,Married,T2,N1,IIB,Regional,Moderately differentiated,2,25,Positive,Positive,10,1
63,1,50,White,Married,T4,N1,IIIB,Regional,Poorly differentiated,3,24,Positive,Positive,3,3
50,0,68,White,Married,T2,N1,IIB,Regional,Well differentiated,1,27,Positive,Positive,14,1
54,1,38,White,Single ,T3,N3,IIIC,Regional,Moderately differentiated,2,70,Positive,Positive,33,24
73,0,47,White,Single ,T1,N1,IIA,Regional,Poorly differentiated,3,16,Positive,Positive,25,1
8,0,39,White,Married,T2,N1,IIB,Regional,Moderately differentiated,2,45,Positive,Positive,3,1
53,1,57,White,Married,T2,N1,IIB,Regional,Poorly differentiated,3,27,Positive,Positive,7,1
65,0,52,White,Single ,T2,N1,IIB,Regional,Moderately differentiated,2,23,Positive,Positive,14,3
58,0,60,White,Married,T2,N1,IIB,Regional,Moderately differentiated,2,25,Positive,Positive,2,1
24,1,54,White,Married,T2,N1,IIB,Regional,Poorly differentiated,3,40,Positive,Negative,11,1
64,0,68,White,Married,T1,N1,IIA,Regional,Moderately differentiated,2,20,Positive,Positive,12,2
106,0,38,Black,Single ,T2,N1,IIB,Regional,Moderately differentiated,2,21,Positive,Positive,8,2
61,0,63,White,Married,T2,N1,IIB,Regional,Moderately differentiated,2,36,Positive,Positive,30,3
66,0,61,White,Married,T1,N2,IIIA,Regional,Moderately differentiated,2,14,Positive,Positive,15,4
79,1,37,White,Married,T3,N1,IIIA,Regional,Well differentiated,1,51,Positive,Positive,3,3
74,0,46,White,Single ,T2,N3,IIIC,Regional,Moderately differentiated,2,50,Positive,Positive,34,10
69,0,45,White,Married,T2,N1,IIB,Regional,Poorly differentiated,3,45,Positive,Positive,14,2
103,0,54,White,Married,T3,N2,IIIA,Regional,Moderately differentiated,2,51,Positive,Positive,6,5
52,0,53,Black,Married,T1,N1,IIA,Regional,Moderately differentiated,2,19,Positive,Positive,12,3
93,0,50,White,Married,T3,N1,IIIA,Regional,Moderately differentiated,2,76,Positive,Positive,9,1
94,0,69,White,Divorced,T1,N2,IIIA,Regional,Poorly differentiated,3,20,Positive,Positive,16,9
91,0,48,White,Married,T2,N1,IIB,Regional,Poorly differentiated,3,35,Positive,Positive,15,3
57,0,53,Black,Widowed,T2,N1,IIB,Regional,Poorly differentiated,3,27,Positive,Positive,15,2
94,0,67,White,Married,T2,N1,IIB,Regional,Well differentiated,1,35,Positive,Positive,7,2
79,0,43,White,Divorced,T4,N1,IIIB,Regional,Poorly differentiated,3,35,Positive,Positive,15,3
62,0,50,White,Single ,T2,N3,IIIC,Regional,Moderately differentiated,2,50,Positive,Positive,16,16
86,0,59,White,Divorced,T2,N2,IIIA,Regional,Poorly differentiated,3,38,Positive,Positive,23,4
49,0,53,Other,Married,T1,N1,IIA,Regional,Well differentiated,1,15,Positive,Positive,23,2
14,1,62,White,Married,T1,N1,IIA,Regional,Moderately differentiated,2,17,Positive,Positive,16,1
100,0,39,White,Married,T2,N1,IIB,Regional,Moderately differentiated,2,25,Positive,Positive,13,2
50,0,59,White,Married,T1,N1,IIA,Regional,Poorly differentiated,3,19,Positive,Negative,3,1
79,0,56,Other,Married,T1,N1,IIA,Regional,Poorly differentiated,3,15,Positive,Positive,8,2
77,0,45,Black,Single ,T1,N1,IIA,Regional,Moderately differentiated,2,18,Positive,Positive,13,3
50,0,60,White,Married,T1,N1,IIA,Regional,Moderately differentiated,2,11,Positive,Positive,14,1
73,0,50,White,Married,T2,N2,IIIA,Regional,Poorly differentiated,3,45,Negative,Negative,10,6
96,0,58,Black,Single ,T1,N1,IIA,Regional,Moderately differentiated,2,12,Positive,Positive,8,1
87,0,50,White,Married,T1,N1,IIA,Regional,Moderately differentiated,2,20,Positive,Positive,5,1
41,1,55,White,Single ,T2,N2,IIIA,Regional,Poorly differentiated,3,45,Positive,Negative,8,7
54,1,37,White,Married,T1,N1,IIA,Regional,Moderately differentiated,2,18,Positive,Positive,28,5
84,0,46,White,Married,T2,N1,IIB,Regional,Well differentiated,1,25,Positive,Positive,12,1
67,1,65,White,Married,T2,N1,IIB,Regional,Well differentiated,1,21,Positive,Negative,20,1
53,1,61,White,Single ,T2,N3,IIIC,Distant,Moderately differentiated,2,49,Positive,Positive,14,10
104,0,52,White,Married,T3,N2,IIIA,Regional,Poorly differentiated,3,70,Positive,Negative,18,9
86,0,54,White,Married,T1,N1,IIA,Regional,Well differentiated,1,7,Positive,Positive,4,1
102,0,36,White,Married,T1,N2,IIIA,Regional,Moderately differentiated,2,19,Positive,Positive,13,4
50,0,49,White,Married,T1,N1,IIA,Regional,Moderately differentiated,2,17,Positive,Positive,24,1
42,1,62,White,Widowed,T2,N1,IIB,Regional,Moderately differentiated,2,38,Positive,Positive,23,3
52,1,54,White,Married,T2,N1,IIB,Regional,Moderately differentiated,2,34,Positive,Positive,20,1
107,0,61,White,Divorced,T2,N1,IIB,Regional,Moderately differentiated,2,30,Positive,Positive,15,1
92,0,46,White,Married,T1,N1,IIA,Regional,Well differentiated,1,4,Positive,Positive,18,2
52,1,38,White,Married,T3,N2,IIIA,Regional,Poorly differentiated,3,72,Positive,Positive,13,8
69,0,66,White,Married,T1,N1,IIA,Regional,Moderately differentiated,2,18,Positive,Positive,1,1
82,0,59,White,Married,T2,N1,IIB,Regional,Moderately differentiated,2,25,Positive,Positive,13,3
101,0,38,White,Single ,T1,N1,IIA,Regional,Poorly differentiated,3,9,Positive,Positive,18,1
64,0,67,White,Married,T2,N1,IIB,Regional,Moderately differentiated,2,21,Positive,Positive,14,2
55,1,60,White,Married,T1,N1,IIA,Regional,Moderately differentiated,2,20,Negative,Negative,15,1
98,0,61,Other,Married,T1,N2,IIIA,Regional,Moderately differentiated,2,15,Positive,Positive,14,5
56,0,67,White,Divorced,T1,N1,IIA,Regional,Poorly differentiated,3,18,Positive,Positive,14,2
91,0,69,White,Widowed,T3,N2,IIIA,Regional,Moderately differentiated,2,100,Positive,Negative,16,6
51,0,47,White,Married,T1,N1,IIA,Regional,Poorly differentiated,3,17,Negative,Negative,15,1
102,0,39,White,Married,T1,N1,IIA,Regional,Moderately differentiated,2,7,Positive,Positive,6,1
71,0,53,White,Widowed,T2,N1,IIB,Regional,Moderately differentiated,2,24,Negative,Negative,2,1
13,1,55,White,Married,T2,N3,IIIC,Regional,Poorly differentiated,3,43,Positive,Positive,14,14
11,0,59,White,Married,T2,N2,IIIA,Regional,Moderately differentiated,2,30,Positive,Positive,18,4
53,0,53,White,Married,T1,N1,IIA,Regional,Moderately differentiated,2,7,Positive,Positive,3,1
82,0,59,White,Divorced,T1,N1,IIA,Regional,Poorly differentiated,3,18,Positive,Positive,2,1
89,0,57,White,Divorced,T1,N1,IIA,Regional,Poorly differentiated,3,12,Positive,Positive,20,2
56,0,61,White,Married,T2,N2,IIIA,Regional,Moderately differentiated,2,25,Positive,Positive,16,6
54,0,68,Other,Widowed,T3,N1,IIIA,Regional,Moderately differentiated,2,62,Positive,Positive,3,1
72,0,54,White,Married,T1,N2,IIIA,Regional,Moderately differentiated,2,20,Positive,Positive,12,7
102,0,37,White,Single ,T4,N3,IIIC,Distant,Moderately differentiated,2,70,Positive,Positive,24,17
51,0,48,White,Married,T2,N1,IIB,Regional,Moderately differentiated,2,37,Positive,Positive,8,1
100,0,53,White,Married,T1,N1,IIA,Regional,Moderately differentiated,2,13,Positive,Positive,14,1
62,1,69,Other,Widowed,T2,N1,IIB,Regional,Moderately differentiated,2,40,Positive,Positive,20,2
73,0,63,White,Widowed,T3,N1,IIIA,Regional,Poorly differentiated,3,70,Positive,Negative,11,3
84,0,49,White,Married,T1,N1,IIA,Regional,Poorly differentiated,3,12,Positive,Positive,9,2
87,0,63,White,Married,T1,N1,IIA,Regional,Well differentiated,1,9,Positive,Positive,9,1
96,0,60,White,Divorced,T1,N1,IIA,Regional,Moderately differentiated,2,10,Positive,Positive,24,2
74,0,41,White,Married,T3,N1,IIIA,Regional,Moderately differentiated,2,55,Positive,Positive,11,1
47,1,59,Black,Single ,T1,N3,IIIC,Regional,Moderately differentiated,2,18,Positive,Negative,17,10
77,0,43,White,Married,T1,N1,IIA,Regional,Moderately differentiated,2,15,Positive,Positive,7,2
55,0,52,White,Married,T2,N3,IIIC,Regional,Moderately differentiated,2,25,Positive,Positive,31,14
64,1,61,White,Married,T2,N2,IIIA,Regional,Poorly differentiated,3,50,Positive,Positive,11,5
93,0,60,White,Married,T1,N1,IIA,Regional,Well differentiated,1,10,Positive,Positive,32,1
74,1,61,White,Married,T2,N1,IIB,Regional,Moderately differentiated,2,30,Positive,Positive,23,2
23,1,63,White,Divorced,T1,N1,IIA,Regional,Moderately differentiated,2,13,Positive,Negative,3,1
60,0,48,White,Married,T2,N1,IIB,Regional,Well differentiated,1,40,Positive,Positive,15,13
85,0,51,Black,Married,T3,N3,IIIC,Regional,Poorly differentiated,3,100,Positive,Negative,14,11
86,0,66,White,Single ,T2,N1,IIB,Regional,Moderately differentiated,2,25,Positive,Negative,14,2
81,0,68,White,Married,T3,N1,IIIA,Regional,Moderately differentiated,2,68,Positive,Positive,3,3
71,0,58,White,Divorced,T2,N1,IIB,Regional,Moderately differentiated,2,25,Positive,Positive,14,2
90,1,62,White,Married,T2,N2,IIIA,Regional,Moderately differentiated,2,23,Positive,Negative,34,9
79,0,46,White,Married,T1,N1,IIA,Regional,Moderately differentiated,2,15,Positive,Positive,14,1
60,0,58,White,Married,T2,N1,IIB,Regional,Moderately differentiated,2,22,Positive,Positive,12,1
89,0,60,White,Married,T1,N1,IIA,Regional,Moderately differentiated,2,7,Positive,Positive,2,1
66,0,62,White,Single ,T1,N1,IIA,Regional,Poorly differentiated,3,16,Positive,Positive,19,4
84,0,53,White,Divorced,T2,N1,IIB,Regional,Moderately differentiated,2,24,Positive,Negative,5,1
55,0,42,White,Single ,T3,N3,IIIC,Distant,Moderately differentiated,2,75,Positive,Positive,16,13
50,0,63,White,Married,T1,N1,IIA,Regional,Well differentiated,1,11,Positive,Positive,5,1
55,0,55,White,Married,T2,N1,IIB,Regional,Poorly differentiated,3,35,Positive,Positive,16,2
98,0,50,White,Married,T3,N2,IIIA,Regional,Poorly differentiated,3,60,Positive,Positive,10,5
53,0,52,White,Married,T2,N1,IIB,Regional,Poorly differentiated,3,30,Positive,Positive,22,2
103,0,47,White,Married,T2,N1,IIB,Regional,Poorly differentiated,3,25,Positive,Positive,11,2
77,0,55,White,Married,T2,N1,IIB,Regional,Poorly differentiated,3,25,Positive,Positive,14,2
63,0,60,White,Married,T2,N2,IIIA,Regional,Moderately differentiated,2,25,Positive,Positive,16,4
45,1,66,White,Married,T1,N1,IIA,Regional,Moderately differentiated,2,12,Positive,Negative,1,1
25,1,50,White,Single ,T2,N3,IIIC,Regional,Poorly differentiated,3,25,Positive,Positive,17,12
68,0,64,Other,Widowed,T1,N1,IIA,Regional,Well differentiated,1,17,Positive,Positive,2,1
53,0,67,White,Widowed,T1,N1,IIA,Regional,Moderately differentiated,2,11,Positive,Positive,6,1
91,0,56,Other,Single ,T2,N1,IIB,Regional,Moderately differentiated,2,32,Positive,Positive,24,1
105,0,60,Other,Married,T2,N1,IIB,Regional,Well differentiated,1,21,Positive,Positive,18,1
76,0,56,White,Widowed,T2,N1,IIB,Regional,Moderately differentiated,2,25,Positive,Negative,12,1
94,0,48,White,Divorced,T4,N1,IIIB,Regional,Poorly differentiated,3,19,Positive,Positive,6,1
71,0,44,White,Married,T3,N2,IIIA,Regional,Moderately differentiated,2,75,Positive,Positive,11,4
15,1,37,White,Married,T3,N3,IIIC,Regional,Moderately differentiated,2,52,Positive,Positive,17,12
106,0,52,White,Married,T1,N3,IIIC,Regional,Well differentiated,1,9,Positive,Negative,18,17
56,0,63,White,Married,T1,N1,IIA,Regional,Moderately differentiated,2,17,Positive,Positive,9,1
56,0,54,White,Married,T2,N2,IIIA,Regional,Moderately differentiated,2,35,Positive,Positive,10,9
16,1,63,Other,Single ,T3,N2,IIIA,Regional,Poorly differentiated,3,85,Negative,Negative,4,4
31,1,44,White,Divorced,T2,N1,IIB,Regional,Poorly differentiated,3,50,Positive,Positive,12,1
85,0,68,White,Divorced,T3,N1,IIIA,Regional,Poorly differentiated,3,51,Positive,Positive,17,1
62,0,64,White,Married,T1,N1,IIA,Regional,Poorly differentiated,3,18,Positive,Positive,4,2
23,1,50,White,Married,T3,N3,IIIC,Distant,Poorly differentiated,3,75,Negative,Negative,27,27
24,1,55,White,Married,T3,N3,IIIC,Regional,Poorly differentiated,3,72,Negative,Negative,14,13
50,1,66,Black,Widowed,T2,N2,IIIA,Regional,Moderately differentiated,2,35,Positive,Positive,20,7
107,0,46,White,Single ,T1,N1,IIA,Regional,Moderately differentiated,2,12,Positive,Positive,18,2
76,0,43,White,Married,T2,N1,IIB,Regional,Moderately differentiated,2,23,Positive,Positive,9,3
87,0,43,White,Divorced,T1,N1,IIA,Regional,Poorly differentiated,3,16,Positive,Positive,2,1
101,0,43,Black,Single ,T1,N1,IIA,Regional,Poorly differentiated,3,16,Positive,Positive,27,2
60,0,59,White,Married,T3,N2,IIIA,Regional,Moderately differentiated,2,57,Positive,Positive,20,9
66,0,55,White,Divorced,T3,N1,IIIA,Regional,Poorly differentiated,3,50,Positive,Positive,42,1
53,0,61,White,Divorced,T1,N1,IIA,Regional,Moderately differentiated,2,17,Positive,Positive,9,1
93,0,66,White,Married,T2,N3,IIIC,Regional,Moderately differentiated,2,32,Positive,Positive,15,4
90,0,55,White,Married,T2,N1,IIB,Regional,Moderately differentiated,2,21,Positive,Positive,19,1
59,0,65,White,Married,T1,N2,IIIA,Regional,Moderately differentiated,2,11,Positive,Positive,7,7
58,0,69,White,Married,T2,N2,IIIA,Regional,Moderately differentiated,2,40,Positive,Positive,22,5
68,0,59,White,Married,T1,N1,IIA,Regional,Poorly differentiated,3,15,Positive,Positive,2,1
94,0,63,White,Married,T1,N1,IIA,Regional,Moderately differentiated,2,17,Positive,Positive,15,2
72,0,68,White,Married,T1,N1,IIA,Regional,Moderately differentiated,2,14,Positive,Positive,26,1
53,0,48,Other,Married,T3,N3,IIIC,Distant,Moderately differentiated,2,60,Positive,Positive,26,21
103,0,61,White,Married,T3,N1,IIIA,Regional,Poorly differentiated,3,55,Positive,Negative,12,1
16,1,43,White,Married,T4,N3,IIIC,Distant,Poorly differentiated,3,120,Negative,Negative,28,26
77,0,44,White,Married,T1,N1,IIA,Regional,Moderately differentiated,2,11,Positive,Positive,8,2
49,1,47,White,Married,T2,N1,IIB,Regional,Poorly differentiated,3,39,Positive,Positive,29,1
99,0,52,White,Married,T2,N1,IIB,Regional,Moderately differentiated,2,23,Positive,Positive,30,2
107,0,69,White,Married,T2,N1,IIB,Regional,Poorly differentiated,3,28,Positive,Positive,9,2
81,0,39,Other,Married,T2,N3,IIIC,Distant,Moderately differentiated,2,37,Positive,Positive,18,15
87,0,43,White,Married,T2,N2,IIIA,Regional,Poorly differentiated,3,40,Positive,Positive,15,5
103,0,64,Black,Single ,T1,N1,IIA,Regional,Poorly differentiated,3,9,Negative,Negative,18,1
96,0,66,White,Single ,T1,N1,IIA,Regional,Well differentiated,1,8,Positive,Positive,9,1
40,1,45,White,Married,T2,N1,IIB,Regional,Poorly differentiated,3,28,Negative,Negative,18,3
78,0,37,White,Divorced,T1,N1,IIA,Regional,Moderately differentiated,2,15,Positive,Positive,15,2
92,0,50,Other,Married,T1,N1,IIA,Regional,Moderately differentiated,2,17,Positive,Positive,11,1
106,0,40,White,Married,T2,N2,IIIA,Regional,Moderately differentiated,2,50,Positive,Positive,6,6
54,0,52,Other,Married,T2,N1,IIB,Regional,Moderately differentiated,2,48,Positive,Positive,5,1
85,0,41,White,Married,T2,N1,IIB,Regional,Well differentiated,1,30,Positive,Positive,2,2
69,0,32,White,Single ,T3,N2,IIIA,Regional,Poorly differentiated,3,68,Positive,Negative,13,6
51,0,65,White,Married,T3,N1,IIIA,Regional,Moderately differentiated,2,110,Positive,Positive,19,2
93,0,67,White,Married,T2,N1,IIB,Regional,Poorly differentiated,3,23,Positive,Negative,20,2
76,0,57,White,Single ,T1,N1,IIA,Regional,Poorly differentiated,3,12,Positive,Positive,13,2
58,0,63,White,Married,T1,N1,IIA,Regional,Moderately differentiated,2,13,Positive,Positive,7,1
79,0,42,Other,Married,T2,N1,IIB,Regional,Well differentiated,1,40,Positive,Positive,20,1
63,0,57,White,Married,T2,N1,IIB,Regional,Moderately differentiated,2,30,Positive,Positive,12,1
7,0,42,White,Single ,T1,N1,IIA,Regional,Moderately differentiated,2,9,Positive,Positive,11,2
104,0,46,White,Married,T2,N1,IIB,Regional,Moderately differentiated,2,22,Positive,Positive,9,1
74,0,47,White,Married,T2,N1,IIB,Regional,Well differentiated,1,30,Positive,Negative,9,2
67,1,67,White,Married,T1,N1,IIA,Regional,Moderately differentiated,2,12,Positive,Positive,3,3
98,0,67,White,Widowed,T1,N1,IIA,Regional,Well differentiated,1,10,Positive,Positive,33,1
100,0,65,White,Single ,T2,N1,IIB,Regional,Well differentiated,1,25,Positive,Positive,3,1
58,0,65,White,Married,T1,N1,IIA,Regional,Moderately differentiated,2,16,Positive,Positive,33,1
61,0,33,White,Single ,T3,N1,IIIA,Regional,Moderately differentiated,2,65,Positive,Positive,3,3
45,1,64,White,Married,T2,N1,IIB,Regional,Well differentiated,1,22,Positive,Positive,4,1
48,0,66,Black,Married,T1,N3,IIIC,Regional,Moderately differentiated,2,17,Positive,Positive,20,10
40,1,34,White,Married,T3,N3,IIIC,Distant,Moderately differentiated,2,60,Positive,Positive,13,9
57,0,55,White,Widowed,T2,N1,IIB,Regional,Well differentiated,1,22,Positive,Positive,20,2
42,0,47,White,Divorced,T2,N1,IIB,Regional,Moderately differentiated,2,35,Positive,Positive,18,3
76,0,58,Other,Married,T1,N2,IIIA,Regional,Moderately differentiated,2,18,Positive,Positive,9,9
55,0,38,White,Married,T2,N1,IIB,Regional,Poorly differentiated,3,34,Positive,Negative,11,1
68,0,57,White,Divorced,T1,N1,IIA,Regional,Poorly differentiated,3,6,Negative,Negative,2,1
49,0,65,White,Married,T3,N1,IIIA,Regional,Well differentiated,1,105,Positive,Positive,4,2
16,1,52,Black,Single ,T3,N3,IIIC,Regional,Undifferentiated, anaplastic; Grade IV,100,Positive,Positive,23,17
99,0,67,White,Married,T1,N1,IIA,Regional,Well differentiated,1,20,Positive,Positive,14,2
88,0,57,White,Married,T3,N1,IIIA,Regional,Moderately differentiated,2,57,Positive,Positive,14,3
87,0,61,White,Divorced,T1,N1,IIA,Regional,Well differentiated,1,10,Positive,Positive,16,1
60,0,45,White,Single ,T1,N1,IIA,Regional,Well differentiated,1,17,Positive,Positive,12,2
34,1,50,White,Married,T2,N3,IIIC,Regional,Poorly differentiated,3,25,Positive,Negative,18,10
92,0,50,White,Separated,T2,N1,IIB,Regional,Moderately differentiated,2,21,Positive,Positive,12,2
65,0,53,White,Married,T2,N1,IIB,Regional,Moderately differentiated,2,45,Positive,Positive,14,2
23,1,54,White,Married,T2,N2,IIIA,Regional,Moderately differentiated,2,50,Positive,Negative,7,6
50,0,58,Black,Married,T2,N1,IIB,Regional,Moderately differentiated,2,35,Positive,Positive,13,2
107,0,56,Other,Married,T2,N3,IIIC,Regional,Poorly differentiated,3,38,Positive,Positive,12,11
92,0,68,White,Divorced,T1,N3,IIIC,Regional,Moderately differentiated,2,16,Positive,Negative,30,28
51,1,41,White,Married,T3,N3,IIIC,Regional,Poorly differentiated,3,140,Positive,Positive,41,15
92,0,61,White,Married,T2,N1,IIB,Regional,Poorly differentiated,3,25,Positive,Positive,39,1
61,0,65,White,Divorced,T1,N1,IIA,Regional,Moderately differentiated,2,18,Positive,Positive,17,1
50,1,69,White,Married,T1,N1,IIA,Regional,Moderately differentiated,2,18,Positive,Positive,11,1
95,0,43,White,Married,T2,N2,IIIA,Regional,Poorly differentiated,3,34,Positive,Negative,19,6
97,0,47,White,Married,T4,N3,IIIC,Distant,Moderately differentiated,2,65,Positive,Positive,14,14
65,0,67,White,Married,T1,N1,IIA,Regional,Moderately differentiated,2,13,Positive,Positive,10,1
81,0,45,White,Married,T1,N1,IIA,Regional,Moderately differentiated,2,20,Positive,Positive,1,1
81,0,65,Other,Divorced,T2,N2,IIIA,Regional,Poorly differentiated,3,29,Positive,Positive,11,4
92,0,53,White,Married,T1,N1,IIA,Regional,Well differentiated,1,10,Positive,Positive,21,1
53,0,67,White,Married,T3,N1,IIIA,Regional,Moderately differentiated,2,62,Positive,Positive,13,3
91,0,43,Other,Married,T2,N1,IIB,Regional,Moderately differentiated,2,50,Positive,Negative,18,1
49,0,47,Other,Married,T2,N1,IIB,Regional,Moderately differentiated,2,29,Positive,Positive,23,2
61,0,48,White,Married,T1,N1,IIA,Regional,Moderately differentiated,2,15,Positive,Positive,30,3
74,0,62,White,Separated,T1,N3,IIIC,Regional,Poorly differentiated,3,15,Positive,Positive,46,14
48,0,68,White,Married,T2,N2,IIIA,Regional,Well differentiated,1,42,Positive,Positive,25,5
37,1,57,Black,Divorced,T3,N3,IIIC,Regional,Poorly differentiated,3,130,Negative,Positive,10,10
75,0,40,White,Married,T2,N1,IIB,Regional,Moderately differentiated,2,21,Positive,Positive,22,3
57,0,56,White,Married,T3,N1,IIIA,Regional,Moderately differentiated,2,51,Positive,Negative,10,4
81,0,52,White,Married,T2,N1,IIB,Regional,Moderately differentiated,2,30,Positive,Positive,4,1
56,0,40,White,Married,T2,N1,IIB,Regional,Moderately differentiated,2,35,Positive,Positive,19,3
73,0,51,White,Single ,T2,N1,IIB,Regional,Moderately differentiated,2,31,Positive,Negative,4,2
53,0,67,White,Married,T1,N2,IIIA,Regional,Moderately differentiated,2,14,Positive,Positive,15,5
68,0,54,White,Married,T1,N2,IIIA,Regional,Well differentiated,1,15,Positive,Positive,14,6
94,1,56,White,Married,T3,N3,IIIC,Regional,Moderately differentiated,2,60,Positive,Positive,27,17
88,0,48,White,Married,T1,N1,IIA,Regional,Poorly differentiated,3,20,Positive,Positive,12,1
79,0,57,White,Married,T2,N1,IIB,Regional,Moderately differentiated,2,22,Positive,Positive,4,1
63,0,47,White,Single ,T3,N1,IIIA,Regional,Moderately differentiated,2,80,Positive,Positive,14,1
74,0,54,White,Married,T1,N1,IIA,Regional,Moderately differentiated,2,15,Positive,Positive,14,3
57,0,41,White,Married,T3,N3,IIIC,Regional,Moderately differentiated,2,100,Positive,Negative,28,23
53,0,65,White,Widowed,T2,N1,IIB,Regional,Moderately differentiated,2,30,Positive,Positive,12,1
104,0,58,Black,Divorced,T1,N1,IIA,Regional,Well differentiated,1,8,Positive,Positive,18,1
57,0,38,White,Divorced,T1,N1,IIA,Regional,Moderately differentiated,2,15,Positive,Positive,15,1
63,0,38,White,Married,T3,N1,IIIA,Regional,Poorly differentiated,3,80,Positive,Positive,8,3
90,0,60,White,Divorced,T2,N2,IIIA,Regional,Moderately differentiated,2,30,Negative,Negative,19,7
73,0,58,White,Married,T2,N1,IIB,Regional,Well differentiated,1,25,Positive,Positive,16,1
94,0,63,White,Married,T2,N2,IIIA,Regional,Moderately differentiated,2,24,Positive,Positive,15,6
98,0,53,White,Single ,T2,N2,IIIA,Regional,Poorly differentiated,3,35,Positive,Positive,14,4
74,0,43,White,Single ,T1,N1,IIA,Regional,Well differentiated,1,12,Positive,Positive,1,1
89,0,60,Black,Married,T4,N1,IIIB,Regional,Poorly differentiated,3,45,Positive,Positive,9,1
89,0,60,White,Married,T2,N2,IIIA,Regional,Well differentiated,1,25,Positive,Positive,10,9
100,0,47,White,Married,T2,N1,IIB,Regional,Poorly differentiated,3,35,Positive,Positive,24,1
16,1,48,Black,Married,T2,N3,IIIC,Distant,Poorly differentiated,3,28,Negative,Negative,19,2
107,0,59,White,Married,T1,N1,IIA,Regional,Moderately differentiated,2,17,Positive,Positive,6,3
70,0,56,White,Married,T1,N1,IIA,Regional,Moderately differentiated,2,15,Positive,Negative,19,1
68,0,53,White,Widowed,T2,N1,IIB,Regional,Well differentiated,1,32,Positive,Positive,13,1
81,0,48,White,Married,T1,N1,IIA,Regional,Moderately differentiated,2,15,Positive,Positive,11,2
67,0,52,White,Single ,T3,N1,IIIA,Regional,Moderately differentiated,2,60,Positive,Positive,4,1
67,0,61,White,Single ,T3,N1,IIIA,Regional,Moderately differentiated,2,90,Positive,Positive,13,2
97,0,66,White,Divorced,T1,N1,IIA,Regional,Moderately differentiated,2,11,Positive,Positive,19,3
60,0,45,White,Married,T2,N1,IIB,Regional,Moderately differentiated,2,37,Positive,Positive,13,4
86,0,52,White,Married,T2,N1,IIB,Regional,Moderately differentiated,2,21,Positive,Positive,12,3
75,0,67,White,Single ,T1,N2,IIIA,Regional,Poorly differentiated,3,2,Positive,Positive,19,9
59,0,40,White,Widowed,T3,N1,IIIA,Regional,Poorly differentiated,3,70,Positive,Positive,17,1
87,0,50,White,Married,T1,N1,IIA,Regional,Moderately differentiated,2,8,Positive,Positive,9,1
75,0,65,White,Married,T2,N2,IIIA,Regional,Poorly differentiated,3,22,Positive,Positive,23,5
72,0,55,White,Married,T2,N2,IIIA,Regional,Moderately differentiated,2,40,Positive,Positive,12,12
102,0,47,White,Single ,T1,N1,IIA,Regional,Well differentiated,1,13,Positive,Positive,5,1
101,0,49,Other,Married,T2,N1,IIB,Regional,Moderately differentiated,2,32,Positive,Positive,16,2
68,0,53,White,Single ,T1,N2,IIIA,Regional,Poorly differentiated,3,5,Positive,Positive,29,9
80,0,53,White,Divorced,T1,N1,IIA,Regional,Poorly differentiated,3,18,Positive,Positive,17,2
104,0,44,White,Married,T3,N2,IIIA,Regional,Moderately differentiated,2,52,Positive,Positive,24,4
61,0,54,White,Divorced,T2,N2,IIIA,Regional,Well differentiated,1,31,Positive,Positive,16,4
41,0,51,White,Married,T1,N1,IIA,Regional,Moderately differentiated,2,14,Positive,Positive,6,1
100,0,46,Other,Married,T1,N1,IIA,Regional,Poorly differentiated,3,7,Negative,Negative,7,1
105,0,47,White,Married,T1,N1,IIA,Regional,Poorly differentiated,3,12,Positive,Positive,1,1
57,0,68,White,Married,T2,N1,IIB,Regional,Poorly differentiated,3,21,Positive,Positive,18,1
59,0,50,White,Married,T1,N1,IIA,Regional,Poorly differentiated,3,20,Positive,Positive,23,2
54,1,67,White,Divorced,T2,N1,IIB,Regional,Moderately differentiated,2,26,Positive,Positive,5,2
76,0,47,White,Married,T1,N1,IIA,Regional,Well differentiated,1,16,Positive,Positive,3,1
82,0,68,Other,Married,T1,N1,IIA,Regional,Well differentiated,1,15,Positive,Positive,20,1
53,0,55,White,Married,T2,N1,IIB,Regional,Poorly differentiated,3,25,Positive,Positive,10,2
102,0,47,White,Married,T1,N1,IIA,Regional,Poorly differentiated,3,20,Positive,Positive,23,1
47,1,56,White,Married,T3,N1,IIIA,Regional,Moderately differentiated,2,80,Negative,Negative,24,3
100,1,51,White,Married,T2,N1,IIB,Regional,Moderately differentiated,2,30,Positive,Positive,2,2
107,0,41,White,Divorced,T1,N1,IIA,Regional,Poorly differentiated,3,16,Positive,Positive,11,2
73,0,67,White,Married,T1,N2,IIIA,Regional,Poorly differentiated,3,20,Positive,Positive,16,4
91,0,58,Black,Married,T1,N2,IIIA,Regional,Well differentiated,1,17,Positive,Positive,19,7
92,0,67,White,Married,T3,N2,IIIA,Regional,Moderately differentiated,2,100,Positive,Positive,25,8
107,0,63,White,Married,T2,N1,IIB,Regional,Poorly differentiated,3,41,Positive,Negative,14,4
85,1,69,White,Married,T1,N2,IIIA,Regional,Poorly differentiated,3,16,Positive,Positive,12,6
89,0,59,White,Married,T2,N3,IIIC,Regional,Moderately differentiated,2,25,Positive,Negative,30,11
71,1,44,White,Married,T4,N3,IIIC,Distant,Moderately differentiated,2,108,Positive,Positive,16,14
102,0,65,White,Married,T1,N1,IIA,Regional,Moderately differentiated,2,12,Positive,Positive,2,1
49,0,48,Black,Widowed,T2,N2,IIIA,Regional,Well differentiated,1,38,Positive,Positive,24,4
59,0,39,White,Married,T2,N3,IIIC,Regional,Moderately differentiated,2,24,Positive,Positive,26,13
90,0,55,White,Married,T2,N3,IIIC,Regional,Poorly differentiated,3,45,Negative,Negative,14,13
57,0,50,White,Divorced,T3,N1,IIIA,Regional,Moderately differentiated,2,98,Positive,Positive,14,12
85,0,39,White,Single ,T2,N1,IIB,Regional,Moderately differentiated,2,25,Positive,Positive,16,3
86,0,49,White,Married,T2,N1,IIB,Regional,Poorly differentiated,3,30,Positive,Positive,18,1
100,1,58,White,Married,T3,N2,IIIA,Regional,Moderately differentiated,2,90,Positive,Positive,15,9
53,0,34,White,Married,T2,N1,IIB,Regional,Poorly differentiated,3,27,Positive,Positive,5,2
54,0,49,Other,Married,T2,N2,IIIA,Regional,Moderately differentiated,2,47,Positive,Negative,6,4
101,0,52,White,Single ,T2,N2,IIIA,Regional,Moderately differentiated,2,30,Positive,Negative,17,4
98,0,62,White,Single ,T2,N2,IIIA,Regional,Moderately differentiated,2,25,Positive,Positive,11,6
104,0,55,White,Married,T1,N1,IIA,Regional,Poorly differentiated,3,17,Positive,Positive,22,1
54,0,57,White,Single ,T2,N1,IIB,Regional,Moderately differentiated,2,22,Positive,Negative,3,1
91,0,40,White,Married,T1,N1,IIA,Regional,Poorly differentiated,3,18,Positive,Positive,16,1
107,0,52,White,Married,T1,N1,IIA,Regional,Moderately differentiated,2,18,Positive,Positive,10,3
76,0,63,White,Married,T2,N1,IIB,Regional,Moderately differentiated,2,25,Positive,Positive,14,2
66,0,57,White,Married,T2,N1,IIB,Regional,Moderately differentiated,2,27,Negative,Negative,7,1
76,0,40,White,Divorced,T2,N3,IIIC,Regional,Poorly differentiated,3,25,Positive,Positive,20,17
83,0,55,White,Married,T3,N1,IIIA,Regional,Moderately differentiated,2,70,Positive,Positive,14,12
57,0,42,White,Married,T3,N1,IIIA,Regional,Poorly differentiated,3,65,Positive,Positive,21,2
102,0,52,White,Married,T2,N2,IIIA,Regional,Moderately differentiated,2,22,Positive,Positive,18,9
17,1,39,White,Married,T2,N3,IIIC,Regional,Poorly differentiated,3,45,Negative,Negative,40,13
93,0,53,White,Single ,T1,N1,IIA,Regional,Moderately differentiated,2,20,Positive,Positive,20,1
87,0,47,Black,Single ,T4,N2,IIIB,Regional,Moderately differentiated,2,65,Positive,Positive,14,4
102,0,37,White,Single ,T1,N1,IIA,Regional,Well differentiated,1,17,Positive,Negative,6,1
58,0,63,Other,Single ,T1,N2,IIIA,Regional,Poorly differentiated,3,15,Negative,Negative,18,8
51,0,62,Black,Married,T1,N1,IIA,Regional,Moderately differentiated,2,15,Positive,Positive,8,1
82,0,50,White,Single ,T1,N1,IIA,Regional,Moderately differentiated,2,19,Positive,Positive,31,2
79,0,56,White,Married,T3,N1,IIIA,Regional,Well differentiated,1,90,Positive,Positive,13,1
56,0,56,White,Widowed,T1,N1,IIA,Regional,Moderately differentiated,2,10,Positive,Positive,14,1
51,0,52,White,Married,T4,N1,IIIB,Regional,Moderately differentiated,2,40,Positive,Positive,7,3
66,0,38,White,Divorced,T2,N1,IIB,Regional,Poorly differentiated,3,31,Positive,Positive,13,1
100,0,57,White,Single ,T2,N1,IIB,Regional,Moderately differentiated,2,30,Positive,Positive,20,2
92,0,56,Other,Single ,T2,N1,IIB,Regional,Moderately differentiated,2,26,Positive,Negative,12,2
104,0,42,White,Single ,T2,N1,IIB,Regional,Poorly differentiated,3,25,Positive,Positive,9,2
91,0,54,Other,Married,T1,N1,IIA,Regional,Moderately differentiated,2,11,Positive,Positive,1,1
81,0,69,White,Divorced,T2,N1,IIB,Regional,Moderately differentiated,2,22,Positive,Positive,9,1
75,0,62,White,Married,T3,N1,IIIA,Regional,Poorly differentiated,3,59,Positive,Positive,7,2
85,0,63,White,Married,T2,N1,IIB,Regional,Moderately differentiated,2,23,Positive,Positive,19,1
78,0,46,White,Married,T2,N1,IIB,Regional,Moderately differentiated,2,25,Positive,Positive,3,1
45,1,47,White,Divorced,T1,N1,IIA,Regional,Poorly differentiated,3,18,Positive,Positive,9,1
3,0,55,White,Married,T1,N1,IIA,Regional,Moderately differentiated,2,15,Positive,Positive,9,1
64,0,40,White,Married,T2,N1,IIB,Regional,Well differentiated,1,30,Positive,Positive,2,1
99,0,47,White,Married,T2,N1,IIB,Regional,Poorly differentiated,3,25,Positive,Positive,7,2
55,0,52,White,Single ,T2,N1,IIB,Regional,Moderately differentiated,2,27,Positive,Positive,20,2
80,0,65,White,Married,T2,N1,IIB,Regional,Well differentiated,1,25,Positive,Positive,39,1
82,0,63,White,Married,T2,N1,IIB,Regional,Moderately differentiated,2,24,Positive,Positive,7,1
96,0,57,White,Single ,T2,N1,IIB,Regional,Poorly differentiated,3,24,Positive,Positive,27,1
51,0,45,White,Single ,T1,N2,IIIA,Regional,Poorly differentiated,3,20,Negative,Negative,17,5
106,0,62,White,Single ,T1,N1,IIA,Regional,Moderately differentiated,2,10,Positive,Positive,10,1
22,0,54,White,Married,T1,N1,IIA,Regional,Well differentiated,1,7,Positive,Positive,8,2
83,0,65,White,Married,T2,N1,IIB,Regional,Moderately differentiated,2,42,Positive,Positive,8,2
86,0,64,White,Married,T3,N1,IIIA,Regional,Moderately differentiated,2,54,Positive,Positive,14,1
99,0,47,White,Married,T3,N1,IIIA,Regional,Well differentiated,1,75,Positive,Positive,20,1
106,0,63,White,Married,T1,N3,IIIC,Regional,Moderately differentiated,2,15,Positive,Positive,11,11
45,1,66,White,Married,T2,N1,IIB,Regional,Poorly differentiated,3,22,Positive,Negative,10,2
99,0,69,White,Married,T1,N1,IIA,Regional,Moderately differentiated,2,20,Positive,Positive,10,1
84,0,48,White,Married,T3,N2,IIIA,Regional,Moderately differentiated,2,65,Positive,Positive,11,5
86,0,60,White,Widowed,T4,N3,IIIC,Regional,Poorly differentiated,3,61,Positive,Positive,25,14
87,0,61,White,Married,T2,N1,IIB,Regional,Moderately differentiated,2,27,Positive,Positive,1,1
92,0,61,White,Married,T1,N1,IIA,Regional,Well differentiated,1,16,Positive,Positive,9,1
49,0,43,White,Married,T2,N1,IIB,Regional,Moderately differentiated,2,35,Positive,Positive,15,1
30,1,49,White,Married,T3,N3,IIIC,Regional,Poorly differentiated,3,55,Negative,Negative,19,13
56,0,63,White,Married,T1,N1,IIA,Regional,Moderately differentiated,2,17,Positive,Positive,9,1
98,0,61,White,Married,T1,N1,IIA,Regional,Moderately differentiated,2,8,Positive,Positive,2,1
97,0,61,White,Married,T2,N1,IIB,Regional,Moderately differentiated,2,25,Positive,Positive,25,3
106,0,69,White,Divorced,T1,N1,IIA,Regional,Moderately differentiated,2,10,Positive,Positive,5,1
100,0,66,White,Divorced,T2,N1,IIB,Regional,Moderately differentiated,2,26,Positive,Positive,21,2
75,1,39,White,Widowed,T3,N3,IIIC,Regional,Moderately differentiated,2,120,Positive,Positive,17,17
90,0,52,White,Married,T1,N1,IIA,Regional,Poorly differentiated,3,7,Positive,Negative,10,2
74,0,49,White,Married,T1,N1,IIA,Regional,Moderately differentiated,2,18,Positive,Positive,29,2
66,0,55,White,Married,T2,N3,IIIC,Regional,Poorly differentiated,3,30,Positive,Negative,20,5
6,1,62,White,Married,T3,N1,IIIA,Regional,Moderately differentiated,2,70,Positive,Negative,3,3
75,0,42,White,Separated,T1,N1,IIA,Regional,Moderately differentiated,2,20,Positive,Positive,26,3
107,0,50,White,Divorced,T3,N1,IIIA,Regional,Well differentiated,1,80,Positive,Positive,6,1
63,0,52,White,Married,T2,N1,IIB,Regional,Moderately differentiated,2,30,Positive,Positive,11,1
68,0,38,White,Single ,T2,N2,IIIA,Regional,Poorly differentiated,3,45,Negative,Positive,14,6
55,0,39,White,Married,T2,N1,IIB,Regional,Well differentiated,1,25,Positive,Positive,2,2
73,0,57,White,Married,T1,N1,IIA,Regional,Moderately differentiated,2,6,Positive,Positive,2,1
60,0,62,White,Married,T2,N1,IIB,Regional,Moderately differentiated,2,21,Positive,Positive,17,1
100,0,55,Other,Divorced,T1,N1,IIA,Regional,Moderately differentiated,2,11,Positive,Positive,9,1
90,0,47,White,Married,T1,N1,IIA,Regional,Poorly differentiated,3,18,Positive,Positive,14,1
15,1,68,White,Married,T2,N3,IIIC,Regional,Poorly differentiated,3,40,Negative,Negative,19,19
95,0,50,White,Married,T1,N1,IIA,Regional,Moderately differentiated,2,20,Positive,Positive,20,1
32,1,42,White,Married,T1,N3,IIIC,Regional,Moderately differentiated,2,12,Positive,Positive,16,11
103,0,46,White,Divorced,T1,N1,IIA,Regional,Moderately differentiated,2,16,Positive,Positive,13,1
99,0,42,White,Married,T1,N1,IIA,Regional,Moderately differentiated,2,10,Positive,Positive,10,1
102,0,46,White,Married,T1,N1,IIA,Regional,Moderately differentiated,2,20,Positive,Positive,6,2
103,0,50,White,Single ,T1,N1,IIA,Regional,Moderately differentiated,2,20,Positive,Positive,18,2
88,0,62,White,Married,T2,N1,IIB,Regional,Poorly differentiated,3,25,Positive,Positive,18,1
58,0,58,White,Married,T1,N1,IIA,Regional,Moderately differentiated,2,17,Positive,Negative,11,3
61,0,53,White,Married,T2,N1,IIB,Regional,Moderately differentiated,2,22,Positive,Positive,7,3
101,0,46,White,Married,T1,N1,IIA,Regional,Poorly differentiated,3,20,Positive,Positive,11,3
101,0,38,White,Single ,T1,N1,IIA,Regional,Moderately differentiated,2,20,Positive,Positive,3,1
9,0,40,White,Married,T2,N1,IIB,Regional,Moderately differentiated,2,30,Positive,Positive,4,2
68,0,60,White,Married,T1,N1,IIA,Regional,Moderately differentiated,2,13,Positive,Negative,12,1
87,0,63,White,Single ,T1,N1,IIA,Regional,Moderately differentiated,2,15,Positive,Positive,12,1
93,0,49,Black,Divorced,T2,N1,IIB,Regional,Moderately differentiated,2,36,Positive,Positive,9,1
61,0,57,White,Married,T1,N1,IIA,Regional,Well differentiated,1,8,Positive,Positive,3,1
95,0,48,Other,Married,T1,N1,IIA,Regional,Moderately differentiated,2,10,Positive,Positive,4,1
80,0,46,White,Married,T2,N2,IIIA,Regional,Poorly differentiated,3,35,Positive,Positive,16,8
13,1,61,White,Married,T3,N1,IIIA,Regional,Moderately differentiated,2,70,Positive,Positive,7,1
52,0,61,Other,Married,T2,N2,IIIA,Regional,Moderately differentiated,2,35,Positive,Positive,32,6
54,0,53,White,Single ,T3,N1,IIIA,Regional,Well differentiated,1,74,Positive,Negative,9,3
56,0,53,White,Married,T1,N1,IIA,Regional,Well differentiated,1,16,Positive,Positive,28,3
97,0,42,Other,Married,T3,N2,IIIA,Regional,Well differentiated,1,70,Positive,Positive,9,4
66,0,57,Other,Married,T2,N2,IIIA,Regional,Well differentiated,1,21,Positive,Positive,17,6
98,0,56,White,Married,T3,N1,IIIA,Regional,Poorly differentiated,3,100,Positive,Negative,18,8
54,0,48,White,Married,T3,N1,IIIA,Regional,Moderately differentiated,2,70,Positive,Positive,6,6
9,1,59,White,Divorced,T1,N3,IIIC,Regional,Poorly differentiated,3,12,Positive,Positive,25,24
73,0,57,White,Married,T3,N2,IIIA,Regional,Moderately differentiated,2,80,Positive,Negative,16,5
48,1,56,White,Divorced,T2,N1,IIB,Regional,Well differentiated,1,25,Positive,Positive,1,1
81,0,64,White,Married,T1,N1,IIA,Regional,Moderately differentiated,2,19,Positive,Positive,23,1
69,1,50,White,Single ,T2,N2,IIIA,Regional,Moderately differentiated,2,25,Positive,Positive,9,7
84,0,40,White,Married,T1,N1,IIA,Regional,Moderately differentiated,2,16,Positive,Positive,18,1
89,0,40,White,Married,T3,N1,IIIA,Regional,Moderately differentiated,2,60,Negative,Negative,17,1
97,0,52,White,Widowed,T1,N1,IIA,Regional,Poorly differentiated,3,15,Positive,Positive,18,6
79,0,59,White,Divorced,T1,N2,IIIA,Regional,Moderately differentiated,2,20,Positive,Positive,51,4
100,0,53,White,Married,T1,N1,IIA,Regional,Well differentiated,1,9,Positive,Positive,15,1
67,0,54,White,Married,T1,N1,IIA,Regional,Poorly differentiated,3,16,Positive,Negative,7,3
52,1,61,White,Married,T3,N2,IIIA,Regional,Poorly differentiated,3,60,Positive,Negative,10,6
70,0,48,White,Married,T1,N1,IIA,Regional,Moderately differentiated,2,15,Positive,Positive,18,2
95,0,41,Black,Divorced,T1,N1,IIA,Regional,Well differentiated,1,12,Positive,Positive,23,2
87,0,57,White,Married,T1,N1,IIA,Regional,Moderately differentiated,2,17,Positive,Positive,23,1
53,0,40,White,Divorced,T2,N1,IIB,Regional,Moderately differentiated,2,25,Positive,Positive,16,1
51,0,63,White,Married,T1,N3,IIIC,Distant,Moderately differentiated,2,18,Positive,Positive,19,19
83,0,62,Black,Single ,T1,N1,IIA,Regional,Well differentiated,1,15,Positive,Positive,20,2
60,0,62,White,Divorced,T2,N2,IIIA,Regional,Well differentiated,1,45,Positive,Positive,24,5
63,0,42,White,Married,T3,N2,IIIA,Regional,Poorly differentiated,3,70,Positive,Positive,15,7
106,0,47,White,Married,T1,N1,IIA,Regional,Poorly differentiated,3,10,Positive,Negative,5,1
107,0,53,White,Divorced,T1,N1,IIA,Regional,Moderately differentiated,2,9,Negative,Negative,4,2
95,0,64,White,Married,T1,N1,IIA,Regional,Poorly differentiated,3,12,Positive,Positive,22,2
58,0,51,Other,Married,T1,N2,IIIA,Regional,Poorly differentiated,3,15,Positive,Negative,12,7
94,0,56,White,Married,T1,N1,IIA,Regional,Well differentiated,1,18,Positive,Negative,9,1
52,1,50,White,Married,T1,N1,IIA,Regional,Moderately differentiated,2,12,Positive,Positive,15,3
97,0,66,White,Married,T1,N1,IIA,Regional,Moderately differentiated,2,16,Positive,Positive,12,2
86,0,56,White,Married,T1,N1,IIA,Regional,Moderately differentiated,2,15,Positive,Positive,14,1
91,0,46,White,Married,T2,N1,IIB,Regional,Poorly differentiated,3,30,Positive,Positive,17,3
49,1,66,White,Married,T1,N1,IIA,Regional,Moderately differentiated,2,20,Positive,Negative,9,2
69,0,57,White,Married,T2,N1,IIB,Regional,Moderately differentiated,2,21,Positive,Positive,13,2
100,0,55,Black,Married,T1,N1,IIA,Regional,Well differentiated,1,10,Positive,Positive,13,2
9,0,32,White,Married,T2,N1,IIB,Regional,Moderately differentiated,2,35,Positive,Negative,15,3
86,0,58,White,Separated,T2,N1,IIB,Regional,Moderately differentiated,2,22,Positive,Positive,13,2
90,0,63,White,Married,T2,N3,IIIC,Regional,Moderately differentiated,2,33,Positive,Positive,28,13
76,0,48,White,Single ,T4,N3,IIIC,Distant,Poorly differentiated,3,60,Positive,Negative,14,1
61,0,64,White,Married,T1,N2,IIIA,Regional,Poorly differentiated,3,13,Positive,Positive,13,5
69,0,44,White,Married,T2,N1,IIB,Regional,Moderately differentiated,2,21,Positive,Positive,13,1
5,1,57,White,Married,T1,N1,IIA,Regional,Moderately differentiated,2,13,Positive,Positive,11,1
80,0,61,White,Divorced,T2,N3,IIIC,Distant,Moderately differentiated,2,39,Positive,Positive,33,12
40,1,52,White,Married,T2,N3,IIIC,Distant,Moderately differentiated,2,29,Positive,Positive,29,28
53,1,45,White,Single ,T2,N3,IIIC,Distant,Moderately differentiated,2,35,Positive,Positive,21,20
92,0,52,White,Married,T1,N1,IIA,Regional,Moderately differentiated,2,18,Positive,Positive,1,1
39,1,67,White,Married,T3,N3,IIIC,Regional,Moderately differentiated,2,100,Positive,Negative,17,17
80,0,45,White,Married,T3,N1,IIIA,Regional,Moderately differentiated,2,130,Positive,Positive,44,3
54,0,63,White,Married,T2,N1,IIB,Regional,Moderately differentiated,2,21,Positive,Positive,2,1
98,0,56,White,Married,T2,N3,IIIC,Regional,Moderately differentiated,2,26,Positive,Positive,16,14
87,0,46,White,Married,T2,N1,IIB,Regional,Moderately differentiated,2,50,Positive,Positive,3,1
10,0,53,White,Married,T1,N3,IIIC,Regional,Well differentiated,1,8,Positive,Positive,38,28
80,0,62,White,Single ,T1,N1,IIA,Regional,Well differentiated,1,16,Positive,Positive,14,1
49,0,47,White,Married,T1,N3,IIIC,Distant,Moderately differentiated,2,16,Positive,Positive,18,4
56,0,39,White,Married,T1,N2,IIIA,Regional,Moderately differentiated,2,15,Positive,Positive,16,5
75,1,33,White,Married,T2,N1,IIB,Regional,Poorly differentiated,3,28,Positive,Positive,17,2
105,0,56,White,Married,T2,N3,IIIC,Distant,Poorly differentiated,3,23,Negative,Negative,24,24
87,0,55,White,Married,T1,N1,IIA,Regional,Moderately differentiated,2,1,Positive,Negative,18,1
53,1,69,White,Widowed,T2,N1,IIB,Regional,Moderately differentiated,2,23,Positive,Positive,7,1
61,0,58,White,Married,T2,N1,IIB,Regional,Moderately differentiated,2,21,Positive,Positive,21,1
102,0,42,White,Single ,T1,N1,IIA,Regional,Moderately differentiated,2,19,Positive,Positive,23,1
70,0,58,Other,Married,T3,N2,IIIA,Regional,Poorly differentiated,3,87,Positive,Positive,23,5
101,0,51,White,Single ,T2,N1,IIB,Regional,Moderately differentiated,2,33,Positive,Positive,13,1
69,0,64,White,Married,T1,N1,IIA,Regional,Moderately differentiated,2,15,Positive,Positive,3,1
80,0,62,Other,Divorced,T1,N1,IIA,Regional,Moderately differentiated,2,13,Positive,Positive,9,3
93,0,52,White,Divorced,T1,N3,IIIC,Regional,Moderately differentiated,2,15,Positive,Positive,33,29
98,0,43,Other,Married,T2,N1,IIB,Regional,Moderately differentiated,2,25,Positive,Positive,5,1
59,1,65,White,Single ,T3,N2,IIIA,Regional,Poorly differentiated,3,60,Positive,Positive,15,5
53,0,59,White,Married,T2,N2,IIIA,Regional,Well differentiated,1,30,Positive,Positive,16,4
63,1,62,White,Divorced,T1,N3,IIIC,Regional,Moderately differentiated,2,18,Positive,Positive,22,22
107,0,51,White,Married,T1,N2,IIIA,Regional,Moderately differentiated,2,20,Negative,Positive,20,4
49,1,57,White,Married,T3,N3,IIIC,Regional,Moderately differentiated,2,55,Positive,Negative,47,31
94,0,46,White,Married,T3,N1,IIIA,Regional,Well differentiated,1,60,Positive,Positive,15,3
60,0,40,White,Married,T1,N1,IIA,Regional,Poorly differentiated,3,11,Positive,Positive,13,2
100,0,49,White,Married,T1,N2,IIIA,Regional,Poorly differentiated,3,11,Positive,Positive,17,4
91,0,46,White,Single ,T2,N1,IIB,Regional,Poorly differentiated,3,40,Positive,Positive,14,2
66,0,40,Black,Married,T1,N1,IIA,Regional,Moderately differentiated,2,16,Positive,Positive,1,1
44,1,49,White,Divorced,T3,N2,IIIA,Regional,Poorly differentiated,3,55,Positive,Positive,22,8
60,0,61,White,Single ,T2,N2,IIIA,Regional,Moderately differentiated,2,36,Positive,Positive,9,7
50,0,56,White,Married,T1,N1,IIA,Regional,Moderately differentiated,2,16,Positive,Positive,14,2
90,0,50,White,Single ,T2,N2,IIIA,Regional,Poorly differentiated,3,25,Positive,Positive,15,4
88,0,55,Black,Divorced,T2,N1,IIB,Regional,Moderately differentiated,2,30,Positive,Positive,11,5
75,0,60,White,Married,T1,N1,IIA,Regional,Moderately differentiated,2,19,Positive,Positive,19,1
74,0,34,White,Married,T2,N1,IIB,Regional,Poorly differentiated,3,30,Positive,Positive,1,1
56,0,51,White,Divorced,T3,N1,IIIA,Regional,Moderately differentiated,2,55,Positive,Positive,2,1
103,0,53,White,Married,T3,N2,IIIA,Regional,Moderately differentiated,2,80,Positive,Positive,17,5
19,1,58,White,Married,T2,N2,IIIA,Regional,Poorly differentiated,3,50,Negative,Negative,14,4
25,1,61,White,Married,T1,N1,IIA,Regional,Well differentiated,1,14,Positive,Positive,9,2
93,0,48,White,Married,T1,N1,IIA,Regional,Well differentiated,1,10,Positive,Positive,27,2
60,0,63,White,Divorced,T2,N3,IIIC,Regional,Well differentiated,1,30,Positive,Positive,18,10
76,0,56,White,Married,T3,N3,IIIC,Regional,Poorly differentiated,3,60,Positive,Positive,24,13
87,0,66,Other,Divorced,T2,N1,IIB,Regional,Moderately differentiated,2,24,Positive,Positive,16,2
69,0,64,White,Single ,T2,N1,IIB,Regional,Well differentiated,1,32,Positive,Positive,25,1
60,1,49,White,Married,T2,N3,IIIC,Distant,Poorly differentiated,3,42,Positive,Positive,9,9
95,0,56,White,Married,T2,N2,IIIA,Regional,Poorly differentiated,3,35,Positive,Positive,26,5
100,0,67,White,Married,T2,N3,IIIC,Regional,Moderately differentiated,2,26,Positive,Positive,31,26
81,0,42,Other,Single ,T2,N2,IIIA,Regional,Poorly differentiated,3,30,Positive,Positive,14,7
104,0,47,White,Single ,T2,N1,IIB,Regional,Moderately differentiated,2,31,Positive,Positive,16,1
52,0,60,White,Married,T1,N1,IIA,Regional,Moderately differentiated,2,11,Positive,Positive,14,1
67,0,43,White,Divorced,T2,N1,IIB,Regional,Moderately differentiated,2,26,Positive,Positive,14,2
87,0,42,White,Married,T1,N1,IIA,Regional,Poorly differentiated,3,18,Positive,Positive,5,1
34,1,60,White,Divorced,T4,N3,IIIC,Regional,Moderately differentiated,2,43,Positive,Positive,13,10
18,1,52,Black,Single ,T1,N1,IIA,Regional,Moderately differentiated,2,20,Positive,Positive,14,1
55,0,63,White,Divorced,T2,N1,IIB,Regional,Poorly differentiated,3,35,Positive,Positive,19,3
50,0,60,White,Married,T1,N1,IIA,Regional,Poorly differentiated,3,13,Positive,Positive,11,2
66,0,61,White,Married,T1,N1,IIA,Regional,Moderately differentiated,2,14,Positive,Positive,29,1
107,0,58,White,Married,T4,N2,IIIB,Regional,Moderately differentiated,2,81,Positive,Positive,19,6
107,0,52,White,Married,T1,N1,IIA,Regional,Well differentiated,1,10,Positive,Positive,19,1
85,0,64,White,Married,T1,N1,IIA,Regional,Well differentiated,1,10,Positive,Positive,11,1
34,1,68,White,Married,T1,N3,IIIC,Regional,Poorly differentiated,3,20,Positive,Negative,10,10
64,0,47,White,Married,T2,N1,IIB,Regional,Moderately differentiated,2,30,Positive,Positive,12,1
96,0,51,White,Married,T2,N1,IIB,Regional,Moderately differentiated,2,22,Positive,Positive,29,3
98,0,53,White,Divorced,T1,N1,IIA,Regional,Poorly differentiated,3,20,Positive,Positive,4,1
52,0,63,White,Married,T2,N2,IIIA,Regional,Moderately differentiated,2,28,Positive,Positive,15,4
76,1,50,Black,Single ,T3,N3,IIIC,Regional,Moderately differentiated,2,80,Positive,Positive,19,15
76,0,45,White,Married,T2,N1,IIB,Regional,Poorly differentiated,3,37,Positive,Positive,13,2
62,0,68,White,Married,T2,N2,IIIA,Regional,Poorly differentiated,3,35,Positive,Positive,10,9
64,0,46,Black,Married,T1,N1,IIA,Regional,Poorly differentiated,3,12,Positive,Positive,4,1
54,0,54,Other,Married,T1,N1,IIA,Regional,Moderately differentiated,2,19,Positive,Positive,13,2
89,0,65,White,Married,T1,N2,IIIA,Regional,Moderately differentiated,2,20,Positive,Positive,15,5
90,0,51,White,Married,T2,N1,IIB,Regional,Moderately differentiated,2,22,Positive,Positive,18,2
61,0,45,Black,Single ,T1,N1,IIA,Regional,Moderately differentiated,2,14,Positive,Positive,3,1
52,0,45,White,Married,T2,N2,IIIA,Regional,Poorly differentiated,3,32,Positive,Positive,16,4
81,0,57,White,Widowed,T3,N3,IIIC,Regional,Moderately differentiated,2,80,Positive,Positive,40,15
69,0,35,White,Married,T2,N2,IIIA,Regional,Poorly differentiated,3,21,Positive,Positive,27,5
93,0,54,White,Single ,T2,N1,IIB,Regional,Poorly differentiated,3,25,Negative,Negative,22,1
62,0,68,White,Married,T2,N1,IIB,Regional,Well differentiated,1,21,Positive,Positive,7,3
103,0,58,White,Widowed,T1,N1,IIA,Regional,Moderately differentiated,2,15,Positive,Positive,16,2
37,1,48,White,Divorced,T2,N3,IIIC,Regional,Moderately differentiated,2,28,Positive,Positive,15,11
71,0,59,White,Married,T1,N1,IIA,Regional,Moderately differentiated,2,18,Positive,Positive,10,3
100,0,47,White,Married,T2,N1,IIB,Regional,Moderately differentiated,2,27,Positive,Positive,15,1
62,0,52,Other,Single ,T2,N1,IIB,Regional,Poorly differentiated,3,30,Positive,Positive,6,1
96,0,46,White,Married,T2,N1,IIB,Regional,Moderately differentiated,2,25,Positive,Positive,17,2
74,0,34,White,Married,T2,N1,IIB,Regional,Moderately differentiated,2,35,Positive,Negative,8,3
66,0,34,White,Single ,T1,N1,IIA,Regional,Moderately differentiated,2,12,Positive,Positive,8,3
75,0,36,White,Married,T2,N1,IIB,Regional,Poorly differentiated,3,30,Positive,Negative,13,1
89,0,40,White,Single ,T2,N2,IIIA,Regional,Poorly differentiated,3,29,Positive,Positive,8,8
102,0,38,White,Married,T3,N1,IIIA,Regional,Undifferentiated, anaplastic; Grade IV,70,Positive,Positive,10,1
72,0,61,White,Married,T2,N1,IIB,Regional,Well differentiated,1,21,Positive,Positive,2,1
97,0,37,Black,Married,T3,N1,IIIA,Regional,Undifferentiated, anaplastic; Grade IV,60,Positive,Positive,5,2
103,0,60,White,Widowed,T2,N1,IIB,Regional,Moderately differentiated,2,25,Positive,Positive,11,1
88,1,38,Other,Divorced,T1,N1,IIA,Regional,Moderately differentiated,2,20,Positive,Positive,6,1
60,0,56,White,Married,T2,N1,IIB,Regional,Moderately differentiated,2,22,Positive,Positive,23,1
57,0,49,White,Single ,T1,N1,IIA,Regional,Moderately differentiated,2,12,Positive,Positive,1,1
106,0,65,White,Married,T2,N2,IIIA,Regional,Poorly differentiated,3,48,Positive,Positive,15,9
81,0,61,White,Married,T2,N1,IIB,Regional,Poorly differentiated,3,31,Negative,Positive,24,1
91,0,69,White,Married,T2,N1,IIB,Regional,Well differentiated,1,27,Positive,Negative,8,1
75,0,53,White,Married,T1,N2,IIIA,Regional,Poorly differentiated,3,18,Positive,Positive,17,8
51,0,61,Black,Married,T1,N1,IIA,Regional,Moderately differentiated,2,1,Positive,Positive,4,1
93,0,47,White,Married,T2,N2,IIIA,Regional,Moderately differentiated,2,40,Positive,Positive,15,6
84,0,62,Other,Married,T2,N1,IIB,Regional,Moderately differentiated,2,26,Positive,Positive,13,1
96,0,62,White,Married,T3,N1,IIIA,Regional,Moderately differentiated,2,80,Positive,Positive,26,2
5,1,41,Black,Single ,T1,N1,IIA,Regional,Moderately differentiated,2,20,Negative,Negative,2,2
62,0,41,White,Married,T2,N1,IIB,Regional,Moderately differentiated,2,27,Positive,Positive,18,1
50,1,48,White,Married,T1,N3,IIIC,Regional,Poorly differentiated,3,20,Negative,Negative,54,46
79,0,48,White,Married,T2,N1,IIB,Regional,Moderately differentiated,2,30,Positive,Positive,28,1
93,0,54,White,Single ,T2,N1,IIB,Regional,Moderately differentiated,2,25,Positive,Positive,2,2
88,0,63,White,Married,T2,N1,IIB,Regional,Moderately differentiated,2,22,Positive,Positive,6,1
55,0,44,White,Married,T3,N1,IIIA,Regional,Poorly differentiated,3,63,Positive,Positive,1,1
104,0,51,White,Married,T1,N1,IIA,Regional,Moderately differentiated,2,10,Positive,Positive,2,1
85,0,55,White,Married,T1,N1,IIA,Regional,Moderately differentiated,2,10,Positive,Positive,2,1
78,0,49,White,Single ,T2,N2,IIIA,Regional,Well differentiated,1,40,Positive,Positive,13,4
35,1,64,White,Married,T1,N1,IIA,Regional,Moderately differentiated,2,10,Positive,Positive,5,3
94,0,63,White,Married,T2,N1,IIB,Regional,Poorly differentiated,3,40,Positive,Positive,14,1
59,0,46,White,Married,T1,N2,IIIA,Regional,Well differentiated,1,20,Positive,Positive,27,9
104,0,46,White,Divorced,T2,N3,IIIC,Regional,Moderately differentiated,2,30,Positive,Positive,28,19
75,0,61,White,Married,T1,N1,IIA,Regional,Well differentiated,1,6,Positive,Positive,11,2
27,0,52,White,Married,T2,N1,IIB,Regional,Moderately differentiated,2,22,Negative,Negative,18,2
98,0,62,White,Married,T2,N1,IIB,Regional,Moderately differentiated,2,22,Positive,Positive,17,3
68,0,52,White,Married,T1,N1,IIA,Regional,Moderately differentiated,2,15,Positive,Positive,12,2
36,1,39,White,Married,T2,N2,IIIA,Regional,Poorly differentiated,3,40,Negative,Negative,31,7
53,0,36,White,Single ,T2,N1,IIB,Regional,Well differentiated,1,45,Positive,Positive,2,1
79,0,64,White,Married,T1,N1,IIA,Regional,Well differentiated,1,13,Positive,Positive,24,1
83,0,55,White,Married,T2,N1,IIB,Regional,Moderately differentiated,2,25,Positive,Positive,3,3
89,0,65,White,Married,T1,N1,IIA,Regional,Moderately differentiated,2,11,Positive,Positive,7,2
64,0,45,Other,Separated,T3,N1,IIIA,Regional,Poorly differentiated,3,58,Negative,Negative,26,2
89,0,68,White,Married,T2,N1,IIB,Regional,Well differentiated,1,30,Positive,Positive,3,1
67,1,57,White,Married,T2,N3,IIIC,Regional,Poorly differentiated,3,23,Positive,Positive,28,22
102,0,44,White,Married,T1,N1,IIA,Regional,Moderately differentiated,2,9,Positive,Positive,24,2
76,0,51,White,Married,T2,N3,IIIC,Regional,Poorly differentiated,3,32,Positive,Positive,11,10
42,1,50,White,Married,T2,N3,IIIC,Regional,Poorly differentiated,3,35,Negative,Negative,21,16
101,0,52,White,Divorced,T1,N1,IIA,Regional,Moderately differentiated,2,15,Positive,Positive,14,1
54,0,53,White,Divorced,T1,N1,IIA,Regional,Poorly differentiated,3,15,Positive,Positive,7,1
94,0,49,White,Married,T2,N3,IIIC,Regional,Poorly differentiated,3,21,Positive,Positive,39,27
36,1,65,White,Married,T4,N1,IIIB,Regional,Moderately differentiated,2,51,Negative,Negative,19,3
50,0,67,White,Married,T1,N1,IIA,Regional,Well differentiated,1,15,Positive,Positive,1,1
87,1,63,White,Married,T3,N2,IIIA,Regional,Moderately differentiated,2,60,Positive,Negative,8,5
85,0,43,White,Divorced,T1,N2,IIIA,Regional,Moderately differentiated,2,20,Positive,Positive,16,4
68,0,57,White,Married,T3,N1,IIIA,Regional,Moderately differentiated,2,51,Positive,Positive,19,2
73,0,63,White,Married,T2,N1,IIB,Regional,Moderately differentiated,2,25,Positive,Positive,28,1
59,0,52,White,Married,T2,N1,IIB,Regional,Moderately differentiated,2,30,Positive,Positive,12,1
67,0,61,White,Divorced,T1,N1,IIA,Regional,Moderately differentiated,2,11,Positive,Negative,19,1
66,0,58,White,Divorced,T2,N1,IIB,Regional,Poorly differentiated,3,40,Positive,Negative,4,1
58,0,62,White,Married,T1,N1,IIA,Regional,Well differentiated,1,5,Positive,Positive,19,3
57,0,56,Other,Married,T2,N2,IIIA,Regional,Moderately differentiated,2,35,Positive,Positive,12,4
75,0,48,White,Married,T2,N1,IIB,Regional,Moderately differentiated,2,38,Positive,Positive,23,2
104,0,64,White,Married,T2,N1,IIB,Regional,Poorly differentiated,3,30,Positive,Positive,17,3
50,0,67,White,Married,T2,N1,IIB,Regional,Moderately differentiated,2,25,Positive,Positive,17,3
62,1,57,White,Married,T2,N1,IIB,Regional,Poorly differentiated,3,25,Positive,Positive,13,3
93,0,41,Other,Married,T2,N1,IIB,Regional,Moderately differentiated,2,27,Positive,Positive,10,3
4,1,62,White,Married,T2,N2,IIIA,Regional,Moderately differentiated,2,25,Positive,Positive,13,4
73,0,51,Other,Single ,T1,N1,IIA,Regional,Moderately differentiated,2,18,Positive,Positive,14,1
95,0,65,White,Married,T2,N3,IIIC,Regional,Moderately differentiated,2,40,Positive,Positive,22,21
94,0,51,White,Married,T2,N1,IIB,Regional,Well differentiated,1,40,Positive,Positive,11,1
73,1,46,White,Divorced,T1,N2,IIIA,Regional,Moderately differentiated,2,15,Positive,Positive,9,5
47,0,46,White,Divorced,T1,N3,IIIC,Regional,Moderately differentiated,2,20,Positive,Negative,18,14
70,0,48,White,Married,T2,N1,IIB,Regional,Moderately differentiated,2,23,Positive,Positive,32,2
72,0,43,White,Single ,T2,N1,IIB,Regional,Poorly differentiated,3,34,Positive,Positive,12,2
81,0,59,White,Married,T1,N1,IIA,Regional,Moderately differentiated,2,16,Positive,Positive,13,1
37,0,49,White,Married,T1,N1,IIA,Regional,Moderately differentiated,2,18,Positive,Positive,8,1
66,0,56,White,Married,T2,N1,IIB,Regional,Moderately differentiated,2,50,Positive,Positive,19,1
95,0,53,White,Married,T2,N2,IIIA,Regional,Moderately differentiated,2,45,Positive,Positive,16,5
66,0,58,White,Married,T3,N1,IIIA,Regional,Poorly differentiated,3,100,Positive,Positive,12,2
69,0,51,White,Married,T1,N1,IIA,Regional,Moderately differentiated,2,18,Positive,Positive,32,2
95,0,55,White,Married,T2,N2,IIIA,Regional,Moderately differentiated,2,23,Positive,Positive,20,4
73,0,54,White,Married,T2,N1,IIB,Regional,Moderately differentiated,2,25,Negative,Negative,14,1
79,0,34,Other,Divorced,T2,N2,IIIA,Regional,Moderately differentiated,2,32,Positive,Positive,8,6
80,1,42,White,Divorced,T2,N3,IIIC,Regional,Moderately differentiated,2,30,Positive,Positive,18,17
87,0,45,White,Divorced,T2,N3,IIIC,Regional,Poorly differentiated,3,30,Positive,Positive,27,11
47,0,46,White,Single ,T2,N1,IIB,Regional,Moderately differentiated,2,30,Positive,Positive,26,6
79,0,62,Other,Divorced,T1,N1,IIA,Regional,Moderately differentiated,2,18,Positive,Positive,19,1
89,0,49,White,Married,T2,N2,IIIA,Regional,Well differentiated,1,24,Positive,Positive,12,6
90,0,38,White,Married,T4,N2,IIIB,Regional,Moderately differentiated,2,70,Positive,Positive,36,5
74,0,30,White,Single ,T2,N2,IIIA,Regional,Moderately differentiated,2,28,Positive,Positive,19,7
59,1,68,White,Married,T1,N1,IIA,Regional,Poorly differentiated,3,20,Positive,Negative,12,2
82,0,59,White,Married,T2,N3,IIIC,Regional,Moderately differentiated,2,35,Positive,Positive,27,10
58,0,49,White,Single ,T3,N2,IIIA,Regional,Moderately differentiated,2,117,Positive,Positive,5,4
49,0,57,White,Single ,T1,N2,IIIA,Regional,Moderately differentiated,2,10,Positive,Positive,21,6
105,0,49,White,Married,T3,N1,IIIA,Regional,Moderately differentiated,2,70,Positive,Negative,2,2
60,1,65,White,Divorced,T2,N3,IIIC,Regional,Moderately differentiated,2,35,Positive,Positive,15,15
59,0,47,White,Married,T1,N1,IIA,Regional,Well differentiated,1,11,Positive,Positive,2,1
100,0,40,White,Married,T2,N1,IIB,Regional,Poorly differentiated,3,27,Positive,Positive,16,4
93,0,45,White,Married,T1,N1,IIA,Regional,Moderately differentiated,2,12,Positive,Positive,26,3
57,0,54,White,Married,T2,N1,IIB,Regional,Moderately differentiated,2,26,Positive,Positive,19,1
88,0,55,White,Married,T3,N1,IIIA,Regional,Well differentiated,1,76,Positive,Positive,2,2
95,0,57,White,Married,T2,N1,IIB,Regional,Moderately differentiated,2,32,Positive,Positive,14,3
65,0,67,White,Married,T1,N1,IIA,Regional,Moderately differentiated,2,18,Positive,Positive,2,1
58,0,51,White,Married,T2,N1,IIB,Regional,Well differentiated,1,23,Positive,Positive,11,2
72,0,54,White,Divorced,T1,N1,IIA,Regional,Well differentiated,1,10,Positive,Positive,4,1
64,0,52,White,Single ,T1,N2,IIIA,Regional,Moderately differentiated,2,18,Positive,Positive,8,4
54,0,63,White,Widowed,T2,N1,IIB,Regional,Moderately differentiated,2,23,Positive,Positive,4,1
93,0,48,White,Married,T2,N2,IIIA,Regional,Moderately differentiated,2,25,Positive,Negative,14,4
3,0,49,White,Married,T2,N3,IIIC,Regional,Moderately differentiated,2,32,Positive,Positive,20,11
76,0,46,White,Separated,T1,N1,IIA,Regional,Moderately differentiated,2,18,Negative,Negative,20,3
79,0,46,White,Married,T1,N1,IIA,Regional,Poorly differentiated,3,17,Positive,Positive,14,1
44,1,46,White,Single ,T3,N2,IIIA,Regional,Moderately differentiated,2,52,Positive,Positive,27,5
95,0,65,White,Married,T2,N1,IIB,Regional,Moderately differentiated,2,27,Positive,Positive,29,3
66,1,69,Black,Married,T1,N1,IIA,Regional,Well differentiated,1,7,Positive,Positive,24,1
29,1,59,White,Married,T3,N1,IIIA,Regional,Moderately differentiated,2,70,Positive,Positive,5,2
16,1,48,Black,Single ,T4,N2,IIIB,Distant,Moderately differentiated,2,26,Positive,Positive,7,7
33,1,43,White,Married,T3,N3,IIIC,Regional,Poorly differentiated,3,55,Positive,Positive,22,22
19,1,55,White,Divorced,T1,N2,IIIA,Regional,Poorly differentiated,3,20,Negative,Negative,17,4
104,0,59,White,Married,T1,N1,IIA,Regional,Moderately differentiated,2,15,Positive,Positive,8,2
71,0,67,White,Widowed,T1,N1,IIA,Regional,Poorly differentiated,3,20,Positive,Positive,22,1
60,1,69,White,Single ,T1,N1,IIA,Regional,Moderately differentiated,2,20,Positive,Positive,16,2
67,0,54,White,Married,T3,N1,IIIA,Regional,Moderately differentiated,2,61,Positive,Positive,23,3
88,0,69,White,Married,T1,N1,IIA,Regional,Moderately differentiated,2,8,Positive,Negative,10,1
40,1,60,White,Married,T1,N2,IIIA,Regional,Moderately differentiated,2,15,Positive,Positive,12,4
47,0,45,White,Married,T1,N1,IIA,Regional,Moderately differentiated,2,12,Positive,Positive,16,2
39,0,48,White,Single ,T2,N1,IIB,Regional,Poorly differentiated,3,40,Positive,Positive,26,1
105,0,60,Black,Married,T2,N1,IIB,Regional,Moderately differentiated,2,25,Positive,Positive,15,3
48,0,49,White,Married,T3,N1,IIIA,Regional,Moderately differentiated,2,140,Positive,Positive,14,2
53,0,33,White,Married,T1,N1,IIA,Regional,Moderately differentiated,2,12,Positive,Negative,11,3
61,1,60,Black,Divorced,T2,N1,IIB,Regional,Moderately differentiated,2,21,Positive,Positive,9,2
50,0,68,White,Married,T2,N1,IIB,Regional,Poorly differentiated,3,23,Positive,Positive,1,1
99,0,67,White,Single ,T1,N1,IIA,Regional,Poorly differentiated,3,20,Positive,Positive,8,3
104,0,50,White,Married,T1,N1,IIA,Regional,Moderately differentiated,2,17,Positive,Positive,9,1
85,0,46,White,Single ,T3,N2,IIIA,Regional,Moderately differentiated,2,65,Positive,Positive,21,6
71,0,39,White,Married,T3,N1,IIIA,Regional,Moderately differentiated,2,80,Positive,Positive,26,2
102,0,55,Other,Married,T1,N2,IIIA,Regional,Moderately differentiated,2,19,Positive,Positive,25,4
58,0,59,White,Married,T1,N1,IIA,Regional,Moderately differentiated,2,12,Positive,Positive,2,1
70,0,32,Other,Married,T1,N1,IIA,Regional,Well differentiated,1,11,Positive,Positive,13,3
99,0,63,White,Single ,T2,N1,IIB,Regional,Poorly differentiated,3,40,Positive,Positive,10,1
61,1,53,White,Married,T2,N1,IIB,Regional,Poorly differentiated,3,26,Positive,Positive,23,2
38,1,54,White,Married,T2,N1,IIB,Regional,Moderately differentiated,2,30,Positive,Positive,10,2
34,1,50,White,Divorced,T2,N2,IIIA,Regional,Moderately differentiated,2,50,Positive,Positive,6,6
103,0,45,White,Married,T2,N1,IIB,Regional,Moderately differentiated,2,44,Positive,Positive,33,3
67,0,46,White,Married,T2,N1,IIB,Regional,Moderately differentiated,2,21,Positive,Positive,10,3
65,1,46,White,Married,T2,N1,IIB,Regional,Poorly differentiated,3,35,Positive,Positive,19,1
97,1,67,White,Married,T2,N1,IIB,Regional,Moderately differentiated,2,22,Positive,Positive,5,2
85,0,58,White,Married,T3,N2,IIIA,Regional,Moderately differentiated,2,55,Positive,Positive,13,6
81,0,60,White,Married,T1,N1,IIA,Regional,Moderately differentiated,2,17,Positive,Positive,13,1
59,0,55,White,Married,T1,N1,IIA,Regional,Moderately differentiated,2,1,Positive,Positive,31,1
58,0,46,White,Married,T2,N1,IIB,Regional,Moderately differentiated,2,23,Positive,Positive,3,2
57,0,62,White,Married,T2,N1,IIB,Regional,Moderately differentiated,2,25,Positive,Positive,6,1
97,0,59,White,Married,T1,N1,IIA,Regional,Well differentiated,1,14,Positive,Positive,2,1
87,0,59,White,Married,T2,N2,IIIA,Regional,Poorly differentiated,3,25,Positive,Positive,24,6
74,0,44,White,Married,T2,N1,IIB,Regional,Moderately differentiated,2,35,Positive,Positive,19,1
85,0,69,White,Married,T1,N1,IIA,Regional,Undifferentiated, anaplastic; Grade IV,20,Positive,Positive,17,3
69,0,43,Black,Single ,T2,N1,IIB,Regional,Poorly differentiated,3,25,Positive,Positive,2,1
99,0,63,Other,Married,T3,N1,IIIA,Regional,Moderately differentiated,2,90,Positive,Positive,13,2
82,0,43,White,Divorced,T1,N2,IIIA,Regional,Moderately differentiated,2,13,Positive,Positive,11,6
80,0,36,White,Single ,T1,N2,IIIA,Regional,Moderately differentiated,2,12,Positive,Negative,19,8
105,0,63,White,Divorced,T2,N1,IIB,Regional,Moderately differentiated,2,45,Positive,Positive,17,1
53,0,60,Black,Single ,T1,N1,IIA,Regional,Moderately differentiated,2,15,Positive,Positive,12,1
18,0,56,Other,Married,T2,N2,IIIA,Regional,Moderately differentiated,2,35,Positive,Negative,7,5
97,0,44,White,Married,T1,N1,IIA,Regional,Moderately differentiated,2,17,Positive,Positive,18,1
26,1,69,White,Widowed,T2,N3,IIIC,Regional,Moderately differentiated,2,24,Positive,Positive,15,13
54,0,50,White,Divorced,T3,N1,IIIA,Regional,Well differentiated,1,55,Positive,Positive,20,3
80,0,55,White,Married,T1,N1,IIA,Regional,Poorly differentiated,3,16,Positive,Positive,16,2
82,1,65,White,Married,T1,N1,IIA,Regional,Moderately differentiated,2,20,Positive,Positive,10,1
99,0,47,White,Married,T1,N1,IIA,Regional,Moderately differentiated,2,18,Positive,Positive,2,1
87,0,62,White,Married,T2,N2,IIIA,Regional,Moderately differentiated,2,32,Positive,Positive,6,5
88,0,60,White,Married,T2,N1,IIB,Regional,Poorly differentiated,3,30,Positive,Positive,10,1
90,1,62,White,Married,T2,N2,IIIA,Regional,Moderately differentiated,2,30,Positive,Positive,30,8
49,0,62,White,Widowed,T1,N1,IIA,Regional,Poorly differentiated,3,19,Positive,Positive,9,3
47,0,63,White,Married,T2,N1,IIB,Regional,Poorly differentiated,3,24,Positive,Positive,11,1
79,0,61,White,Married,T4,N1,IIIB,Distant,Moderately differentiated,2,18,Positive,Positive,18,18
77,0,55,Other,Married,T2,N1,IIB,Regional,Moderately differentiated,2,25,Negative,Negative,3,1
77,0,66,Other,Widowed,T1,N1,IIA,Regional,Well differentiated,1,19,Positive,Positive,2,1
48,0,69,White,Single ,T2,N1,IIB,Regional,Moderately differentiated,2,30,Positive,Positive,15,2
71,0,60,White,Married,T2,N2,IIIA,Regional,Moderately differentiated,2,32,Positive,Positive,38,9
54,0,61,White,Married,T1,N1,IIA,Regional,Moderately differentiated,2,16,Positive,Negative,2,1
66,0,51,White,Married,T1,N1,IIA,Regional,Moderately differentiated,2,2,Positive,Negative,9,2
83,0,49,White,Single ,T2,N2,IIIA,Regional,Moderately differentiated,2,30,Positive,Positive,15,8
81,0,58,White,Married,T2,N1,IIB,Regional,Moderately differentiated,2,27,Positive,Negative,2,1
80,0,60,Other,Married,T1,N1,IIA,Regional,Moderately differentiated,2,10,Positive,Positive,11,1
91,0,48,White,Single ,T1,N1,IIA,Regional,Moderately differentiated,2,10,Positive,Positive,14,1
76,0,63,White,Married,T1,N1,IIA,Regional,Moderately differentiated,2,18,Positive,Positive,1,1
85,0,40,Black,Married,T2,N1,IIB,Regional,Moderately differentiated,2,30,Positive,Positive,25,2
61,1,69,Black,Single ,T2,N1,IIB,Regional,Moderately differentiated,2,22,Positive,Positive,18,1
61,1,67,White,Married,T2,N3,IIIC,Regional,Moderately differentiated,2,40,Positive,Positive,15,10
36,1,41,White,Married,T3,N3,IIIC,Regional,Poorly differentiated,3,65,Negative,Negative,27,16
56,0,67,White,Married,T1,N1,IIA,Regional,Moderately differentiated,2,13,Positive,Negative,19,1
85,0,45,White,Divorced,T1,N1,IIA,Regional,Well differentiated,1,6,Positive,Positive,6,1
97,0,66,White,Married,T2,N1,IIB,Regional,Poorly differentiated,3,40,Positive,Positive,17,1
101,0,55,Other,Married,T1,N1,IIA,Regional,Moderately differentiated,2,19,Negative,Positive,1,1
77,0,48,White,Married,T1,N1,IIA,Regional,Poorly differentiated,3,20,Positive,Positive,6,1
75,0,58,White,Married,T2,N2,IIIA,Regional,Moderately differentiated,2,45,Positive,Positive,14,4
99,0,61,White,Married,T2,N1,IIB,Regional,Moderately differentiated,2,31,Positive,Positive,12,3
54,0,59,White,Married,T2,N1,IIB,Regional,Poorly differentiated,3,30,Negative,Negative,9,1
103,0,51,White,Married,T1,N1,IIA,Regional,Poorly differentiated,3,14,Positive,Positive,14,1
89,0,44,White,Divorced,T2,N1,IIB,Regional,Poorly differentiated,3,35,Positive,Positive,13,1
89,0,59,White,Married,T1,N1,IIA,Regional,Well differentiated,1,10,Positive,Positive,5,1
101,0,58,White,Married,T2,N1,IIB,Regional,Poorly differentiated,3,25,Positive,Positive,20,3
91,0,43,White,Married,T2,N3,IIIC,Regional,Moderately differentiated,2,40,Positive,Negative,13,10
65,0,52,White,Widowed,T2,N3,IIIC,Regional,Poorly differentiated,3,45,Positive,Positive,29,20
55,0,57,White,Married,T2,N3,IIIC,Regional,Well differentiated,1,21,Positive,Positive,21,14
95,0,52,White,Married,T2,N1,IIB,Regional,Moderately differentiated,2,28,Positive,Positive,2,1
94,0,56,White,Married,T1,N1,IIA,Regional,Moderately differentiated,2,4,Positive,Positive,1,1
94,0,69,White,Widowed,T2,N1,IIB,Regional,Moderately differentiated,2,25,Negative,Negative,9,1
48,0,49,White,Single ,T1,N1,IIA,Regional,Moderately differentiated,2,15,Positive,Positive,2,1
58,0,64,White,Married,T3,N1,IIIA,Regional,Moderately differentiated,2,61,Positive,Negative,1,1
101,0,48,White,Married,T2,N1,IIB,Regional,Moderately differentiated,2,22,Positive,Positive,20,1
96,0,41,White,Married,T2,N1,IIB,Regional,Poorly differentiated,3,27,Positive,Positive,19,2
90,0,51,White,Single ,T1,N2,IIIA,Regional,Moderately differentiated,2,19,Positive,Positive,26,4
102,0,45,White,Married,T2,N2,IIIA,Regional,Moderately differentiated,2,25,Positive,Positive,24,6
101,0,53,White,Divorced,T1,N1,IIA,Regional,Moderately differentiated,2,8,Positive,Positive,14,1
50,0,47,White,Married,T2,N1,IIB,Regional,Moderately differentiated,2,23,Positive,Positive,6,5
77,0,60,White,Divorced,T3,N1,IIIA,Regional,Well differentiated,1,80,Positive,Negative,13,2
62,0,62,White,Married,T1,N1,IIA,Regional,Moderately differentiated,2,7,Positive,Positive,17,1
96,0,50,White,Married,T1,N1,IIA,Regional,Moderately differentiated,2,15,Positive,Positive,5,1
97,0,55,White,Divorced,T1,N1,IIA,Regional,Poorly differentiated,3,13,Positive,Positive,1,1
86,1,60,Other,Married,T2,N2,IIIA,Regional,Moderately differentiated,2,30,Positive,Positive,14,9
76,0,65,Other,Married,T2,N2,IIIA,Regional,Moderately differentiated,2,50,Positive,Positive,26,4
20,1,64,White,Divorced,T2,N1,IIB,Regional,Moderately differentiated,2,31,Positive,Negative,3,3
53,0,64,Other,Married,T2,N1,IIB,Regional,Moderately differentiated,2,30,Positive,Positive,23,1
69,0,67,White,Married,T1,N1,IIA,Regional,Moderately differentiated,2,15,Positive,Positive,5,1
69,0,57,White,Married,T1,N1,IIA,Regional,Moderately differentiated,2,15,Positive,Positive,7,2
28,1,38,White,Married,T2,N3,IIIC,Regional,Moderately differentiated,2,50,Positive,Positive,36,33
69,0,52,White,Married,T2,N1,IIB,Regional,Moderately differentiated,2,25,Positive,Positive,15,2
98,0,36,Black,Single ,T2,N3,IIIC,Regional,Moderately differentiated,2,30,Positive,Positive,19,18
102,0,49,White,Single ,T3,N2,IIIA,Regional,Poorly differentiated,3,60,Positive,Positive,31,5
90,0,67,White,Married,T2,N1,IIB,Regional,Well differentiated,1,21,Positive,Positive,14,1
5,1,64,White,Married,T3,N1,IIIA,Regional,Moderately differentiated,2,51,Positive,Positive,16,1
99,0,61,Other,Divorced,T4,N1,IIIB,Regional,Moderately differentiated,2,18,Positive,Positive,12,1
104,0,68,White,Married,T2,N3,IIIC,Distant,Poorly differentiated,3,25,Positive,Positive,19,15
87,0,56,Other,Married,T2,N1,IIB,Regional,Poorly differentiated,3,50,Negative,Negative,20,3
75,0,47,Black,Married,T1,N1,IIA,Regional,Poorly differentiated,3,8,Positive,Positive,10,1
89,0,31,White,Married,T2,N1,IIB,Regional,Moderately differentiated,2,40,Positive,Positive,12,1
53,0,55,Black,Married,T1,N1,IIA,Regional,Well differentiated,1,16,Positive,Positive,17,1
96,1,62,Black,Widowed,T1,N1,IIA,Regional,Poorly differentiated,3,18,Positive,Positive,5,1
56,1,48,White,Married,T1,N2,IIIA,Regional,Moderately differentiated,2,13,Positive,Positive,9,7
102,0,46,White,Married,T2,N1,IIB,Regional,Moderately differentiated,2,35,Positive,Positive,19,3
57,1,62,White,Married,T1,N1,IIA,Regional,Poorly differentiated,3,12,Positive,Positive,3,1
106,0,61,Other,Married,T2,N1,IIB,Regional,Moderately differentiated,2,50,Positive,Positive,4,1
107,0,56,White,Married,T2,N2,IIIA,Regional,Poorly differentiated,3,29,Positive,Positive,25,8
64,0,65,White,Married,T1,N2,IIIA,Regional,Moderately differentiated,2,20,Positive,Positive,6,4
7,1,38,White,Married,T1,N1,IIA,Regional,Moderately differentiated,2,7,Positive,Negative,32,3
107,0,57,White,Married,T2,N1,IIB,Regional,Well differentiated,1,21,Positive,Positive,15,3
58,0,62,White,Married,T1,N1,IIA,Regional,Poorly differentiated,3,20,Positive,Negative,16,3
45,1,57,White,Single ,T2,N1,IIB,Regional,Well differentiated,1,22,Positive,Positive,31,2
91,0,63,Other,Married,T2,N2,IIIA,Regional,Poorly differentiated,3,31,Positive,Positive,16,5
107,0,62,White,Married,T2,N1,IIB,Regional,Poorly differentiated,3,45,Positive,Negative,7,1
43,1,49,White,Single ,T2,N3,IIIC,Regional,Moderately differentiated,2,25,Positive,Positive,21,10
54,1,31,Other,Divorced,T2,N1,IIB,Regional,Moderately differentiated,2,35,Positive,Positive,18,2
86,0,67,White,Widowed,T1,N3,IIIC,Distant,Poorly differentiated,3,15,Positive,Positive,15,14
107,0,39,White,Married,T2,N2,IIIA,Regional,Moderately differentiated,2,22,Negative,Negative,20,6
43,1,48,White,Married,T1,N3,IIIC,Regional,Moderately differentiated,2,15,Positive,Positive,10,10
83,0,38,White,Married,T1,N1,IIA,Regional,Poorly differentiated,3,16,Positive,Positive,31,3
78,0,47,White,Divorced,T2,N1,IIB,Regional,Moderately differentiated,2,26,Positive,Positive,13,3
28,1,47,White,Divorced,T2,N1,IIB,Regional,Moderately differentiated,2,35,Positive,Positive,3,1
96,0,53,White,Married,T2,N1,IIB,Regional,Moderately differentiated,2,30,Positive,Positive,3,1
79,0,46,White,Married,T2,N2,IIIA,Regional,Poorly differentiated,3,23,Positive,Positive,17,5
57,0,38,White,Married,T1,N2,IIIA,Regional,Moderately differentiated,2,18,Positive,Positive,6,4
74,0,52,White,Married,T4,N2,IIIB,Regional,Poorly differentiated,3,123,Positive,Positive,21,7
76,0,46,White,Married,T1,N1,IIA,Regional,Moderately differentiated,2,16,Positive,Positive,17,1
54,0,61,White,Divorced,T1,N1,IIA,Regional,Moderately differentiated,2,11,Positive,Positive,16,2
38,1,38,Black,Single ,T3,N1,IIIA,Regional,Moderately differentiated,2,75,Negative,Negative,20,3
67,0,50,Other,Single ,T3,N1,IIIA,Regional,Poorly differentiated,3,60,Positive,Positive,10,2
85,0,40,White,Married,T1,N1,IIA,Regional,Moderately differentiated,2,20,Positive,Negative,16,1
85,0,51,White,Married,T1,N2,IIIA,Regional,Moderately differentiated,2,15,Positive,Positive,25,4
73,0,61,White,Married,T2,N1,IIB,Regional,Moderately differentiated,2,27,Positive,Positive,15,3
70,0,42,White,Married,T1,N1,IIA,Regional,Moderately differentiated,2,9,Positive,Positive,6,1
73,0,63,Other,Married,T3,N2,IIIA,Regional,Poorly differentiated,3,60,Positive,Positive,17,5
98,0,64,White,Married,T1,N1,IIA,Regional,Well differentiated,1,7,Positive,Negative,6,1
49,0,66,White,Married,T1,N1,IIA,Regional,Poorly differentiated,3,19,Positive,Positive,18,3
62,0,42,White,Married,T1,N1,IIA,Regional,Moderately differentiated,2,15,Positive,Positive,25,2
47,1,51,White,Divorced,T2,N3,IIIC,Distant,Poorly differentiated,3,40,Positive,Negative,10,1
98,0,45,White,Married,T1,N1,IIA,Regional,Moderately differentiated,2,19,Positive,Negative,10,3
88,0,46,Other,Married,T3,N2,IIIA,Regional,Poorly differentiated,3,130,Positive,Positive,7,5
62,0,55,White,Single ,T2,N2,IIIA,Regional,Moderately differentiated,2,30,Positive,Positive,28,9
77,0,49,White,Married,T3,N2,IIIA,Regional,Moderately differentiated,2,70,Positive,Positive,10,8
79,1,65,White,Single ,T2,N3,IIIC,Regional,Poorly differentiated,3,24,Positive,Positive,25,22
68,0,58,White,Married,T3,N1,IIIA,Regional,Moderately differentiated,2,110,Positive,Positive,38,2
58,0,47,White,Married,T3,N2,IIIA,Regional,Well differentiated,1,133,Positive,Positive,26,4
103,0,65,White,Married,T2,N1,IIB,Regional,Well differentiated,1,22,Positive,Positive,20,2
4,1,67,White,Married,T3,N2,IIIA,Regional,Poorly differentiated,3,55,Positive,Positive,9,9
26,1,39,White,Married,T3,N1,IIIA,Regional,Poorly differentiated,3,95,Negative,Negative,14,3
107,0,59,White,Divorced,T2,N2,IIIA,Regional,Moderately differentiated,2,25,Positive,Negative,32,5
77,0,38,White,Married,T1,N1,IIA,Regional,Moderately differentiated,2,13,Positive,Positive,25,1
85,0,41,White,Single ,T1,N1,IIA,Regional,Moderately differentiated,2,12,Positive,Positive,4,1
65,0,65,White,Married,T1,N1,IIA,Regional,Moderately differentiated,2,17,Positive,Positive,12,2
68,0,52,White,Married,T1,N1,IIA,Regional,Well differentiated,1,10,Positive,Positive,3,1
51,0,49,Black,Single ,T3,N1,IIIA,Regional,Poorly differentiated,3,70,Positive,Positive,11,1
100,0,58,White,Widowed,T2,N1,IIB,Regional,Moderately differentiated,2,30,Positive,Positive,7,2
69,0,55,White,Married,T1,N1,IIA,Regional,Moderately differentiated,2,20,Positive,Positive,9,2
91,0,64,White,Married,T3,N3,IIIC,Distant,Moderately differentiated,2,107,Positive,Positive,17,12
94,0,53,White,Single ,T2,N3,IIIC,Distant,Moderately differentiated,2,40,Positive,Negative,24,23
25,1,39,Black,Divorced,T2,N1,IIB,Regional,Moderately differentiated,2,30,Negative,Negative,9,1
67,1,54,Black,Widowed,T3,N3,IIIC,Regional,Poorly differentiated,3,90,Positive,Positive,29,29
80,0,67,White,Divorced,T1,N1,IIA,Regional,Moderately differentiated,2,16,Positive,Positive,2,2
52,1,65,Other,Married,T2,N3,IIIC,Regional,Moderately differentiated,2,47,Positive,Positive,32,19
87,0,45,White,Married,T2,N1,IIB,Regional,Moderately differentiated,2,30,Positive,Positive,13,1
62,0,63,White,Widowed,T1,N1,IIA,Regional,Moderately differentiated,2,7,Positive,Positive,18,1
84,0,56,White,Divorced,T2,N1,IIB,Regional,Well differentiated,1,30,Positive,Positive,4,1
85,0,38,Black,Separated,T1,N1,IIA,Regional,Moderately differentiated,2,20,Positive,Positive,18,2
17,0,47,White,Married,T3,N1,IIIA,Regional,Moderately differentiated,2,60,Positive,Positive,7,1
53,1,46,Black,Single ,T2,N2,IIIA,Regional,Poorly differentiated,3,30,Positive,Negative,19,5
92,0,66,White,Married,T1,N1,IIA,Regional,Moderately differentiated,2,14,Positive,Positive,3,1
102,0,51,Other,Married,T1,N1,IIA,Regional,Poorly differentiated,3,20,Negative,Negative,13,3
104,0,63,White,Single ,T2,N1,IIB,Regional,Well differentiated,1,27,Positive,Positive,19,2
1,0,43,Other,Married,T2,N3,IIIC,Regional,Moderately differentiated,2,40,Positive,Positive,19,11
23,1,49,White,Married,T3,N3,IIIC,Regional,Moderately differentiated,2,92,Positive,Positive,27,27
85,0,69,White,Single ,T1,N1,IIA,Regional,Moderately differentiated,2,7,Positive,Positive,18,2
94,0,51,Other,Married,T1,N1,IIA,Regional,Poorly differentiated,3,20,Positive,Positive,8,2
55,0,49,White,Single ,T2,N1,IIB,Regional,Well differentiated,1,22,Positive,Positive,26,2
99,0,44,White,Married,T1,N1,IIA,Regional,Well differentiated,1,8,Positive,Positive,10,1
65,0,45,Black,Separated,T2,N1,IIB,Regional,Well differentiated,1,50,Positive,Negative,5,3
3,1,64,White,Single ,T2,N1,IIB,Regional,Moderately differentiated,2,22,Positive,Positive,1,1
55,0,60,White,Married,T1,N1,IIA,Regional,Well differentiated,1,14,Positive,Positive,23,1
60,0,60,Black,Single ,T2,N1,IIB,Regional,Poorly differentiated,3,30,Positive,Positive,10,2
46,1,60,White,Married,T2,N1,IIB,Regional,Moderately differentiated,2,50,Positive,Positive,11,3
80,0,53,Other,Married,T1,N1,IIA,Regional,Poorly differentiated,3,15,Negative,Negative,16,1
75,0,63,White,Married,T2,N1,IIB,Regional,Moderately differentiated,2,25,Positive,Positive,12,2
70,0,53,White,Married,T1,N1,IIA,Regional,Moderately differentiated,2,18,Positive,Positive,15,3
19,1,53,White,Married,T2,N2,IIIA,Regional,Poorly differentiated,3,35,Positive,Positive,13,7
95,0,46,White,Married,T1,N1,IIA,Regional,Poorly differentiated,3,13,Positive,Positive,3,3
31,1,65,White,Widowed,T3,N2,IIIA,Regional,Moderately differentiated,2,100,Positive,Negative,14,9
38,1,30,White,Divorced,T3,N2,IIIA,Regional,Poorly differentiated,3,105,Negative,Negative,21,6
97,0,43,White,Married,T1,N2,IIIA,Regional,Moderately differentiated,2,20,Positive,Positive,14,7
86,0,61,White,Married,T1,N3,IIIC,Regional,Moderately differentiated,2,15,Positive,Positive,23,22
66,0,67,Black,Divorced,T2,N2,IIIA,Regional,Moderately differentiated,2,30,Positive,Positive,61,7
68,0,42,White,Married,T1,N1,IIA,Regional,Poorly differentiated,3,12,Positive,Positive,7,1
90,0,68,White,Married,T2,N1,IIB,Regional,Poorly differentiated,3,50,Positive,Negative,1,1
60,0,58,White,Married,T1,N3,IIIC,Regional,Well differentiated,1,20,Positive,Positive,23,20
96,0,57,White,Married,T1,N1,IIA,Regional,Moderately differentiated,2,7,Positive,Positive,26,3
44,0,43,White,Single ,T2,N1,IIB,Regional,Moderately differentiated,2,42,Positive,Positive,10,2
29,1,39,White,Single ,T4,N3,IIIC,Distant,Moderately differentiated,2,19,Positive,Positive,11,9
81,0,53,White,Married,T2,N2,IIIA,Regional,Moderately differentiated,2,27,Positive,Positive,14,4
28,1,55,White,Married,T1,N3,IIIC,Regional,Poorly differentiated,3,14,Negative,Negative,15,15
24,1,66,White,Divorced,T1,N1,IIA,Regional,Moderately differentiated,2,17,Positive,Negative,16,1
61,0,58,White,Married,T1,N1,IIA,Regional,Poorly differentiated,3,15,Positive,Positive,10,1
74,0,41,White,Married,T1,N1,IIA,Regional,Poorly differentiated,3,13,Positive,Positive,10,2
71,0,50,White,Married,T1,N1,IIA,Regional,Well differentiated,1,12,Positive,Positive,8,1
65,0,39,White,Married,T2,N1,IIB,Regional,Moderately differentiated,2,26,Positive,Positive,5,2
43,0,37,White,Widowed,T1,N1,IIA,Regional,Moderately differentiated,2,20,Positive,Positive,34,1
46,0,46,Black,Married,T1,N1,IIA,Regional,Moderately differentiated,2,17,Positive,Positive,16,2
69,0,55,Other,Married,T1,N1,IIA,Regional,Moderately differentiated,2,20,Positive,Positive,11,2
81,1,42,Black,Single ,T2,N1,IIB,Regional,Moderately differentiated,2,24,Positive,Positive,22,2
107,0,53,White,Married,T2,N2,IIIA,Regional,Moderately differentiated,2,30,Positive,Positive,23,9
30,1,66,White,Married,T1,N1,IIA,Regional,Moderately differentiated,2,16,Positive,Positive,2,1
92,0,55,White,Married,T1,N1,IIA,Regional,Poorly differentiated,3,18,Positive,Negative,15,1
106,0,48,Other,Married,T2,N2,IIIA,Regional,Moderately differentiated,2,30,Positive,Positive,11,9
68,0,49,White,Married,T3,N2,IIIA,Regional,Moderately differentiated,2,52,Positive,Negative,32,5
72,0,60,White,Married,T3,N3,IIIC,Regional,Moderately differentiated,2,60,Positive,Positive,21,16
84,0,61,White,Married,T2,N1,IIB,Regional,Poorly differentiated,3,21,Positive,Positive,12,1
63,0,63,White,Married,T2,N1,IIB,Regional,Moderately differentiated,2,33,Positive,Positive,14,3
90,0,61,Black,Married,T1,N1,IIA,Regional,Moderately differentiated,2,6,Positive,Positive,19,3
67,0,47,White,Married,T2,N2,IIIA,Regional,Poorly differentiated,3,25,Negative,Negative,10,4
44,1,53,Black,Married,T1,N2,IIIA,Regional,Moderately differentiated,2,15,Positive,Positive,14,4
49,0,45,White,Married,T1,N1,IIA,Regional,Moderately differentiated,2,14,Positive,Positive,9,1
57,1,62,White,Married,T3,N3,IIIC,Regional,Moderately differentiated,2,105,Positive,Positive,17,11
77,0,47,White,Married,T2,N1,IIB,Regional,Well differentiated,1,35,Positive,Positive,9,2
93,0,40,Other,Married,T3,N2,IIIA,Regional,Moderately differentiated,2,57,Negative,Negative,20,9
24,1,63,White,Married,T1,N1,IIA,Regional,Poorly differentiated,3,20,Negative,Negative,5,1
71,1,42,White,Married,T1,N1,IIA,Regional,Poorly differentiated,3,20,Positive,Positive,10,1
75,0,47,White,Married,T2,N1,IIB,Regional,Poorly differentiated,3,28,Positive,Positive,32,3
89,0,51,White,Single ,T3,N1,IIIA,Regional,Moderately differentiated,2,60,Positive,Positive,2,1
84,0,51,White,Single ,T2,N1,IIB,Regional,Moderately differentiated,2,25,Positive,Positive,9,1
69,0,50,White,Married,T1,N1,IIA,Regional,Well differentiated,1,12,Positive,Positive,18,1
86,0,46,Other,Married,T3,N1,IIIA,Regional,Well differentiated,1,69,Positive,Negative,5,3
86,0,47,White,Married,T3,N2,IIIA,Regional,Well differentiated,1,55,Positive,Positive,19,9
81,0,46,Black,Single ,T3,N2,IIIA,Regional,Moderately differentiated,2,60,Positive,Positive,9,6
97,0,56,White,Single ,T1,N1,IIA,Regional,Moderately differentiated,2,20,Positive,Positive,13,1
84,0,64,Black,Married,T1,N1,IIA,Regional,Poorly differentiated,3,13,Negative,Negative,17,2
84,0,49,White,Widowed,T3,N1,IIIA,Regional,Poorly differentiated,3,100,Positive,Positive,3,3
96,0,66,Black,Married,T1,N1,IIA,Regional,Moderately differentiated,2,2,Negative,Negative,2,1
71,0,60,White,Single ,T1,N3,IIIC,Regional,Poorly differentiated,3,20,Positive,Positive,26,19
81,0,60,White,Single ,T2,N1,IIB,Regional,Well differentiated,1,38,Positive,Positive,9,3
73,0,53,White,Divorced,T2,N3,IIIC,Distant,Moderately differentiated,2,24,Positive,Positive,41,37
58,0,63,White,Divorced,T2,N1,IIB,Regional,Moderately differentiated,2,25,Positive,Positive,17,1
50,0,61,Other,Married,T1,N1,IIA,Regional,Moderately differentiated,2,15,Positive,Positive,18,1
80,0,45,White,Married,T2,N1,IIB,Regional,Moderately differentiated,2,25,Positive,Positive,10,2
61,0,47,White,Single ,T3,N1,IIIA,Regional,Well differentiated,1,51,Positive,Positive,8,3
73,0,55,White,Single ,T2,N1,IIB,Regional,Moderately differentiated,2,35,Positive,Positive,11,11
77,0,35,Black,Single ,T2,N2,IIIA,Regional,Poorly differentiated,3,25,Negative,Negative,26,4
87,0,55,White,Separated,T2,N1,IIB,Regional,Moderately differentiated,2,45,Positive,Positive,21,1
105,0,60,Other,Widowed,T2,N1,IIB,Regional,Well differentiated,1,21,Positive,Positive,9,2
77,0,31,Other,Single ,T1,N1,IIA,Regional,Moderately differentiated,2,19,Positive,Positive,20,3
67,0,51,White,Divorced,T2,N1,IIB,Regional,Moderately differentiated,2,40,Positive,Positive,22,1
82,0,58,White,Married,T1,N1,IIA,Regional,Moderately differentiated,2,9,Positive,Positive,3,1
95,0,50,White,Single ,T2,N1,IIB,Regional,Moderately differentiated,2,22,Positive,Positive,19,2
15,0,48,White,Married,T2,N3,IIIC,Regional,Poorly differentiated,3,38,Positive,Positive,22,5
67,0,57,White,Divorced,T2,N2,IIIA,Regional,Moderately differentiated,2,50,Positive,Negative,8,7
42,1,69,White,Married,T2,N3,IIIC,Regional,Poorly differentiated,3,30,Positive,Positive,23,22
74,0,57,Other,Married,T2,N1,IIB,Regional,Well differentiated,1,23,Positive,Positive,13,3
10,0,44,Other,Married,T2,N1,IIB,Regional,Poorly differentiated,3,21,Positive,Positive,5,1
57,0,60,White,Divorced,T3,N2,IIIA,Regional,Moderately differentiated,2,140,Positive,Positive,21,5
95,0,56,White,Divorced,T3,N2,IIIA,Regional,Moderately differentiated,2,60,Positive,Positive,17,5
73,0,55,White,Married,T1,N1,IIA,Regional,Poorly differentiated,3,17,Negative,Negative,16,3
58,0,68,White,Divorced,T3,N1,IIIA,Regional,Poorly differentiated,3,55,Positive,Positive,15,1
92,0,42,White,Single ,T1,N1,IIA,Regional,Moderately differentiated,2,17,Positive,Positive,20,5
60,0,47,White,Divorced,T2,N1,IIB,Regional,Moderately differentiated,2,29,Positive,Positive,24,1
33,1,59,White,Single ,T2,N2,IIIA,Regional,Undifferentiated, anaplastic; Grade IV,40,Negative,Negative,10,9
81,0,65,White,Married,T1,N2,IIIA,Regional,Moderately differentiated,2,17,Positive,Positive,17,7
17,1,32,White,Single ,T2,N1,IIB,Regional,Poorly differentiated,3,30,Negative,Negative,3,1
52,0,49,White,Married,T2,N1,IIB,Regional,Moderately differentiated,2,32,Positive,Positive,23,2
83,0,60,White,Single ,T2,N3,IIIC,Distant,Moderately differentiated,2,40,Positive,Positive,16,16
96,0,55,Other,Married,T1,N1,IIA,Regional,Moderately differentiated,2,15,Positive,Positive,17,1
70,0,64,White,Widowed,T2,N1,IIB,Regional,Moderately differentiated,2,35,Positive,Positive,17,3
65,0,43,White,Married,T2,N2,IIIA,Regional,Poorly differentiated,3,32,Positive,Positive,18,4
98,0,61,White,Married,T2,N1,IIB,Regional,Well differentiated,1,21,Positive,Positive,17,1
14,0,42,White,Divorced,T2,N1,IIB,Regional,Poorly differentiated,3,25,Positive,Negative,6,3
35,1,58,White,Married,T2,N1,IIB,Regional,Moderately differentiated,2,33,Negative,Negative,17,2
74,0,51,White,Married,T2,N2,IIIA,Regional,Moderately differentiated,2,22,Positive,Positive,16,5
88,0,68,White,Married,T1,N1,IIA,Regional,Moderately differentiated,2,15,Positive,Positive,15,2
89,0,58,White,Married,T2,N1,IIB,Regional,Moderately differentiated,2,32,Positive,Positive,20,2
91,0,62,White,Married,T1,N1,IIA,Regional,Moderately differentiated,2,6,Positive,Positive,4,1
104,0,66,White,Widowed,T2,N1,IIB,Regional,Moderately differentiated,2,30,Positive,Positive,6,3
96,1,52,White,Widowed,T1,N2,IIIA,Regional,Poorly differentiated,3,14,Positive,Positive,18,5
83,0,69,White,Married,T1,N1,IIA,Regional,Well differentiated,1,10,Positive,Positive,15,1
74,0,64,White,Married,T1,N1,IIA,Regional,Moderately differentiated,2,12,Positive,Positive,29,3
87,0,66,White,Married,T1,N1,IIA,Regional,Moderately differentiated,2,15,Positive,Positive,18,2
14,1,62,White,Married,T2,N3,IIIC,Regional,Poorly differentiated,3,21,Negative,Negative,18,11
57,0,55,White,Married,T1,N1,IIA,Regional,Moderately differentiated,2,20,Positive,Positive,2,1
103,0,55,White,Married,T1,N1,IIA,Regional,Poorly differentiated,3,20,Negative,Negative,6,1
102,0,57,White,Single ,T1,N1,IIA,Regional,Moderately differentiated,2,15,Positive,Positive,18,1
50,0,54,White,Married,T3,N1,IIIA,Regional,Poorly differentiated,3,54,Positive,Negative,13,1
92,0,67,White,Married,T2,N1,IIB,Regional,Well differentiated,1,21,Positive,Positive,6,1
101,0,62,White,Married,T2,N3,IIIC,Regional,Moderately differentiated,2,22,Positive,Negative,30,28
72,1,66,White,Divorced,T2,N3,IIIC,Distant,Moderately differentiated,2,22,Positive,Positive,23,22
90,0,56,White,Married,T1,N2,IIIA,Regional,Moderately differentiated,2,17,Positive,Positive,25,8
4,1,64,White,Divorced,T2,N2,IIIA,Regional,Moderately differentiated,2,25,Positive,Positive,9,4
59,0,67,White,Married,T2,N3,IIIC,Regional,Moderately differentiated,2,22,Positive,Positive,19,11
50,0,41,White,Married,T2,N1,IIB,Regional,Moderately differentiated,2,45,Positive,Positive,10,2
67,0,65,White,Married,T1,N1,IIA,Regional,Moderately differentiated,2,11,Positive,Positive,17,2
13,1,51,White,Married,T1,N1,IIA,Regional,Moderately differentiated,2,17,Negative,Negative,9,2
80,0,49,White,Married,T1,N1,IIA,Regional,Moderately differentiated,2,17,Positive,Positive,10,1
95,0,56,White,Married,T2,N2,IIIA,Regional,Well differentiated,1,40,Positive,Negative,13,8
66,1,44,White,Single ,T1,N1,IIA,Regional,Poorly differentiated,3,5,Positive,Positive,8,1
62,0,56,White,Married,T1,N1,IIA,Regional,Moderately differentiated,2,13,Positive,Positive,14,1
88,0,48,White,Married,T1,N1,IIA,Regional,Moderately differentiated,2,19,Positive,Positive,15,2
98,0,54,White,Married,T1,N2,IIIA,Regional,Moderately differentiated,2,19,Positive,Positive,17,7
22,1,62,White,Married,T2,N1,IIB,Regional,Moderately differentiated,2,35,Negative,Negative,23,3
51,0,53,White,Married,T1,N1,IIA,Regional,Moderately differentiated,2,16,Positive,Positive,7,2
90,0,45,White,Married,T1,N2,IIIA,Regional,Moderately differentiated,2,15,Positive,Positive,16,6
67,0,50,White,Married,T2,N2,IIIA,Regional,Moderately differentiated,2,23,Positive,Positive,10,8
72,0,54,White,Married,T1,N1,IIA,Regional,Moderately differentiated,2,15,Positive,Positive,10,3
99,0,32,White,Married,T1,N1,IIA,Regional,Poorly differentiated,3,19,Positive,Positive,24,3
83,0,65,White,Divorced,T1,N1,IIA,Regional,Moderately differentiated,2,18,Positive,Positive,7,1
83,0,63,White,Single ,T1,N3,IIIC,Regional,Moderately differentiated,2,16,Positive,Positive,19,18
75,0,67,White,Married,T2,N3,IIIC,Regional,Undifferentiated, anaplastic; Grade IV,21,Positive,Positive,25,17
93,1,62,White,Single ,T2,N2,IIIA,Regional,Moderately differentiated,2,32,Positive,Positive,19,8
73,0,67,Other,Married,T1,N1,IIA,Regional,Poorly differentiated,3,13,Negative,Negative,19,1
95,0,42,White,Married,T1,N1,IIA,Regional,Poorly differentiated,3,16,Positive,Positive,27,2
88,0,60,White,Married,T2,N1,IIB,Regional,Moderately differentiated,2,40,Positive,Positive,19,3
103,0,48,White,Divorced,T2,N2,IIIA,Regional,Moderately differentiated,2,50,Positive,Positive,18,5
68,0,60,White,Divorced,T2,N2,IIIA,Regional,Moderately differentiated,2,35,Positive,Positive,9,9
91,0,69,White,Divorced,T1,N1,IIA,Regional,Poorly differentiated,3,16,Positive,Positive,16,3
98,0,54,Other,Married,T2,N3,IIIC,Regional,Poorly differentiated,3,35,Positive,Positive,22,17
34,1,56,Black,Single ,T2,N2,IIIA,Regional,Poorly differentiated,3,36,Positive,Negative,12,9
106,0,48,White,Single ,T2,N2,IIIA,Regional,Moderately differentiated,2,35,Positive,Positive,16,8
88,0,45,White,Divorced,T3,N2,IIIA,Regional,Moderately differentiated,2,55,Positive,Positive,23,7
75,0,59,White,Divorced,T2,N2,IIIA,Regional,Moderately differentiated,2,25,Positive,Positive,29,4
85,0,59,White,Divorced,T2,N1,IIB,Regional,Poorly differentiated,3,22,Positive,Positive,5,1
70,0,49,White,Married,T1,N1,IIA,Regional,Moderately differentiated,2,17,Positive,Negative,13,1
89,0,64,White,Married,T3,N2,IIIA,Regional,Poorly differentiated,3,55,Negative,Negative,26,9
85,0,47,White,Married,T1,N1,IIA,Regional,Moderately differentiated,2,10,Negative,Negative,4,3
64,0,46,White,Married,T2,N2,IIIA,Regional,Moderately differentiated,2,23,Positive,Positive,5,4
67,1,63,White,Married,T2,N1,IIB,Regional,Poorly differentiated,3,25,Positive,Positive,9,2
80,0,61,White,Married,T1,N3,IIIC,Regional,Poorly differentiated,3,5,Positive,Positive,30,11
66,1,65,White,Married,T1,N3,IIIC,Regional,Moderately differentiated,2,16,Positive,Positive,26,20
7,1,64,White,Single ,T3,N3,IIIC,Regional,Poorly differentiated,3,55,Positive,Negative,12,11
96,0,53,Black,Married,T2,N1,IIB,Regional,Poorly differentiated,3,24,Positive,Positive,15,2
61,0,42,White,Married,T2,N1,IIB,Regional,Poorly differentiated,3,21,Positive,Positive,4,2
68,0,49,White,Divorced,T1,N1,IIA,Regional,Moderately differentiated,2,13,Positive,Positive,12,2
73,0,66,White,Divorced,T4,N1,IIIB,Distant,Moderately differentiated,2,22,Positive,Positive,1,1
35,0,36,White,Married,T1,N1,IIA,Regional,Poorly differentiated,3,14,Positive,Positive,28,1
88,1,46,White,Married,T2,N1,IIB,Regional,Poorly differentiated,3,30,Negative,Positive,15,2
83,0,53,White,Married,T1,N3,IIIC,Regional,Moderately differentiated,2,18,Positive,Negative,22,15
106,0,62,Other,Single ,T1,N1,IIA,Regional,Poorly differentiated,3,16,Negative,Negative,33,1
78,0,55,White,Widowed,T3,N2,IIIA,Regional,Poorly differentiated,3,56,Positive,Positive,28,6
79,1,53,White,Married,T2,N1,IIB,Regional,Moderately differentiated,2,31,Positive,Positive,23,17
67,0,57,Black,Single ,T1,N1,IIA,Regional,Well differentiated,1,14,Positive,Positive,23,2
98,0,58,White,Married,T1,N1,IIA,Regional,Moderately differentiated,2,15,Positive,Positive,18,1
55,0,68,Other,Married,T3,N3,IIIC,Regional,Moderately differentiated,2,82,Positive,Positive,22,16
51,1,41,White,Married,T1,N2,IIIA,Regional,Moderately differentiated,2,16,Positive,Positive,9,9
56,0,69,White,Married,T1,N1,IIA,Regional,Moderately differentiated,2,16,Positive,Positive,6,3
56,0,61,White,Married,T1,N1,IIA,Regional,Well differentiated,1,16,Positive,Positive,10,2
73,0,46,White,Married,T1,N1,IIA,Regional,Moderately differentiated,2,16,Positive,Positive,15,1
64,0,60,White,Married,T2,N3,IIIC,Regional,Moderately differentiated,2,50,Positive,Positive,11,10
57,0,63,White,Married,T2,N1,IIB,Regional,Moderately differentiated,2,25,Positive,Positive,15,1
95,0,45,White,Married,T1,N1,IIA,Regional,Moderately differentiated,2,18,Positive,Positive,21,3
101,0,60,White,Married,T2,N1,IIB,Regional,Moderately differentiated,2,25,Positive,Positive,10,3
99,0,50,White,Married,T1,N1,IIA,Regional,Moderately differentiated,2,18,Positive,Positive,1,1
97,0,64,White,Widowed,T2,N2,IIIA,Regional,Moderately differentiated,2,30,Positive,Positive,18,5
23,1,51,White,Divorced,T3,N3,IIIC,Regional,Poorly differentiated,3,65,Negative,Negative,14,14
82,1,58,White,Married,T1,N3,IIIC,Regional,Poorly differentiated,3,1,Positive,Positive,22,22
94,0,63,White,Married,T2,N1,IIB,Regional,Moderately differentiated,2,25,Positive,Positive,11,1
104,0,61,White,Married,T1,N2,IIIA,Regional,Well differentiated,1,20,Positive,Positive,20,9
50,0,49,Other,Married,T2,N1,IIB,Regional,Moderately differentiated,2,30,Positive,Positive,16,3
86,0,57,White,Married,T2,N1,IIB,Regional,Moderately differentiated,2,30,Positive,Positive,10,1
100,0,51,White,Single ,T1,N1,IIA,Regional,Moderately differentiated,2,18,Positive,Positive,12,1
62,0,60,White,Single ,T1,N1,IIA,Regional,Poorly differentiated,3,16,Positive,Positive,11,3
97,0,66,White,Divorced,T2,N2,IIIA,Regional,Moderately differentiated,2,50,Positive,Positive,8,6
64,0,50,White,Married,T3,N1,IIIA,Regional,Moderately differentiated,2,52,Negative,Positive,2,1
74,0,53,White,Married,T2,N3,IIIC,Regional,Moderately differentiated,2,37,Positive,Positive,26,24
59,0,33,White,Married,T2,N2,IIIA,Regional,Moderately differentiated,2,25,Positive,Positive,10,4
97,0,45,White,Married,T2,N1,IIB,Regional,Poorly differentiated,3,40,Positive,Positive,16,3
77,1,57,White,Married,T4,N3,IIIC,Regional,Moderately differentiated,2,50,Positive,Negative,16,15
80,1,52,Other,Married,T1,N3,IIIC,Regional,Well differentiated,1,15,Positive,Positive,30,30
87,0,52,White,Single ,T2,N1,IIB,Regional,Well differentiated,1,25,Positive,Positive,2,2
52,0,58,White,Married,T3,N2,IIIA,Regional,Moderately differentiated,2,80,Positive,Positive,11,7
60,0,60,White,Single ,T1,N1,IIA,Regional,Moderately differentiated,2,13,Positive,Positive,11,1
76,0,59,Other,Married,T2,N1,IIB,Regional,Poorly differentiated,3,25,Positive,Positive,11,2
69,0,43,Black,Single ,T2,N1,IIB,Regional,Moderately differentiated,2,40,Positive,Positive,6,1
56,1,47,White,Divorced,T1,N1,IIA,Regional,Poorly differentiated,3,15,Positive,Positive,4,1
93,0,52,White,Single ,T1,N1,IIA,Regional,Moderately differentiated,2,19,Positive,Positive,4,1
86,0,63,White,Divorced,T3,N3,IIIC,Regional,Moderately differentiated,2,65,Positive,Positive,37,37
49,0,51,White,Married,T1,N1,IIA,Regional,Poorly differentiated,3,18,Positive,Positive,2,2
52,0,63,White,Married,T1,N1,IIA,Regional,Moderately differentiated,2,15,Negative,Negative,17,1
62,0,49,White,Married,T1,N1,IIA,Regional,Moderately differentiated,2,16,Positive,Positive,4,2
92,0,61,White,Divorced,T2,N1,IIB,Regional,Moderately differentiated,2,23,Negative,Negative,23,7
79,1,64,White,Divorced,T2,N1,IIB,Regional,Poorly differentiated,3,21,Positive,Positive,2,1
58,0,57,Black,Married,T1,N1,IIA,Regional,Moderately differentiated,2,10,Positive,Positive,10,2
67,0,58,White,Married,T1,N2,IIIA,Regional,Moderately differentiated,2,20,Positive,Positive,11,7
102,0,55,Other,Married,T2,N3,IIIC,Regional,Poorly differentiated,3,40,Positive,Positive,10,10
63,0,54,White,Married,T2,N1,IIB,Regional,Moderately differentiated,2,31,Negative,Negative,14,1
45,1,67,White,Single ,T1,N1,IIA,Regional,Moderately differentiated,2,15,Positive,Positive,10,1
99,0,57,White,Married,T4,N1,IIIB,Distant,Moderately differentiated,2,11,Negative,Positive,21,2
62,0,37,White,Married,T3,N3,IIIC,Regional,Moderately differentiated,2,55,Positive,Positive,12,5
82,0,61,White,Divorced,T1,N1,IIA,Regional,Moderately differentiated,2,15,Positive,Positive,13,1
61,0,46,White,Married,T2,N2,IIIA,Regional,Moderately differentiated,2,37,Positive,Positive,17,9
5,0,31,White,Divorced,T2,N1,IIB,Regional,Moderately differentiated,2,42,Positive,Positive,9,3
76,0,59,White,Married,T2,N1,IIB,Regional,Well differentiated,1,22,Positive,Positive,16,1
41,1,50,White,Single ,T2,N1,IIB,Regional,Poorly differentiated,3,48,Negative,Negative,13,1
98,0,59,White,Married,T1,N1,IIA,Regional,Well differentiated,1,15,Positive,Positive,22,2
51,0,41,White,Married,T1,N1,IIA,Regional,Well differentiated,1,7,Positive,Positive,11,1
21,1,64,White,Widowed,T2,N1,IIB,Regional,Poorly differentiated,3,40,Positive,Positive,1,1
55,0,60,White,Married,T1,N2,IIIA,Regional,Moderately differentiated,2,12,Positive,Positive,18,7
48,0,68,White,Married,T1,N1,IIA,Regional,Moderately differentiated,2,12,Positive,Positive,8,1
98,0,46,Black,Divorced,T4,N3,IIIC,Regional,Moderately differentiated,2,65,Positive,Positive,11,10
103,0,43,White,Married,T1,N1,IIA,Regional,Poorly differentiated,3,15,Positive,Positive,14,1
60,0,49,White,Married,T1,N1,IIA,Regional,Moderately differentiated,2,16,Positive,Positive,14,1
52,0,56,White,Married,T2,N2,IIIA,Regional,Poorly differentiated,3,22,Positive,Positive,18,4
56,1,60,White,Married,T2,N2,IIIA,Regional,Moderately differentiated,2,35,Positive,Positive,10,4
2,1,67,White,Married,T2,N1,IIB,Regional,Poorly differentiated,3,25,Positive,Positive,4,1
91,0,67,White,Widowed,T1,N1,IIA,Regional,Moderately differentiated,2,20,Positive,Positive,9,2
53,0,50,White,Married,T1,N1,IIA,Regional,Moderately differentiated,2,18,Positive,Positive,12,1
50,1,68,White,Married,T3,N1,IIIA,Regional,Moderately differentiated,2,85,Positive,Positive,15,1
96,0,66,White,Single ,T2,N2,IIIA,Regional,Poorly differentiated,3,25,Positive,Positive,17,5
66,0,40,White,Married,T3,N1,IIIA,Regional,Poorly differentiated,3,100,Positive,Positive,11,1
48,0,45,Black,Single ,T1,N1,IIA,Regional,Poorly differentiated,3,15,Positive,Positive,10,5
81,0,61,White,Married,T1,N1,IIA,Regional,Moderately differentiated,2,18,Positive,Positive,21,2
94,0,68,White,Widowed,T1,N1,IIA,Regional,Moderately differentiated,2,14,Positive,Positive,16,2
88,0,59,White,Married,T2,N1,IIB,Regional,Moderately differentiated,2,23,Positive,Negative,13,1
56,0,65,White,Married,T2,N2,IIIA,Regional,Poorly differentiated,3,40,Positive,Positive,23,8
83,0,50,White,Married,T1,N2,IIIA,Regional,Poorly differentiated,3,17,Positive,Negative,8,4
73,0,62,White,Widowed,T2,N2,IIIA,Regional,Moderately differentiated,2,21,Positive,Positive,8,4
103,0,59,White,Widowed,T2,N1,IIB,Regional,Moderately differentiated,2,22,Positive,Positive,20,1
31,1,56,White,Married,T2,N2,IIIA,Regional,Moderately differentiated,2,31,Positive,Negative,7,7
48,0,46,Black,Single ,T1,N1,IIA,Regional,Moderately differentiated,2,11,Positive,Positive,12,2
89,0,41,White,Married,T1,N1,IIA,Regional,Moderately differentiated,2,19,Positive,Positive,3,1
83,0,45,White,Married,T2,N1,IIB,Regional,Moderately differentiated,2,35,Positive,Positive,6,1
86,0,44,White,Married,T1,N1,IIA,Regional,Well differentiated,1,9,Positive,Positive,13,1
97,0,47,White,Single ,T2,N1,IIB,Regional,Poorly differentiated,3,21,Positive,Negative,13,2
58,0,66,Other,Married,T1,N2,IIIA,Regional,Poorly differentiated,3,6,Positive,Negative,22,6
101,0,56,White,Single ,T1,N1,IIA,Regional,Moderately differentiated,2,20,Positive,Positive,4,1
53,1,49,White,Married,T3,N3,IIIC,Distant,Poorly differentiated,3,60,Positive,Negative,5,3
102,0,64,Black,Widowed,T2,N3,IIIC,Regional,Poorly differentiated,3,38,Positive,Positive,23,12
94,0,66,White,Married,T1,N1,IIA,Regional,Moderately differentiated,2,9,Negative,Negative,4,1
76,0,45,White,Married,T1,N1,IIA,Regional,Moderately differentiated,2,11,Positive,Positive,18,3
74,0,65,White,Widowed,T2,N2,IIIA,Regional,Moderately differentiated,2,30,Positive,Negative,21,6
73,0,54,White,Married,T2,N1,IIB,Regional,Moderately differentiated,2,22,Positive,Negative,13,2
61,0,48,White,Single ,T2,N1,IIB,Regional,Moderately differentiated,2,25,Positive,Positive,7,3
103,0,49,White,Divorced,T1,N1,IIA,Regional,Moderately differentiated,2,13,Positive,Negative,14,1
63,0,40,Other,Married,T2,N1,IIB,Regional,Poorly differentiated,3,30,Positive,Positive,12,1
95,0,64,White,Divorced,T2,N2,IIIA,Regional,Moderately differentiated,2,25,Positive,Negative,20,4
47,0,61,White,Single ,T2,N1,IIB,Regional,Moderately differentiated,2,25,Positive,Positive,3,1
64,0,61,White,Married,T2,N2,IIIA,Regional,Moderately differentiated,2,48,Positive,Positive,12,5
50,0,55,White,Married,T3,N2,IIIA,Regional,Well differentiated,1,6,Positive,Positive,9,7
87,0,43,Black,Married,T1,N3,IIIC,Distant,Poorly differentiated,3,14,Positive,Positive,22,3
77,0,63,White,Married,T1,N1,IIA,Regional,Moderately differentiated,2,7,Positive,Positive,21,1
106,0,48,White,Married,T3,N1,IIIA,Regional,Well differentiated,1,90,Positive,Positive,7,1
105,0,46,White,Married,T2,N1,IIB,Regional,Moderately differentiated,2,25,Negative,Negative,2,1
80,0,63,White,Married,T1,N1,IIA,Regional,Moderately differentiated,2,15,Positive,Positive,1,1
82,0,43,White,Married,T3,N2,IIIA,Regional,Poorly differentiated,3,120,Negative,Negative,15,9
101,0,46,White,Divorced,T1,N1,IIA,Regional,Moderately differentiated,2,14,Positive,Positive,13,1
52,0,35,White,Married,T1,N1,IIA,Regional,Moderately differentiated,2,15,Positive,Positive,5,1
40,1,68,White,Married,T2,N3,IIIC,Regional,Well differentiated,1,35,Positive,Positive,28,27
79,0,47,White,Married,T2,N1,IIB,Regional,Moderately differentiated,2,30,Positive,Positive,15,1
13,1,43,White,Married,T1,N1,IIA,Regional,Moderately differentiated,2,16,Positive,Positive,12,2
101,0,57,White,Divorced,T1,N2,IIIA,Regional,Moderately differentiated,2,9,Positive,Positive,19,6
88,0,64,White,Married,T2,N1,IIB,Regional,Poorly differentiated,3,23,Negative,Negative,9,2
48,0,61,White,Married,T1,N1,IIA,Regional,Moderately differentiated,2,17,Positive,Positive,8,1
73,0,44,Other,Separated,T2,N2,IIIA,Regional,Moderately differentiated,2,43,Positive,Positive,16,4
69,0,50,White,Married,T1,N1,IIA,Regional,Moderately differentiated,2,19,Positive,Positive,9,3
91,0,49,White,Single ,T2,N1,IIB,Regional,Poorly differentiated,3,21,Positive,Positive,17,2
102,0,67,White,Widowed,T1,N1,IIA,Regional,Well differentiated,1,17,Positive,Positive,9,2
77,0,46,Black,Divorced,T2,N2,IIIA,Regional,Poorly differentiated,3,45,Positive,Positive,14,8
101,1,51,White,Married,T1,N1,IIA,Regional,Moderately differentiated,2,18,Positive,Positive,18,1
28,1,58,White,Married,T2,N3,IIIC,Regional,Poorly differentiated,3,43,Negative,Negative,28,22
10,1,46,White,Married,T3,N3,IIIC,Regional,Poorly differentiated,3,61,Negative,Negative,18,10
36,1,59,White,Married,T2,N1,IIB,Regional,Well differentiated,1,27,Positive,Positive,12,1
83,0,53,White,Married,T1,N1,IIA,Regional,Moderately differentiated,2,15,Negative,Negative,2,2
83,0,62,White,Married,T2,N2,IIIA,Regional,Poorly differentiated,3,25,Positive,Negative,9,4
66,0,57,White,Married,T2,N1,IIB,Regional,Poorly differentiated,3,31,Positive,Positive,15,2
76,0,51,Black,Married,T2,N1,IIB,Regional,Well differentiated,1,50,Positive,Positive,16,1
98,0,69,White,Married,T2,N1,IIB,Regional,Moderately differentiated,2,30,Positive,Positive,26,2
75,0,47,White,Single ,T2,N1,IIB,Regional,Moderately differentiated,2,38,Positive,Negative,15,2
100,0,57,White,Married,T1,N1,IIA,Regional,Poorly differentiated,3,5,Positive,Positive,8,1
72,0,55,White,Married,T1,N1,IIA,Regional,Poorly differentiated,3,11,Positive,Positive,18,2
86,0,52,White,Single ,T2,N2,IIIA,Regional,Poorly differentiated,3,35,Positive,Negative,15,6
74,0,45,Other,Married,T1,N1,IIA,Regional,Well differentiated,1,7,Positive,Positive,10,2
78,0,39,White,Married,T1,N1,IIA,Regional,Poorly differentiated,3,14,Positive,Positive,3,1
58,0,56,Black,Married,T4,N1,IIIB,Regional,Moderately differentiated,2,120,Positive,Positive,15,2
94,0,45,White,Married,T1,N1,IIA,Regional,Well differentiated,1,14,Positive,Positive,13,1
62,0,41,White,Married,T2,N1,IIB,Regional,Moderately differentiated,2,33,Positive,Positive,3,1
17,1,63,White,Single ,T1,N1,IIA,Regional,Well differentiated,1,19,Positive,Positive,6,2
98,0,68,White,Married,T1,N1,IIA,Regional,Moderately differentiated,2,19,Positive,Positive,8,1
50,0,64,White,Married,T1,N1,IIA,Regional,Well differentiated,1,15,Positive,Positive,7,1
103,0,49,White,Married,T1,N2,IIIA,Regional,Poorly differentiated,3,18,Positive,Positive,19,7
69,0,68,White,Married,T2,N1,IIB,Regional,Moderately differentiated,2,47,Positive,Positive,13,3
107,0,46,White,Single ,T1,N1,IIA,Regional,Moderately differentiated,2,13,Positive,Positive,25,1
101,0,59,White,Married,T2,N1,IIB,Regional,Well differentiated,1,25,Positive,Positive,5,1
50,0,40,White,Married,T2,N1,IIB,Regional,Poorly differentiated,3,28,Negative,Negative,9,2
68,0,47,White,Married,T1,N1,IIA,Regional,Moderately differentiated,2,16,Positive,Positive,5,1
68,0,53,White,Married,T2,N1,IIB,Regional,Moderately differentiated,2,31,Positive,Positive,16,1
52,0,59,White,Married,T1,N1,IIA,Regional,Moderately differentiated,2,4,Positive,Positive,4,1
84,0,50,Black,Married,T2,N1,IIB,Regional,Moderately differentiated,2,31,Positive,Positive,14,1
102,0,47,White,Married,T2,N2,IIIA,Regional,Poorly differentiated,3,30,Negative,Positive,11,4
53,0,46,Other,Single ,T3,N1,IIIA,Regional,Well differentiated,1,55,Positive,Positive,14,1
85,0,46,White,Married,T2,N1,IIB,Regional,Moderately differentiated,2,30,Positive,Positive,14,2
101,0,67,White,Married,T1,N1,IIA,Regional,Moderately differentiated,2,14,Positive,Positive,3,1
106,0,51,White,Married,T1,N2,IIIA,Regional,Poorly differentiated,3,17,Positive,Positive,16,6
72,1,65,White,Widowed,T2,N2,IIIA,Regional,Moderately differentiated,2,21,Positive,Positive,18,6
18,1,56,White,Married,T3,N3,IIIC,Regional,Moderately differentiated,2,70,Negative,Negative,26,26
48,0,68,Other,Widowed,T2,N2,IIIA,Regional,Well differentiated,1,30,Positive,Positive,10,9
84,0,57,Other,Married,T1,N1,IIA,Regional,Well differentiated,1,15,Positive,Positive,20,3
59,0,49,White,Married,T4,N2,IIIB,Distant,Poorly differentiated,3,40,Positive,Positive,10,5
72,0,48,White,Married,T1,N1,IIA,Regional,Moderately differentiated,2,8,Positive,Positive,5,1
73,0,67,Other,Married,T1,N1,IIA,Regional,Well differentiated,1,7,Positive,Positive,3,1
58,0,64,White,Married,T2,N1,IIB,Regional,Moderately differentiated,2,40,Negative,Negative,4,3
88,0,53,White,Single ,T2,N1,IIB,Regional,Well differentiated,1,35,Positive,Positive,11,2
89,0,42,White,Divorced,T1,N1,IIA,Regional,Moderately differentiated,2,16,Positive,Positive,15,2
86,0,50,White,Married,T2,N1,IIB,Regional,Moderately differentiated,2,30,Positive,Positive,27,2
94,0,56,White,Married,T1,N1,IIA,Regional,Moderately differentiated,2,18,Positive,Positive,2,1
92,0,53,White,Married,T2,N1,IIB,Regional,Moderately differentiated,2,30,Positive,Positive,19,18
49,0,59,White,Married,T1,N1,IIA,Regional,Well differentiated,1,15,Positive,Negative,22,1
103,0,67,White,Married,T1,N1,IIA,Regional,Well differentiated,1,12,Positive,Positive,5,1
105,0,45,White,Single ,T2,N1,IIB,Regional,Poorly differentiated,3,40,Positive,Positive,20,2
83,0,45,Black,Married,T3,N3,IIIC,Regional,Poorly differentiated,3,57,Positive,Positive,20,20
101,0,49,White,Married,T3,N1,IIIA,Regional,Moderately differentiated,2,60,Positive,Positive,4,1
98,1,65,White,Married,T2,N1,IIB,Regional,Moderately differentiated,2,38,Positive,Positive,3,3
81,0,45,White,Married,T3,N1,IIIA,Regional,Poorly differentiated,3,55,Positive,Positive,16,3
37,1,56,White,Divorced,T2,N3,IIIC,Regional,Poorly differentiated,3,24,Negative,Negative,21,13
75,0,60,White,Married,T1,N1,IIA,Regional,Moderately differentiated,2,20,Positive,Positive,17,1
48,1,57,Black,Separated,T2,N3,IIIC,Regional,Poorly differentiated,3,40,Negative,Negative,36,35
69,0,54,Black,Single ,T2,N1,IIB,Regional,Moderately differentiated,2,38,Positive,Positive,5,2
104,0,50,White,Married,T3,N1,IIIA,Regional,Moderately differentiated,2,70,Positive,Positive,15,2
87,0,63,White,Married,T1,N1,IIA,Regional,Moderately differentiated,2,18,Positive,Positive,8,1
72,0,41,Black,Married,T2,N1,IIB,Regional,Moderately differentiated,2,25,Positive,Positive,9,1
76,0,51,White,Divorced,T3,N1,IIIA,Regional,Moderately differentiated,2,74,Positive,Positive,13,2
75,0,65,White,Married,T3,N1,IIIA,Regional,Moderately differentiated,2,60,Positive,Positive,15,1
85,0,59,White,Married,T3,N1,IIIA,Regional,Well differentiated,1,60,Positive,Positive,2,1
93,0,66,White,Married,T2,N2,IIIA,Regional,Poorly differentiated,3,23,Positive,Positive,10,5
56,0,41,White,Married,T2,N1,IIB,Regional,Moderately differentiated,2,45,Positive,Positive,10,2
49,0,66,White,Single ,T2,N2,IIIA,Regional,Poorly differentiated,3,21,Positive,Positive,8,8
48,1,67,White,Married,T1,N3,IIIC,Regional,Poorly differentiated,3,14,Positive,Negative,26,22
70,0,40,White,Married,T1,N1,IIA,Regional,Moderately differentiated,2,13,Positive,Positive,21,1
51,0,39,Black,Divorced,T1,N2,IIIA,Regional,Poorly differentiated,3,20,Positive,Positive,14,7
57,0,66,White,Married,T2,N1,IIB,Regional,Well differentiated,1,21,Positive,Positive,14,1
57,1,58,Black,Married,T2,N2,IIIA,Regional,Poorly differentiated,3,25,Positive,Positive,18,9
87,0,45,White,Single ,T2,N1,IIB,Regional,Moderately differentiated,2,22,Positive,Positive,10,3
98,0,65,White,Widowed,T1,N1,IIA,Regional,Moderately differentiated,2,8,Positive,Positive,4,1
80,0,43,Black,Married,T2,N2,IIIA,Regional,Moderately differentiated,2,25,Positive,Positive,10,7
74,0,57,Black,Widowed,T2,N3,IIIC,Regional,Well differentiated,1,25,Positive,Positive,12,10
102,0,47,White,Married,T3,N1,IIIA,Regional,Moderately differentiated,2,70,Positive,Positive,32,1
104,0,44,White,Married,T1,N1,IIA,Regional,Moderately differentiated,2,11,Positive,Positive,13,1
100,0,46,White,Married,T3,N1,IIIA,Regional,Moderately differentiated,2,80,Negative,Negative,26,2
62,0,64,White,Single ,T1,N1,IIA,Regional,Moderately differentiated,2,16,Positive,Positive,6,1
72,0,59,White,Married,T1,N1,IIA,Regional,Moderately differentiated,2,18,Positive,Positive,13,3
86,0,51,White,Married,T1,N1,IIA,Regional,Poorly differentiated,3,15,Positive,Positive,13,1
53,0,66,White,Single ,T2,N1,IIB,Regional,Well differentiated,1,26,Positive,Positive,12,1
58,0,46,White,Married,T1,N1,IIA,Regional,Moderately differentiated,2,20,Positive,Positive,6,2
83,0,52,White,Married,T1,N1,IIA,Regional,Poorly differentiated,3,18,Positive,Positive,11,2
94,0,49,White,Married,T1,N1,IIA,Regional,Well differentiated,1,18,Positive,Positive,20,1
101,0,42,White,Married,T1,N1,IIA,Regional,Moderately differentiated,2,14,Positive,Positive,21,1
59,1,63,White,Married,T2,N1,IIB,Regional,Moderately differentiated,2,42,Positive,Positive,18,2
43,1,66,White,Married,T3,N1,IIIA,Regional,Poorly differentiated,3,58,Positive,Negative,28,2
54,0,48,White,Single ,T1,N1,IIA,Regional,Moderately differentiated,2,18,Positive,Positive,14,3
57,0,66,White,Widowed,T2,N1,IIB,Regional,Poorly differentiated,3,25,Positive,Positive,3,1
96,0,41,White,Married,T1,N1,IIA,Regional,Moderately differentiated,2,9,Positive,Positive,22,1
64,0,61,White,Single ,T1,N1,IIA,Regional,Poorly differentiated,3,19,Positive,Positive,2,1
71,0,55,White,Married,T1,N1,IIA,Regional,Moderately differentiated,2,11,Positive,Positive,13,2
74,0,62,White,Married,T1,N2,IIIA,Regional,Poorly differentiated,3,15,Positive,Positive,21,4
49,0,35,White,Single ,T2,N1,IIB,Regional,Moderately differentiated,2,21,Positive,Negative,22,1
31,1,59,White,Married,T3,N3,IIIC,Regional,Poorly differentiated,3,52,Positive,Positive,16,16
53,0,54,White,Married,T2,N1,IIB,Regional,Moderately differentiated,2,40,Positive,Positive,13,1
96,0,64,White,Single ,T1,N1,IIA,Regional,Well differentiated,1,11,Positive,Positive,16,2
51,0,64,White,Married,T1,N1,IIA,Regional,Well differentiated,1,20,Positive,Positive,5,1
64,0,38,White,Single ,T2,N1,IIB,Regional,Moderately differentiated,2,33,Positive,Positive,1,1
95,0,60,Other,Married,T1,N1,IIA,Regional,Moderately differentiated,2,14,Positive,Positive,1,1
92,0,55,Black,Single ,T2,N1,IIB,Regional,Moderately differentiated,2,28,Positive,Negative,4,1
58,0,41,White,Married,T4,N1,IIIB,Distant,Poorly differentiated,3,20,Positive,Positive,32,3
62,0,67,White,Divorced,T1,N1,IIA,Regional,Moderately differentiated,2,19,Positive,Positive,16,1
15,0,53,White,Married,T3,N3,IIIC,Regional,Moderately differentiated,2,100,Positive,Positive,11,10
107,0,53,White,Married,T1,N2,IIIA,Regional,Poorly differentiated,3,9,Negative,Negative,13,5
62,0,34,Black,Single ,T2,N1,IIB,Regional,Moderately differentiated,2,25,Positive,Positive,24,1
18,0,39,Black,Single ,T1,N1,IIA,Regional,Moderately differentiated,2,15,Positive,Positive,28,1
46,1,31,White,Married,T3,N3,IIIC,Regional,Poorly differentiated,3,60,Positive,Negative,30,12
76,0,64,White,Married,T3,N1,IIIA,Regional,Moderately differentiated,2,76,Positive,Positive,16,3
77,0,40,Black,Married,T1,N2,IIIA,Regional,Poorly differentiated,3,16,Negative,Negative,16,4
86,0,59,White,Married,T1,N1,IIA,Regional,Moderately differentiated,2,20,Positive,Positive,3,1
87,0,55,White,Married,T2,N1,IIB,Regional,Poorly differentiated,3,45,Positive,Positive,8,1
24,1,46,White,Married,T2,N3,IIIC,Distant,Poorly differentiated,3,35,Positive,Positive,2,1
63,0,58,Black,Married,T1,N1,IIA,Regional,Poorly differentiated,3,18,Positive,Negative,6,1
57,0,66,White,Married,T1,N1,IIA,Regional,Moderately differentiated,2,20,Positive,Positive,9,1
72,0,56,White,Single ,T2,N1,IIB,Regional,Moderately differentiated,2,26,Positive,Positive,2,1
100,0,47,White,Married,T2,N3,IIIC,Regional,Well differentiated,1,35,Positive,Positive,16,15
72,0,39,White,Married,T2,N2,IIIA,Regional,Poorly differentiated,3,40,Positive,Positive,10,9
67,0,46,Black,Married,T2,N1,IIB,Regional,Moderately differentiated,2,30,Positive,Positive,13,1
68,1,62,White,Married,T1,N1,IIA,Regional,Moderately differentiated,2,12,Positive,Positive,1,1
107,0,46,White,Married,T1,N1,IIA,Regional,Moderately differentiated,2,19,Positive,Positive,23,1
86,0,60,White,Married,T2,N3,IIIC,Regional,Poorly differentiated,3,28,Positive,Positive,26,12
28,1,36,Other,Single ,T2,N1,IIB,Regional,Well differentiated,1,28,Positive,Positive,21,1
62,0,51,White,Single ,T2,N1,IIB,Regional,Well differentiated,1,22,Positive,Positive,4,2
76,0,60,Other,Single ,T1,N1,IIA,Regional,Moderately differentiated,2,8,Positive,Positive,13,1
81,0,63,White,Married,T2,N1,IIB,Regional,Poorly differentiated,3,32,Positive,Positive,13,1
22,1,65,White,Married,T2,N1,IIB,Regional,Moderately differentiated,2,45,Positive,Positive,14,2
93,0,59,Black,Married,T3,N3,IIIC,Regional,Moderately differentiated,2,55,Positive,Positive,30,11
50,0,50,White,Married,T1,N1,IIA,Regional,Well differentiated,1,9,Positive,Positive,5,1
83,0,53,White,Single ,T2,N1,IIB,Regional,Moderately differentiated,2,23,Positive,Positive,3,2
104,0,46,Other,Divorced,T1,N1,IIA,Regional,Moderately differentiated,2,20,Positive,Negative,18,3
83,0,46,White,Married,T2,N1,IIB,Regional,Moderately differentiated,2,35,Positive,Positive,14,1
8,0,46,White,Married,T2,N1,IIB,Regional,Moderately differentiated,2,23,Positive,Positive,15,2
30,1,47,Other,Married,T3,N1,IIIA,Regional,Moderately differentiated,2,80,Positive,Positive,21,4
93,0,61,White,Married,T1,N1,IIA,Regional,Moderately differentiated,2,15,Positive,Positive,14,1
93,0,52,Other,Married,T1,N1,IIA,Regional,Moderately differentiated,2,9,Positive,Positive,7,1
50,0,57,White,Married,T4,N1,IIIB,Regional,Poorly differentiated,3,30,Positive,Positive,14,1
99,0,59,White,Married,T1,N1,IIA,Regional,Moderately differentiated,2,20,Negative,Negative,11,2
76,0,63,White,Married,T3,N1,IIIA,Regional,Moderately differentiated,2,66,Positive,Positive,20,3
65,0,48,White,Married,T2,N1,IIB,Regional,Moderately differentiated,2,22,Positive,Positive,16,3
64,0,59,White,Married,T1,N2,IIIA,Regional,Moderately differentiated,2,16,Negative,Negative,17,7
56,0,58,White,Married,T1,N2,IIIA,Regional,Well differentiated,1,14,Positive,Positive,11,5
73,0,47,White,Married,T3,N1,IIIA,Regional,Poorly differentiated,3,80,Positive,Positive,20,1
65,0,56,White,Married,T2,N1,IIB,Regional,Moderately differentiated,2,25,Positive,Positive,13,2
74,0,44,Other,Married,T1,N1,IIA,Regional,Poorly differentiated,3,10,Positive,Positive,4,1
74,0,44,White,Married,T2,N1,IIB,Regional,Well differentiated,1,22,Positive,Positive,5,1
75,0,33,White,Married,T1,N1,IIA,Regional,Well differentiated,1,12,Positive,Positive,13,2
60,0,54,White,Married,T1,N1,IIA,Regional,Moderately differentiated,2,19,Positive,Positive,16,1
98,0,45,White,Married,T1,N1,IIA,Regional,Moderately differentiated,2,17,Positive,Positive,8,2
103,0,60,White,Married,T2,N1,IIB,Regional,Well differentiated,1,25,Positive,Positive,14,1
48,0,62,White,Married,T1,N1,IIA,Regional,Moderately differentiated,2,9,Positive,Positive,4,1
68,0,53,White,Married,T1,N1,IIA,Regional,Well differentiated,1,9,Positive,Positive,9,2
97,0,41,White,Married,T2,N1,IIB,Regional,Poorly differentiated,3,33,Positive,Positive,6,1
85,0,39,White,Married,T2,N1,IIB,Regional,Moderately differentiated,2,37,Positive,Positive,21,2
47,0,44,Other,Married,T2,N1,IIB,Regional,Well differentiated,1,24,Positive,Positive,13,1
63,0,57,White,Widowed,T1,N1,IIA,Regional,Moderately differentiated,2,18,Positive,Positive,15,2
78,1,33,White,Married,T4,N2,IIIB,Regional,Poorly differentiated,3,75,Positive,Positive,4,4
54,0,68,Black,Widowed,T2,N1,IIB,Regional,Poorly differentiated,3,25,Positive,Negative,14,3
46,0,49,White,Married,T1,N1,IIA,Regional,Well differentiated,1,10,Positive,Positive,15,1
74,0,50,White,Married,T2,N2,IIIA,Regional,Moderately differentiated,2,36,Positive,Positive,18,4
98,0,60,White,Widowed,T2,N2,IIIA,Regional,Moderately differentiated,2,26,Positive,Positive,24,8
97,0,50,Other,Divorced,T1,N1,IIA,Regional,Moderately differentiated,2,14,Positive,Positive,4,1
36,1,40,Black,Single ,T3,N2,IIIA,Regional,Moderately differentiated,2,82,Positive,Positive,10,7
66,0,46,White,Married,T2,N1,IIB,Regional,Moderately differentiated,2,30,Positive,Positive,20,2
14,1,49,Black,Separated,T1,N3,IIIC,Distant,Well differentiated,1,12,Positive,Positive,16,10
25,1,69,White,Widowed,T4,N3,IIIC,Regional,Poorly differentiated,3,22,Negative,Negative,19,16
64,0,54,White,Married,T1,N1,IIA,Regional,Moderately differentiated,2,16,Positive,Positive,21,1
79,0,51,White,Single ,T1,N1,IIA,Regional,Moderately differentiated,2,16,Positive,Positive,13,2
39,1,51,White,Single ,T2,N1,IIB,Regional,Poorly differentiated,3,40,Negative,Negative,15,3
83,1,68,White,Married,T1,N3,IIIC,Regional,Moderately differentiated,2,20,Positive,Positive,29,25
103,0,41,White,Married,T2,N1,IIB,Regional,Poorly differentiated,3,28,Positive,Positive,8,1
7,1,58,White,Married,T2,N3,IIIC,Regional,Moderately differentiated,2,21,Positive,Negative,15,14
90,0,62,White,Married,T2,N1,IIB,Regional,Moderately differentiated,2,24,Positive,Positive,15,1
48,0,42,White,Married,T3,N1,IIIA,Regional,Well differentiated,1,55,Positive,Positive,24,1
75,0,46,Other,Married,T2,N2,IIIA,Regional,Moderately differentiated,2,31,Positive,Negative,16,9
100,0,54,White,Married,T2,N3,IIIC,Regional,Moderately differentiated,2,24,Positive,Positive,21,17
76,0,54,White,Single ,T2,N1,IIB,Regional,Moderately differentiated,2,37,Positive,Positive,28,1
87,0,47,White,Married,T2,N1,IIB,Regional,Well differentiated,1,30,Positive,Positive,9,2
48,0,66,White,Divorced,T1,N3,IIIC,Regional,Poorly differentiated,3,20,Positive,Positive,14,13
103,0,42,Black,Married,T1,N1,IIA,Regional,Well differentiated,1,14,Positive,Positive,10,1
87,0,55,White,Married,T1,N1,IIA,Regional,Moderately differentiated,2,20,Positive,Positive,3,1
58,0,60,White,Divorced,T2,N2,IIIA,Regional,Poorly differentiated,3,27,Positive,Positive,10,4
89,0,52,White,Married,T1,N1,IIA,Regional,Moderately differentiated,2,12,Positive,Positive,1,1
50,0,61,White,Married,T3,N3,IIIC,Regional,Moderately differentiated,2,80,Positive,Positive,25,11
40,1,48,White,Married,T2,N1,IIB,Regional,Moderately differentiated,2,23,Positive,Positive,34,2
54,0,58,White,Married,T1,N1,IIA,Regional,Moderately differentiated,2,14,Positive,Positive,1,1
80,0,44,Other,Married,T1,N1,IIA,Regional,Moderately differentiated,2,10,Positive,Positive,9,2
51,1,43,White,Married,T2,N3,IIIC,Regional,Poorly differentiated,3,22,Positive,Negative,23,10
18,0,53,Other,Married,T1,N1,IIA,Regional,Poorly differentiated,3,15,Positive,Positive,4,1
100,0,48,White,Married,T2,N1,IIB,Regional,Moderately differentiated,2,27,Positive,Positive,1,1
95,0,63,White,Single ,T1,N1,IIA,Regional,Moderately differentiated,2,20,Positive,Positive,13,3
67,0,64,White,Married,T2,N1,IIB,Regional,Well differentiated,1,31,Positive,Positive,9,1
78,0,39,White,Married,T1,N1,IIA,Regional,Moderately differentiated,2,14,Positive,Positive,6,1
80,0,59,White,Married,T4,N3,IIIC,Regional,Moderately differentiated,2,40,Positive,Positive,15,10
56,0,51,Black,Widowed,T2,N1,IIB,Regional,Moderately differentiated,2,25,Positive,Positive,14,3
54,0,39,White,Married,T2,N1,IIB,Regional,Poorly differentiated,3,35,Positive,Positive,8,3
52,0,56,White,Married,T1,N1,IIA,Regional,Moderately differentiated,2,20,Positive,Positive,18,2
106,0,51,White,Widowed,T2,N1,IIB,Regional,Moderately differentiated,2,42,Positive,Negative,11,2
59,1,49,White,Separated,T2,N3,IIIC,Regional,Moderately differentiated,2,25,Negative,Negative,27,24
99,0,68,White,Widowed,T2,N1,IIB,Regional,Moderately differentiated,2,50,Positive,Positive,7,3
66,0,51,White,Married,T1,N1,IIA,Regional,Moderately differentiated,2,20,Positive,Positive,13,1
61,0,54,White,Single ,T1,N2,IIIA,Regional,Poorly differentiated,3,13,Positive,Negative,9,5
73,0,64,White,Married,T1,N2,IIIA,Regional,Moderately differentiated,2,6,Positive,Positive,14,8
94,0,43,White,Married,T1,N2,IIIA,Regional,Moderately differentiated,2,16,Positive,Positive,13,6
93,0,39,White,Married,T3,N3,IIIC,Regional,Poorly differentiated,3,60,Positive,Positive,15,15
56,0,69,White,Married,T2,N1,IIB,Regional,Moderately differentiated,2,23,Positive,Positive,15,2
83,0,66,White,Divorced,T1,N1,IIA,Regional,Poorly differentiated,3,15,Positive,Positive,14,1
56,1,55,White,Married,T1,N3,IIIC,Regional,Well differentiated,1,14,Positive,Positive,17,10
69,0,69,White,Married,T1,N1,IIA,Regional,Moderately differentiated,2,9,Positive,Positive,16,1
76,0,51,White,Divorced,T1,N1,IIA,Regional,Moderately differentiated,2,16,Positive,Positive,14,1
85,0,57,White,Married,T2,N1,IIB,Regional,Well differentiated,1,42,Positive,Positive,3,1
48,1,63,White,Married,T2,N2,IIIA,Regional,Poorly differentiated,3,40,Positive,Positive,13,6
78,0,55,White,Married,T2,N2,IIIA,Regional,Moderately differentiated,2,25,Positive,Positive,13,9
75,0,55,White,Married,T2,N1,IIB,Regional,Moderately differentiated,2,25,Positive,Positive,28,2
107,0,59,White,Married,T2,N1,IIB,Regional,Moderately differentiated,2,37,Positive,Positive,20,3
63,0,61,White,Married,T2,N1,IIB,Regional,Poorly differentiated,3,23,Positive,Positive,5,1
94,0,49,Other,Married,T2,N1,IIB,Regional,Poorly differentiated,3,30,Positive,Positive,28,3
55,0,60,White,Married,T1,N3,IIIC,Regional,Moderately differentiated,2,12,Positive,Positive,23,20
98,0,50,White,Divorced,T2,N1,IIB,Regional,Poorly differentiated,3,35,Positive,Positive,3,1
40,1,61,Black,Single ,T2,N1,IIB,Regional,Well differentiated,1,47,Positive,Positive,12,3
65,0,47,White,Married,T2,N3,IIIC,Regional,Moderately differentiated,2,28,Positive,Positive,23,16
64,0,55,White,Married,T3,N1,IIIA,Regional,Moderately differentiated,2,63,Positive,Negative,14,1
80,0,57,White,Married,T1,N1,IIA,Regional,Well differentiated,1,8,Positive,Positive,17,1
58,0,53,White,Single ,T2,N2,IIIA,Regional,Poorly differentiated,3,35,Positive,Negative,14,4
89,0,44,White,Married,T3,N3,IIIC,Regional,Moderately differentiated,2,60,Positive,Positive,24,1
87,0,63,White,Married,T2,N2,IIIA,Regional,Poorly differentiated,3,30,Positive,Positive,27,8
93,0,62,White,Married,T2,N2,IIIA,Regional,Moderately differentiated,2,22,Positive,Positive,21,8
27,0,43,White,Married,T1,N1,IIA,Regional,Poorly differentiated,3,13,Positive,Positive,16,1
61,0,69,Black,Married,T2,N3,IIIC,Regional,Moderately differentiated,2,42,Negative,Negative,19,13
80,0,46,Black,Married,T2,N3,IIIC,Regional,Poorly differentiated,3,45,Negative,Negative,11,10
99,0,53,White,Married,T2,N3,IIIC,Regional,Moderately differentiated,2,25,Negative,Positive,23,17
5,0,40,White,Single ,T1,N1,IIA,Regional,Well differentiated,1,10,Positive,Positive,3,2
95,1,63,White,Married,T2,N1,IIB,Regional,Moderately differentiated,2,35,Positive,Positive,3,1
87,0,64,White,Married,T2,N1,IIB,Regional,Moderately differentiated,2,37,Positive,Positive,10,3
100,0,57,White,Married,T2,N2,IIIA,Regional,Well differentiated,1,35,Positive,Positive,8,6
99,0,43,White,Married,T2,N2,IIIA,Regional,Poorly differentiated,3,40,Positive,Positive,14,5
23,0,60,White,Single ,T1,N2,IIIA,Regional,Poorly differentiated,3,17,Positive,Negative,11,6
102,0,42,White,Single ,T1,N1,IIA,Regional,Poorly differentiated,3,12,Positive,Positive,9,2
106,0,40,White,Married,T1,N1,IIA,Regional,Moderately differentiated,2,15,Positive,Positive,13,1
74,0,43,Black,Married,T2,N1,IIB,Regional,Poorly differentiated,3,30,Positive,Positive,25,19
41,0,57,White,Married,T3,N2,IIIA,Regional,Moderately differentiated,2,60,Positive,Positive,13,4
55,0,68,White,Married,T1,N1,IIA,Regional,Well differentiated,1,19,Positive,Positive,12,3
58,0,65,White,Divorced,T2,N1,IIB,Regional,Poorly differentiated,3,27,Positive,Positive,13,1
51,0,60,White,Married,T1,N1,IIA,Regional,Moderately differentiated,2,10,Positive,Positive,2,1
40,1,67,White,Widowed,T1,N1,IIA,Regional,Moderately differentiated,2,12,Positive,Positive,13,1
79,1,39,White,Single ,T3,N2,IIIA,Regional,Undifferentiated, anaplastic; Grade IV,70,Positive,Positive,14,4
41,1,59,White,Divorced,T2,N3,IIIC,Regional,Poorly differentiated,3,44,Positive,Positive,36,16
102,0,52,White,Single ,T2,N3,IIIC,Regional,Moderately differentiated,2,45,Positive,Positive,21,19
40,0,58,White,Divorced,T1,N1,IIA,Regional,Moderately differentiated,2,17,Positive,Negative,24,1
49,0,48,White,Divorced,T3,N2,IIIA,Regional,Moderately differentiated,2,80,Positive,Positive,35,7
76,0,61,White,Married,T1,N1,IIA,Regional,Moderately differentiated,2,16,Positive,Positive,4,1
66,0,34,White,Married,T2,N1,IIB,Regional,Poorly differentiated,3,24,Positive,Positive,7,1
54,0,56,White,Married,T1,N1,IIA,Regional,Moderately differentiated,2,8,Positive,Positive,3,1
75,0,59,White,Married,T3,N1,IIIA,Regional,Moderately differentiated,2,51,Positive,Positive,11,2
79,0,52,White,Married,T3,N1,IIIA,Regional,Moderately differentiated,2,70,Positive,Positive,27,2
58,0,57,White,Widowed,T3,N1,IIIA,Regional,Poorly differentiated,3,60,Positive,Negative,13,3
65,0,67,White,Married,T2,N1,IIB,Regional,Moderately differentiated,2,45,Positive,Positive,29,3
81,0,65,White,Married,T1,N1,IIA,Regional,Moderately differentiated,2,1,Positive,Positive,6,1
106,0,48,White,Divorced,T2,N2,IIIA,Regional,Poorly differentiated,3,27,Positive,Positive,17,9
40,1,64,Black,Married,T2,N2,IIIA,Regional,Moderately differentiated,2,35,Positive,Positive,11,8
82,0,64,White,Divorced,T3,N1,IIIA,Regional,Poorly differentiated,3,72,Negative,Negative,11,1
76,0,57,White,Married,T2,N1,IIB,Regional,Moderately differentiated,2,45,Positive,Positive,31,2
69,0,47,White,Widowed,T1,N1,IIA,Regional,Moderately differentiated,2,20,Negative,Negative,13,1
55,0,49,Other,Married,T2,N1,IIB,Regional,Poorly differentiated,3,30,Positive,Positive,12,1
60,0,40,White,Married,T2,N1,IIB,Regional,Poorly differentiated,3,30,Positive,Positive,12,1
94,0,57,White,Married,T1,N1,IIA,Regional,Moderately differentiated,2,13,Positive,Positive,3,3
55,0,47,White,Married,T3,N2,IIIA,Regional,Moderately differentiated,2,120,Positive,Positive,16,9
82,0,63,White,Married,T1,N1,IIA,Regional,Poorly differentiated,3,15,Positive,Positive,17,1
61,0,43,White,Married,T3,N1,IIIA,Regional,Poorly differentiated,3,61,Positive,Positive,19,2
90,0,66,White,Married,T1,N1,IIA,Regional,Moderately differentiated,2,15,Positive,Positive,5,1
90,1,66,White,Married,T4,N2,IIIB,Distant,Moderately differentiated,2,30,Positive,Positive,12,8
64,1,44,White,Married,T1,N1,IIA,Regional,Poorly differentiated,3,18,Positive,Positive,9,1
50,0,64,White,Married,T2,N1,IIB,Regional,Well differentiated,1,28,Positive,Positive,15,1
54,0,45,White,Married,T1,N1,IIA,Regional,Moderately differentiated,2,8,Positive,Positive,23,1
13,1,68,White,Divorced,T2,N1,IIB,Regional,Poorly differentiated,3,22,Positive,Positive,9,2
89,0,55,Other,Married,T2,N2,IIIA,Regional,Moderately differentiated,2,40,Positive,Negative,23,7
102,0,54,White,Married,T1,N1,IIA,Regional,Moderately differentiated,2,15,Positive,Positive,2,1
47,1,66,White,Divorced,T1,N1,IIA,Regional,Moderately differentiated,2,20,Positive,Negative,5,2
63,0,59,White,Divorced,T1,N2,IIIA,Regional,Moderately differentiated,2,15,Positive,Positive,12,4
90,0,61,White,Married,T2,N2,IIIA,Regional,Moderately differentiated,2,23,Positive,Positive,17,4
75,0,58,White,Married,T4,N2,IIIB,Regional,Poorly differentiated,3,20,Positive,Positive,17,5
46,0,51,White,Married,T1,N1,IIA,Regional,Poorly differentiated,3,17,Positive,Negative,12,2
57,0,68,Black,Single ,T2,N1,IIB,Regional,Moderately differentiated,2,21,Positive,Positive,16,2
31,1,41,White,Married,T3,N1,IIIA,Regional,Poorly differentiated,3,52,Positive,Positive,13,1
53,1,59,White,Married,T2,N2,IIIA,Regional,Moderately differentiated,2,30,Positive,Negative,11,6
79,0,64,White,Married,T2,N1,IIB,Regional,Moderately differentiated,2,22,Positive,Positive,25,2
50,0,63,White,Widowed,T1,N2,IIIA,Regional,Moderately differentiated,2,19,Positive,Positive,20,4
89,0,65,White,Married,T1,N1,IIA,Regional,Well differentiated,1,18,Positive,Positive,15,1
104,0,51,White,Married,T2,N1,IIB,Regional,Moderately differentiated,2,47,Positive,Negative,9,2
66,0,66,Black,Widowed,T1,N1,IIA,Regional,Moderately differentiated,2,15,Positive,Negative,11,1
77,0,35,White,Married,T1,N1,IIA,Regional,Moderately differentiated,2,15,Positive,Positive,26,1
100,0,42,Other,Married,T2,N1,IIB,Regional,Moderately differentiated,2,21,Positive,Positive,13,1
76,0,49,White,Divorced,T2,N1,IIB,Regional,Poorly differentiated,3,40,Positive,Positive,20,2
86,0,47,White,Single ,T1,N1,IIA,Regional,Moderately differentiated,2,17,Positive,Positive,12,3
82,0,66,White,Married,T1,N1,IIA,Regional,Well differentiated,1,14,Positive,Positive,13,1
107,0,49,White,Single ,T2,N2,IIIA,Regional,Moderately differentiated,2,23,Positive,Positive,21,5
54,1,47,White,Married,T3,N3,IIIC,Regional,Moderately differentiated,2,68,Positive,Positive,20,13
96,0,45,White,Married,T2,N1,IIB,Regional,Moderately differentiated,2,25,Positive,Positive,9,1
53,0,55,White,Single ,T2,N3,IIIC,Regional,Moderately differentiated,2,50,Positive,Positive,13,10
89,0,63,White,Married,T4,N2,IIIB,Regional,Moderately differentiated,2,140,Positive,Positive,9,8
72,0,51,White,Divorced,T2,N1,IIB,Regional,Moderately differentiated,2,28,Positive,Positive,4,1
82,0,59,White,Divorced,T1,N1,IIA,Regional,Moderately differentiated,2,7,Positive,Positive,3,1
103,0,43,White,Married,T2,N1,IIB,Regional,Poorly differentiated,3,23,Positive,Positive,16,2
68,0,59,White,Married,T1,N3,IIIC,Regional,Well differentiated,1,7,Positive,Positive,27,22
54,0,55,White,Married,T1,N1,IIA,Regional,Moderately differentiated,2,10,Positive,Positive,14,1
77,0,49,White,Married,T1,N1,IIA,Regional,Poorly differentiated,3,15,Positive,Positive,15,2
9,0,45,White,Divorced,T1,N1,IIA,Regional,Moderately differentiated,2,11,Positive,Positive,16,1
54,0,41,White,Married,T1,N3,IIIC,Regional,Poorly differentiated,3,12,Positive,Positive,40,10
97,0,63,White,Married,T2,N1,IIB,Regional,Moderately differentiated,2,28,Positive,Positive,17,1
60,0,41,White,Married,T3,N1,IIIA,Regional,Poorly differentiated,3,80,Positive,Positive,13,3
88,0,59,White,Married,T2,N3,IIIC,Regional,Moderately differentiated,2,25,Positive,Positive,22,11
89,0,62,White,Married,T2,N1,IIB,Regional,Well differentiated,1,28,Positive,Positive,19,1
91,0,65,White,Married,T1,N1,IIA,Regional,Moderately differentiated,2,15,Positive,Positive,1,1
92,0,47,White,Married,T2,N1,IIB,Regional,Moderately differentiated,2,30,Negative,Negative,32,2
103,0,67,Other,Married,T1,N1,IIA,Regional,Well differentiated,1,15,Positive,Positive,3,1
81,0,53,White,Single ,T2,N1,IIB,Regional,Moderately differentiated,2,22,Positive,Positive,2,1
47,1,46,White,Married,T2,N1,IIB,Regional,Moderately differentiated,2,28,Positive,Positive,10,2
77,0,56,White,Married,T1,N1,IIA,Regional,Well differentiated,1,16,Positive,Positive,15,1
95,0,63,White,Married,T3,N3,IIIC,Regional,Poorly differentiated,3,95,Positive,Positive,22,12
89,0,67,White,Widowed,T2,N1,IIB,Regional,Well differentiated,1,27,Positive,Positive,1,1
63,0,63,Black,Divorced,T3,N3,IIIC,Regional,Moderately differentiated,2,56,Positive,Negative,20,11
64,0,47,Black,Single ,T2,N3,IIIC,Regional,Moderately differentiated,2,50,Positive,Positive,16,12
83,0,63,White,Single ,T2,N1,IIB,Regional,Moderately differentiated,2,21,Positive,Positive,2,2
33,0,48,White,Married,T2,N3,IIIC,Regional,Poorly differentiated,3,21,Positive,Positive,21,19
72,0,61,White,Widowed,T2,N2,IIIA,Regional,Moderately differentiated,2,40,Positive,Positive,11,8
56,0,39,White,Single ,T1,N2,IIIA,Regional,Poorly differentiated,3,18,Positive,Positive,16,6
72,0,68,White,Widowed,T3,N3,IIIC,Regional,Poorly differentiated,3,55,Negative,Negative,31,14
80,0,51,White,Married,T4,N3,IIIC,Regional,Poorly differentiated,3,90,Positive,Positive,15,15
13,1,69,White,Widowed,T2,N3,IIIC,Regional,Undifferentiated, anaplastic; Grade IV,28,Positive,Positive,14,13
105,0,39,White,Single ,T3,N2,IIIA,Regional,Poorly differentiated,3,55,Positive,Positive,14,4
59,0,48,White,Married,T2,N1,IIB,Regional,Moderately differentiated,2,21,Positive,Positive,16,2
69,0,30,White,Married,T1,N1,IIA,Regional,Moderately differentiated,2,9,Positive,Positive,16,1
66,0,40,White,Married,T2,N1,IIB,Regional,Moderately differentiated,2,35,Positive,Positive,10,1
103,0,39,White,Married,T1,N1,IIA,Regional,Moderately differentiated,2,13,Positive,Positive,15,2
78,0,44,White,Married,T3,N1,IIIA,Regional,Poorly differentiated,3,55,Positive,Positive,12,2
47,0,58,Black,Single ,T3,N2,IIIA,Regional,Poorly differentiated,3,51,Positive,Positive,19,5
88,0,38,Other,Married,T2,N1,IIB,Regional,Moderately differentiated,2,34,Positive,Positive,7,1
102,0,47,White,Married,T1,N1,IIA,Regional,Moderately differentiated,2,5,Positive,Positive,5,1
71,0,59,Other,Divorced,T3,N1,IIIA,Regional,Well differentiated,1,60,Positive,Positive,4,4
51,0,53,White,Married,T2,N1,IIB,Regional,Moderately differentiated,2,45,Positive,Positive,10,3
67,0,41,Other,Married,T2,N1,IIB,Regional,Moderately differentiated,2,38,Positive,Positive,25,3
33,1,52,White,Married,T2,N2,IIIA,Regional,Moderately differentiated,2,48,Positive,Positive,16,6
107,0,54,White,Divorced,T2,N1,IIB,Regional,Poorly differentiated,3,35,Positive,Negative,4,1
77,0,51,White,Married,T2,N1,IIB,Regional,Poorly differentiated,3,32,Positive,Negative,20,7
84,0,41,Other,Married,T2,N2,IIIA,Regional,Poorly differentiated,3,25,Positive,Positive,17,8
91,0,58,White,Married,T3,N1,IIIA,Regional,Moderately differentiated,2,60,Positive,Positive,6,1
61,0,49,White,Married,T1,N1,IIA,Regional,Moderately differentiated,2,12,Positive,Positive,11,2
9,1,58,White,Single ,T1,N2,IIIA,Regional,Undifferentiated, anaplastic; Grade IV,19,Negative,Negative,47,7
56,0,42,Other,Divorced,T2,N1,IIB,Regional,Poorly differentiated,3,40,Positive,Positive,24,2
10,1,68,White,Widowed,T2,N3,IIIC,Regional,Poorly differentiated,3,50,Negative,Negative,15,14
103,0,35,White,Single ,T3,N1,IIIA,Regional,Moderately differentiated,2,55,Negative,Positive,9,2
58,0,46,White,Married,T2,N1,IIB,Regional,Moderately differentiated,2,28,Positive,Positive,17,2
103,0,53,White,Married,T1,N1,IIA,Regional,Moderately differentiated,2,18,Positive,Negative,12,2
25,1,40,White,Separated,T2,N3,IIIC,Regional,Poorly differentiated,3,21,Negative,Negative,16,16
31,1,66,White,Widowed,T2,N3,IIIC,Regional,Moderately differentiated,2,37,Positive,Positive,29,29
50,0,62,White,Married,T1,N1,IIA,Regional,Well differentiated,1,11,Positive,Positive,4,1
66,0,53,White,Married,T1,N1,IIA,Regional,Moderately differentiated,2,20,Negative,Negative,11,1
69,0,37,Other,Married,T2,N1,IIB,Regional,Poorly differentiated,3,30,Positive,Positive,13,1
51,0,53,White,Single ,T1,N1,IIA,Regional,Moderately differentiated,2,15,Positive,Positive,4,1
86,1,50,White,Married,T3,N2,IIIA,Regional,Moderately differentiated,2,55,Positive,Negative,16,6
96,0,64,White,Married,T1,N1,IIA,Regional,Moderately differentiated,2,17,Positive,Positive,9,1
74,0,66,White,Married,T1,N1,IIA,Regional,Moderately differentiated,2,17,Positive,Positive,17,2
58,0,65,White,Married,T2,N1,IIB,Regional,Poorly differentiated,3,25,Negative,Positive,18,1
66,0,64,White,Divorced,T2,N1,IIB,Regional,Moderately differentiated,2,22,Positive,Positive,28,3
55,0,49,White,Married,T2,N2,IIIA,Regional,Moderately differentiated,2,35,Positive,Positive,9,8
102,0,53,White,Single ,T1,N1,IIA,Regional,Moderately differentiated,2,20,Positive,Positive,11,1
104,0,50,Black,Married,T1,N1,IIA,Regional,Moderately differentiated,2,20,Positive,Positive,9,3
77,0,61,White,Divorced,T2,N1,IIB,Regional,Moderately differentiated,2,39,Positive,Positive,43,3
31,1,57,White,Single ,T2,N2,IIIA,Regional,Moderately differentiated,2,33,Positive,Negative,9,8
37,1,62,White,Widowed,T1,N1,IIA,Regional,Poorly differentiated,3,18,Positive,Positive,7,3
77,0,52,White,Widowed,T2,N1,IIB,Regional,Poorly differentiated,3,40,Positive,Positive,9,2
81,0,47,White,Married,T2,N1,IIB,Regional,Poorly differentiated,3,24,Positive,Negative,32,1
93,0,64,White,Married,T2,N1,IIB,Regional,Well differentiated,1,35,Positive,Negative,9,1
93,0,34,White,Married,T2,N1,IIB,Regional,Poorly differentiated,3,40,Positive,Positive,20,3
103,0,61,Black,Married,T1,N1,IIA,Regional,Well differentiated,1,11,Positive,Negative,5,1
72,1,61,White,Married,T2,N1,IIB,Regional,Poorly differentiated,3,26,Positive,Positive,11,2
76,0,58,Black,Single ,T1,N2,IIIA,Regional,Poorly differentiated,3,18,Negative,Negative,24,5
52,1,52,White,Married,T4,N1,IIIB,Regional,Moderately differentiated,2,15,Positive,Positive,6,6
71,0,50,White,Married,T2,N1,IIB,Regional,Moderately differentiated,2,25,Positive,Positive,39,3
81,0,66,White,Married,T2,N2,IIIA,Regional,Moderately differentiated,2,21,Positive,Positive,18,5
49,0,66,White,Single ,T1,N1,IIA,Regional,Moderately differentiated,2,18,Positive,Positive,8,3
84,1,43,White,Divorced,T3,N3,IIIC,Regional,Moderately differentiated,2,55,Positive,Positive,16,10
42,0,41,White,Married,T1,N1,IIA,Regional,Moderately differentiated,2,15,Positive,Positive,8,2
102,0,56,White,Single ,T1,N1,IIA,Regional,Moderately differentiated,2,18,Positive,Positive,14,1
51,0,53,White,Single ,T1,N1,IIA,Regional,Moderately differentiated,2,20,Positive,Positive,26,1
53,1,53,White,Divorced,T1,N1,IIA,Regional,Poorly differentiated,3,15,Positive,Positive,18,3
98,0,43,White,Married,T1,N1,IIA,Regional,Moderately differentiated,2,20,Positive,Positive,25,3
51,0,64,White,Single ,T3,N2,IIIA,Regional,Moderately differentiated,2,70,Positive,Positive,13,4
69,0,51,White,Married,T1,N2,IIIA,Regional,Moderately differentiated,2,13,Positive,Positive,17,4
40,0,58,White,Divorced,T3,N1,IIIA,Regional,Moderately differentiated,2,55,Positive,Negative,8,1
59,0,68,White,Married,T3,N1,IIIA,Regional,Moderately differentiated,2,55,Positive,Positive,13,2
21,1,66,White,Married,T2,N3,IIIC,Regional,Poorly differentiated,3,24,Positive,Positive,22,21
61,0,51,White,Single ,T2,N2,IIIA,Regional,Moderately differentiated,2,50,Positive,Positive,10,8
66,0,55,White,Divorced,T2,N1,IIB,Regional,Moderately differentiated,2,30,Positive,Positive,10,3
107,0,62,White,Married,T1,N1,IIA,Regional,Moderately differentiated,2,10,Positive,Positive,9,2
94,0,62,White,Married,T1,N1,IIA,Regional,Moderately differentiated,2,18,Positive,Positive,18,1
77,0,42,Other,Single ,T1,N1,IIA,Regional,Poorly differentiated,3,18,Positive,Positive,21,2
53,0,55,White,Married,T2,N2,IIIA,Regional,Poorly differentiated,3,45,Positive,Positive,22,4
76,0,59,White,Married,T1,N1,IIA,Regional,Well differentiated,1,15,Positive,Positive,20,1
83,0,66,White,Married,T1,N1,IIA,Regional,Poorly differentiated,3,16,Positive,Negative,8,1
67,0,57,White,Single ,T2,N1,IIB,Regional,Poorly differentiated,3,45,Positive,Negative,24,3
69,0,46,White,Divorced,T1,N3,IIIC,Regional,Poorly differentiated,3,18,Positive,Negative,18,17
88,0,64,White,Widowed,T3,N1,IIIA,Regional,Poorly differentiated,3,60,Positive,Positive,11,2
80,0,65,White,Married,T2,N2,IIIA,Regional,Moderately differentiated,2,24,Negative,Negative,7,5
81,0,48,White,Married,T2,N1,IIB,Regional,Poorly differentiated,3,35,Positive,Positive,19,1
47,0,40,White,Divorced,T1,N3,IIIC,Regional,Moderately differentiated,2,15,Positive,Positive,20,10
72,0,54,White,Single ,T2,N1,IIB,Regional,Moderately differentiated,2,21,Positive,Positive,23,1
96,0,60,White,Married,T2,N2,IIIA,Regional,Moderately differentiated,2,25,Positive,Positive,25,4
60,0,63,White,Married,T1,N2,IIIA,Regional,Moderately differentiated,2,15,Positive,Positive,9,4
67,0,61,Other,Single ,T1,N1,IIA,Regional,Poorly differentiated,3,11,Negative,Negative,9,1
69,0,69,White,Divorced,T4,N2,IIIB,Distant,Well differentiated,1,100,Positive,Positive,19,6
58,0,45,White,Married,T3,N1,IIIA,Regional,Moderately differentiated,2,52,Positive,Positive,49,2
83,0,45,White,Married,T2,N2,IIIA,Regional,Moderately differentiated,2,24,Positive,Positive,9,4
101,0,49,White,Married,T1,N1,IIA,Regional,Well differentiated,1,14,Positive,Positive,7,1
64,0,69,White,Divorced,T3,N1,IIIA,Regional,Well differentiated,1,55,Positive,Positive,7,1
31,1,42,White,Married,T2,N3,IIIC,Distant,Poorly differentiated,3,45,Negative,Negative,18,17
91,0,54,Black,Separated,T2,N1,IIB,Regional,Moderately differentiated,2,25,Positive,Positive,11,1
78,0,64,White,Married,T2,N1,IIB,Regional,Well differentiated,1,25,Positive,Positive,6,1
105,0,49,Black,Married,T2,N2,IIIA,Regional,Poorly differentiated,3,32,Positive,Negative,16,4
78,0,44,White,Married,T2,N1,IIB,Regional,Moderately differentiated,2,41,Positive,Positive,17,2
40,1,52,White,Married,T2,N1,IIB,Regional,Moderately differentiated,2,40,Negative,Negative,4,2
92,0,47,White,Divorced,T2,N1,IIB,Regional,Poorly differentiated,3,32,Positive,Positive,17,2
99,0,59,White,Married,T1,N1,IIA,Regional,Poorly differentiated,3,12,Positive,Positive,11,2
89,0,67,White,Married,T1,N1,IIA,Regional,Moderately differentiated,2,7,Positive,Positive,4,1
98,0,63,White,Married,T2,N2,IIIA,Regional,Moderately differentiated,2,30,Positive,Positive,25,8
40,1,68,White,Single ,T2,N2,IIIA,Regional,Poorly differentiated,3,22,Negative,Negative,25,6
76,0,52,White,Married,T2,N2,IIIA,Regional,Moderately differentiated,2,30,Positive,Positive,27,7
31,0,61,Other,Married,T1,N1,IIA,Regional,Well differentiated,1,17,Positive,Positive,19,2
95,0,39,White,Married,T2,N1,IIB,Regional,Poorly differentiated,3,21,Positive,Positive,18,2
71,0,66,White,Divorced,T1,N1,IIA,Regional,Moderately differentiated,2,15,Positive,Positive,21,3
69,0,53,White,Single ,T2,N1,IIB,Regional,Moderately differentiated,2,22,Positive,Positive,16,1
106,0,51,White,Married,T1,N1,IIA,Regional,Poorly differentiated,3,15,Positive,Positive,12,3
84,0,40,White,Married,T1,N1,IIA,Regional,Moderately differentiated,2,9,Positive,Positive,26,1
74,0,56,White,Married,T2,N1,IIB,Regional,Moderately differentiated,2,49,Positive,Positive,15,4
74,0,33,White,Married,T3,N1,IIIA,Regional,Poorly differentiated,3,57,Positive,Positive,16,1
46,0,67,White,Widowed,T1,N1,IIA,Regional,Moderately differentiated,2,20,Positive,Positive,12,2
52,0,55,Black,Single ,T2,N1,IIB,Regional,Moderately differentiated,2,27,Positive,Negative,18,1
77,0,45,White,Married,T2,N1,IIB,Regional,Poorly differentiated,3,30,Positive,Positive,23,1
78,0,60,White,Divorced,T2,N1,IIB,Regional,Moderately differentiated,2,30,Positive,Positive,27,2
98,0,47,Black,Married,T1,N1,IIA,Regional,Moderately differentiated,2,5,Positive,Positive,18,1
49,0,45,White,Single ,T2,N1,IIB,Regional,Moderately differentiated,2,22,Positive,Positive,8,1
77,0,56,White,Married,T3,N1,IIIA,Regional,Moderately differentiated,2,55,Positive,Positive,8,1
71,0,41,White,Married,T2,N1,IIB,Regional,Moderately differentiated,2,45,Positive,Positive,9,1
98,0,65,White,Married,T2,N2,IIIA,Regional,Moderately differentiated,2,25,Positive,Negative,16,8
83,0,66,White,Married,T2,N1,IIB,Regional,Moderately differentiated,2,25,Positive,Positive,17,3
83,0,52,White,Married,T1,N1,IIA,Regional,Poorly differentiated,3,5,Positive,Negative,18,2
74,0,55,White,Married,T3,N1,IIIA,Regional,Moderately differentiated,2,55,Positive,Positive,4,2
23,0,57,White,Single ,T1,N1,IIA,Regional,Moderately differentiated,2,15,Positive,Negative,17,1
71,0,49,White,Divorced,T1,N1,IIA,Regional,Moderately differentiated,2,15,Positive,Positive,20,3
106,0,48,White,Single ,T2,N1,IIB,Regional,Poorly differentiated,3,24,Positive,Positive,20,2
61,0,31,White,Married,T1,N1,IIA,Regional,Poorly differentiated,3,10,Positive,Positive,13,1
101,0,59,White,Widowed,T1,N1,IIA,Regional,Moderately differentiated,2,14,Positive,Positive,4,2
95,0,43,White,Single ,T2,N1,IIB,Regional,Moderately differentiated,2,25,Positive,Positive,24,3
63,0,45,White,Married,T1,N1,IIA,Regional,Moderately differentiated,2,10,Positive,Positive,6,1
25,1,61,White,Married,T1,N3,IIIC,Regional,Moderately differentiated,2,20,Positive,Positive,29,29
61,0,31,Other,Married,T3,N1,IIIA,Regional,Moderately differentiated,2,80,Positive,Positive,11,1
59,1,47,White,Single ,T1,N1,IIA,Regional,Poorly differentiated,3,20,Positive,Positive,1,1
61,0,32,White,Married,T1,N1,IIA,Regional,Moderately differentiated,2,15,Positive,Negative,18,3
99,0,49,White,Married,T1,N1,IIA,Regional,Moderately differentiated,2,10,Positive,Positive,6,1
73,0,54,Other,Divorced,T2,N1,IIB,Regional,Well differentiated,1,40,Positive,Positive,25,1
103,0,51,White,Married,T1,N1,IIA,Regional,Well differentiated,1,15,Positive,Positive,18,2
67,0,47,White,Married,T1,N1,IIA,Regional,Poorly differentiated,3,17,Positive,Positive,7,1
86,0,53,White,Married,T1,N1,IIA,Regional,Well differentiated,1,11,Positive,Positive,12,3
72,0,40,Other,Married,T1,N1,IIA,Regional,Moderately differentiated,2,15,Positive,Positive,14,2
59,0,59,Black,Divorced,T1,N1,IIA,Regional,Well differentiated,1,17,Positive,Negative,6,3
66,0,65,White,Married,T1,N1,IIA,Regional,Moderately differentiated,2,19,Positive,Positive,13,1
64,0,47,White,Married,T2,N2,IIIA,Regional,Moderately differentiated,2,26,Positive,Positive,13,5
64,0,59,White,Divorced,T2,N1,IIB,Regional,Moderately differentiated,2,22,Positive,Positive,20,1
81,0,39,White,Married,T1,N1,IIA,Regional,Moderately differentiated,2,8,Positive,Positive,5,2
82,0,54,White,Divorced,T3,N1,IIIA,Regional,Poorly differentiated,3,120,Positive,Positive,14,2
83,0,36,White,Divorced,T2,N3,IIIC,Regional,Well differentiated,1,24,Positive,Positive,15,13
89,0,46,Other,Married,T2,N1,IIB,Regional,Moderately differentiated,2,23,Positive,Positive,21,2
83,0,41,White,Single ,T3,N3,IIIC,Regional,Moderately differentiated,2,90,Positive,Positive,13,10
47,1,62,White,Divorced,T3,N1,IIIA,Regional,Poorly differentiated,3,61,Positive,Positive,13,3
53,0,45,White,Married,T1,N1,IIA,Regional,Poorly differentiated,3,17,Positive,Positive,3,1
105,0,41,White,Married,T2,N1,IIB,Regional,Poorly differentiated,3,40,Positive,Positive,19,1
106,0,43,White,Married,T1,N1,IIA,Regional,Moderately differentiated,2,1,Positive,Positive,12,1
64,0,69,White,Married,T2,N3,IIIC,Regional,Poorly differentiated,3,34,Positive,Positive,19,15
100,0,56,White,Married,T1,N1,IIA,Regional,Well differentiated,1,10,Positive,Positive,10,1
81,0,62,White,Divorced,T2,N1,IIB,Regional,Moderately differentiated,2,27,Positive,Positive,5,2
85,0,65,White,Divorced,T2,N2,IIIA,Regional,Moderately differentiated,2,30,Positive,Positive,15,4
45,0,32,Other,Single ,T2,N1,IIB,Regional,Poorly differentiated,3,50,Positive,Positive,16,2
56,0,66,White,Married,T2,N1,IIB,Regional,Well differentiated,1,25,Positive,Positive,20,3
92,0,62,White,Married,T3,N1,IIIA,Regional,Moderately differentiated,2,63,Positive,Positive,13,7
81,0,32,White,Married,T1,N1,IIA,Regional,Poorly differentiated,3,17,Positive,Positive,7,1
76,1,32,White,Married,T1,N1,IIA,Regional,Moderately differentiated,2,18,Positive,Positive,13,2
50,0,50,White,Married,T1,N1,IIA,Regional,Poorly differentiated,3,20,Positive,Positive,7,3
49,0,53,White,Married,T2,N3,IIIC,Regional,Moderately differentiated,2,45,Positive,Positive,20,13
95,0,60,White,Married,T2,N2,IIIA,Regional,Moderately differentiated,2,25,Positive,Positive,26,9
4,1,59,White,Single ,T3,N1,IIIA,Regional,Moderately differentiated,2,70,Positive,Positive,9,1
20,0,46,White,Married,T1,N1,IIA,Regional,Well differentiated,1,3,Positive,Positive,6,2
95,0,49,White,Divorced,T2,N1,IIB,Regional,Moderately differentiated,2,26,Positive,Positive,21,1
35,0,39,White,Married,T2,N1,IIB,Regional,Moderately differentiated,2,32,Positive,Positive,10,1
98,0,50,White,Married,T3,N1,IIIA,Regional,Poorly differentiated,3,60,Positive,Positive,6,3
92,0,59,White,Married,T1,N2,IIIA,Regional,Moderately differentiated,2,18,Positive,Positive,22,4
60,0,60,White,Divorced,T3,N1,IIIA,Regional,Poorly differentiated,3,70,Positive,Positive,16,2
3,1,63,White,Married,T2,N2,IIIA,Regional,Moderately differentiated,2,35,Positive,Positive,21,5
82,0,61,White,Widowed,T1,N1,IIA,Regional,Well differentiated,1,8,Positive,Positive,3,1
25,1,63,White,Widowed,T3,N3,IIIC,Regional,Well differentiated,1,65,Positive,Positive,25,25
66,0,49,White,Single ,T4,N2,IIIB,Distant,Well differentiated,1,70,Positive,Positive,16,9
55,0,42,White,Married,T2,N1,IIB,Regional,Moderately differentiated,2,45,Positive,Negative,19,3
15,0,46,White,Married,T2,N2,IIIA,Regional,Moderately differentiated,2,35,Positive,Positive,11,5
56,0,51,White,Married,T2,N1,IIB,Regional,Moderately differentiated,2,28,Positive,Positive,19,3
59,1,43,White,Married,T3,N2,IIIA,Regional,Undifferentiated, anaplastic; Grade IV,75,Negative,Negative,10,5
56,0,49,White,Married,T1,N1,IIA,Regional,Moderately differentiated,2,20,Positive,Positive,6,1
80,0,45,White,Married,T1,N1,IIA,Regional,Poorly differentiated,3,15,Positive,Positive,24,1
30,0,46,Other,Married,T1,N1,IIA,Regional,Moderately differentiated,2,15,Positive,Positive,13,1
60,0,69,White,Married,T1,N1,IIA,Regional,Moderately differentiated,2,18,Positive,Positive,20,1
64,0,50,White,Married,T2,N3,IIIC,Regional,Moderately differentiated,2,30,Positive,Positive,18,2
93,1,66,White,Married,T1,N1,IIA,Regional,Well differentiated,1,10,Positive,Positive,2,1
47,0,43,White,Single ,T1,N1,IIA,Regional,Well differentiated,1,15,Positive,Positive,27,2
46,0,56,White,Married,T2,N1,IIB,Regional,Moderately differentiated,2,35,Positive,Positive,15,2
88,0,37,Other,Married,T2,N1,IIB,Regional,Moderately differentiated,2,35,Positive,Positive,11,2
93,0,52,White,Married,T1,N1,IIA,Regional,Poorly differentiated,3,13,Positive,Positive,11,2
93,0,53,White,Married,T1,N1,IIA,Regional,Poorly differentiated,3,15,Positive,Positive,8,2
87,0,55,White,Married,T1,N2,IIIA,Regional,Moderately differentiated,2,19,Positive,Positive,24,6
49,1,43,White,Married,T2,N2,IIIA,Regional,Moderately differentiated,2,25,Positive,Positive,8,4
56,0,52,White,Widowed,T2,N1,IIB,Regional,Moderately differentiated,2,23,Positive,Negative,10,1
4,1,61,Black,Widowed,T2,N3,IIIC,Regional,Poorly differentiated,3,47,Positive,Positive,21,21
107,0,45,Other,Married,T1,N1,IIA,Regional,Moderately differentiated,2,17,Positive,Positive,6,1
72,0,42,White,Single ,T1,N1,IIA,Regional,Well differentiated,1,14,Positive,Positive,11,1
58,0,50,White,Divorced,T2,N1,IIB,Regional,Moderately differentiated,2,47,Positive,Positive,23,1
103,0,66,White,Married,T1,N1,IIA,Regional,Well differentiated,1,8,Positive,Positive,1,1
94,0,62,White,Married,T1,N1,IIA,Regional,Moderately differentiated,2,12,Positive,Positive,5,1
11,1,67,White,Single ,T2,N1,IIB,Regional,Poorly differentiated,3,38,Negative,Negative,2,1
102,0,60,White,Married,T1,N1,IIA,Regional,Moderately differentiated,2,16,Positive,Positive,27,1
94,0,57,White,Widowed,T4,N1,IIIB,Regional,Poorly differentiated,3,90,Negative,Negative,27,1
80,0,69,White,Married,T1,N1,IIA,Regional,Moderately differentiated,2,17,Positive,Positive,1,1
53,0,60,Other,Married,T3,N3,IIIC,Regional,Poorly differentiated,3,70,Positive,Negative,21,11
48,0,48,White,Married,T1,N1,IIA,Regional,Moderately differentiated,2,18,Positive,Positive,11,1
106,0,50,White,Married,T2,N2,IIIA,Regional,Moderately differentiated,2,21,Positive,Positive,16,7
86,0,53,White,Divorced,T2,N2,IIIA,Regional,Poorly differentiated,3,32,Positive,Positive,20,5
78,0,63,White,Divorced,T2,N1,IIB,Regional,Moderately differentiated,2,30,Positive,Positive,8,1
38,0,52,White,Married,T2,N3,IIIC,Regional,Moderately differentiated,2,50,Positive,Negative,19,18
96,0,57,White,Divorced,T1,N1,IIA,Regional,Moderately differentiated,2,14,Positive,Positive,9,1
98,0,55,White,Married,T1,N1,IIA,Regional,Moderately differentiated,2,19,Positive,Negative,15,2
99,0,63,Black,Widowed,T1,N1,IIA,Regional,Poorly differentiated,3,11,Positive,Positive,24,1
75,0,51,White,Married,T1,N1,IIA,Regional,Moderately differentiated,2,18,Positive,Positive,14,1
2,1,46,White,Divorced,T1,N1,IIA,Regional,Moderately differentiated,2,19,Positive,Positive,26,1
102,0,50,White,Married,T1,N1,IIA,Regional,Well differentiated,1,20,Positive,Positive,16,1
70,0,56,White,Married,T2,N2,IIIA,Regional,Moderately differentiated,2,28,Positive,Positive,18,8
14,1,57,Black,Single ,T4,N3,IIIC,Regional,Poorly differentiated,3,15,Negative,Negative,17,17
60,0,31,White,Single ,T3,N2,IIIA,Regional,Poorly differentiated,3,65,Positive,Positive,14,4
75,0,59,White,Married,T1,N1,IIA,Regional,Moderately differentiated,2,19,Positive,Positive,9,3
72,0,53,White,Married,T1,N1,IIA,Regional,Moderately differentiated,2,15,Positive,Positive,20,2
107,0,66,White,Single ,T2,N1,IIB,Regional,Moderately differentiated,2,23,Positive,Positive,15,2
60,0,46,White,Married,T1,N1,IIA,Regional,Moderately differentiated,2,16,Positive,Positive,2,1
101,0,67,White,Married,T2,N1,IIB,Regional,Moderately differentiated,2,30,Positive,Positive,11,2
97,0,61,White,Married,T3,N1,IIIA,Regional,Well differentiated,1,60,Positive,Negative,14,3
107,0,42,White,Married,T1,N2,IIIA,Regional,Moderately differentiated,2,15,Positive,Positive,10,5
62,0,36,Other,Married,T2,N2,IIIA,Regional,Poorly differentiated,3,22,Positive,Positive,12,6
73,0,49,Other,Divorced,T2,N1,IIB,Regional,Well differentiated,1,30,Positive,Positive,27,1
96,0,68,White,Single ,T1,N1,IIA,Regional,Well differentiated,1,18,Positive,Positive,15,2
91,0,55,White,Single ,T1,N1,IIA,Regional,Moderately differentiated,2,20,Positive,Positive,16,2
102,0,68,Black,Widowed,T2,N1,IIB,Regional,Poorly differentiated,3,45,Positive,Positive,1,1
64,0,52,White,Single ,T1,N1,IIA,Regional,Moderately differentiated,2,17,Positive,Positive,15,1
50,1,63,White,Married,T1,N1,IIA,Regional,Moderately differentiated,2,20,Positive,Positive,4,3
52,0,45,Black,Married,T2,N1,IIB,Regional,Poorly differentiated,3,21,Positive,Positive,15,2
100,0,53,White,Married,T2,N1,IIB,Regional,Well differentiated,1,25,Positive,Positive,23,2
83,0,46,White,Divorced,T1,N1,IIA,Regional,Well differentiated,1,6,Positive,Positive,16,2
67,0,59,White,Married,T1,N1,IIA,Regional,Moderately differentiated,2,14,Positive,Positive,6,1
61,0,53,Black,Married,T1,N1,IIA,Regional,Moderately differentiated,2,20,Positive,Positive,9,2
53,0,53,White,Divorced,T1,N2,IIIA,Regional,Poorly differentiated,3,15,Positive,Positive,14,8
47,1,42,White,Divorced,T1,N1,IIA,Regional,Moderately differentiated,2,17,Positive,Negative,9,1
97,1,53,White,Married,T1,N2,IIIA,Regional,Moderately differentiated,2,10,Positive,Positive,13,6
31,0,51,White,Married,T2,N1,IIB,Regional,Moderately differentiated,2,25,Positive,Positive,3,1
65,0,40,White,Divorced,T2,N1,IIB,Regional,Poorly differentiated,3,30,Positive,Negative,16,2
75,0,44,White,Married,T1,N1,IIA,Regional,Moderately differentiated,2,8,Negative,Negative,9,3
82,0,60,White,Single ,T1,N1,IIA,Regional,Moderately differentiated,2,18,Positive,Positive,16,1
97,0,63,White,Divorced,T1,N1,IIA,Regional,Moderately differentiated,2,18,Positive,Negative,10,1
37,1,66,White,Married,T2,N1,IIB,Regional,Moderately differentiated,2,21,Positive,Positive,16,1
58,0,57,White,Divorced,T1,N1,IIA,Regional,Moderately differentiated,2,15,Positive,Positive,26,1
101,0,58,White,Divorced,T3,N3,IIIC,Regional,Poorly differentiated,3,78,Positive,Negative,11,11
71,0,61,White,Married,T1,N1,IIA,Regional,Well differentiated,1,20,Positive,Positive,16,3
105,0,46,White,Single ,T1,N2,IIIA,Regional,Well differentiated,1,18,Positive,Positive,10,7
63,0,59,White,Divorced,T1,N1,IIA,Regional,Moderately differentiated,2,18,Positive,Positive,29,2
82,0,57,White,Married,T4,N1,IIIB,Distant,Moderately differentiated,2,52,Positive,Positive,21,10
66,0,55,White,Married,T1,N3,IIIC,Regional,Moderately differentiated,2,20,Positive,Positive,25,21
83,0,61,Other,Married,T2,N1,IIB,Regional,Moderately differentiated,2,25,Positive,Positive,9,3
61,0,44,White,Married,T1,N1,IIA,Regional,Moderately differentiated,2,12,Positive,Positive,12,1
9,0,55,White,Married,T1,N1,IIA,Regional,Well differentiated,1,15,Positive,Positive,24,3
52,0,53,White,Married,T1,N1,IIA,Regional,Moderately differentiated,2,6,Positive,Positive,2,1
77,0,69,White,Widowed,T1,N1,IIA,Regional,Poorly differentiated,3,18,Positive,Positive,17,2
54,1,55,White,Married,T2,N1,IIB,Regional,Poorly differentiated,3,35,Negative,Negative,10,1
79,0,38,White,Married,T2,N1,IIB,Regional,Poorly differentiated,3,21,Positive,Positive,19,3
47,0,48,White,Married,T3,N1,IIIA,Regional,Well differentiated,1,60,Positive,Positive,5,1
104,0,67,White,Married,T3,N3,IIIC,Regional,Well differentiated,1,97,Positive,Negative,13,12
12,0,51,White,Divorced,T2,N1,IIB,Regional,Moderately differentiated,2,45,Positive,Positive,6,5
42,1,55,White,Married,T2,N3,IIIC,Regional,Moderately differentiated,2,35,Positive,Negative,13,10
64,0,47,White,Divorced,T1,N2,IIIA,Regional,Moderately differentiated,2,13,Positive,Positive,13,4
96,0,37,White,Married,T1,N1,IIA,Regional,Moderately differentiated,2,17,Positive,Negative,6,1
49,0,54,Black,Married,T1,N1,IIA,Regional,Poorly differentiated,3,14,Positive,Positive,8,2
81,0,61,White,Married,T2,N1,IIB,Regional,Moderately differentiated,2,25,Positive,Positive,11,5
63,0,50,White,Single ,T1,N1,IIA,Regional,Moderately differentiated,2,17,Positive,Positive,3,1
67,0,54,White,Married,T2,N3,IIIC,Regional,Poorly differentiated,3,21,Negative,Negative,29,12
83,0,47,Black,Divorced,T2,N2,IIIA,Regional,Poorly differentiated,3,35,Positive,Positive,11,9
107,0,62,White,Divorced,T1,N1,IIA,Regional,Moderately differentiated,2,8,Positive,Positive,1,1
106,0,57,Other,Married,T1,N2,IIIA,Regional,Poorly differentiated,3,13,Positive,Positive,7,5
18,1,59,White,Married,T2,N1,IIB,Regional,Poorly differentiated,3,38,Negative,Negative,1,1
70,0,49,Black,Single ,T3,N2,IIIA,Regional,Poorly differentiated,3,88,Positive,Positive,22,9
71,0,45,Black,Married,T1,N1,IIA,Regional,Moderately differentiated,2,18,Positive,Positive,4,1
69,0,69,White,Widowed,T2,N1,IIB,Regional,Moderately differentiated,2,40,Positive,Positive,34,2
52,0,55,White,Married,T1,N1,IIA,Regional,Poorly differentiated,3,20,Positive,Positive,7,1
91,0,69,White,Married,T1,N1,IIA,Regional,Moderately differentiated,2,7,Positive,Positive,3,1
64,0,45,White,Divorced,T2,N1,IIB,Regional,Poorly differentiated,3,27,Positive,Negative,5,1
57,0,57,White,Married,T3,N1,IIIA,Regional,Moderately differentiated,2,60,Positive,Positive,17,3
96,0,54,White,Divorced,T2,N2,IIIA,Regional,Moderately differentiated,2,28,Positive,Positive,15,7
56,0,49,White,Married,T2,N1,IIB,Regional,Well differentiated,1,38,Positive,Positive,18,2
94,0,56,White,Married,T2,N1,IIB,Regional,Moderately differentiated,2,45,Positive,Negative,15,3
22,1,69,White,Married,T2,N1,IIB,Regional,Well differentiated,1,21,Positive,Positive,6,3
94,0,60,White,Married,T2,N2,IIIA,Regional,Poorly differentiated,3,42,Positive,Positive,10,4
78,0,35,White,Married,T1,N2,IIIA,Regional,Well differentiated,1,19,Positive,Positive,9,4
72,0,58,White,Divorced,T3,N1,IIIA,Regional,Poorly differentiated,3,60,Positive,Positive,20,1
25,1,69,White,Married,T2,N2,IIIA,Regional,Poorly differentiated,3,43,Negative,Negative,9,4
69,0,65,Other,Widowed,T1,N2,IIIA,Regional,Well differentiated,1,6,Positive,Positive,11,5
90,1,67,White,Widowed,T2,N2,IIIA,Regional,Poorly differentiated,3,40,Negative,Negative,9,6
59,1,51,White,Single ,T3,N2,IIIA,Regional,Poorly differentiated,3,50,Positive,Positive,18,6
55,0,40,White,Married,T1,N1,IIA,Regional,Poorly differentiated,3,14,Positive,Positive,1,1
105,0,33,White,Single ,T2,N1,IIB,Regional,Moderately differentiated,2,45,Positive,Negative,14,2
95,0,56,White,Married,T1,N1,IIA,Regional,Moderately differentiated,2,20,Positive,Positive,6,1
45,1,59,White,Married,T2,N3,IIIC,Regional,Moderately differentiated,2,28,Positive,Negative,22,19
14,1,61,White,Divorced,T1,N1,IIA,Regional,Moderately differentiated,2,12,Positive,Positive,8,1
56,1,46,White,Married,T1,N3,IIIC,Regional,Poorly differentiated,3,20,Positive,Positive,15,11
82,0,67,White,Married,T2,N1,IIB,Regional,Moderately differentiated,2,42,Positive,Positive,15,2
68,0,69,White,Widowed,T1,N1,IIA,Regional,Moderately differentiated,2,14,Positive,Positive,8,2
100,0,52,White,Married,T1,N1,IIA,Regional,Moderately differentiated,2,2,Negative,Negative,11,1
78,0,41,White,Married,T2,N2,IIIA,Regional,Moderately differentiated,2,35,Positive,Positive,23,4
105,0,57,Other,Married,T1,N1,IIA,Regional,Moderately differentiated,2,11,Positive,Negative,14,1
66,0,54,White,Married,T1,N1,IIA,Regional,Well differentiated,1,5,Positive,Positive,28,1
93,0,60,White,Married,T1,N1,IIA,Regional,Moderately differentiated,2,20,Positive,Negative,6,1
71,0,36,Other,Married,T2,N1,IIB,Regional,Moderately differentiated,2,29,Negative,Negative,8,2
80,0,52,White,Married,T2,N2,IIIA,Regional,Well differentiated,1,24,Positive,Positive,11,4
21,1,35,Black,Single ,T1,N1,IIA,Regional,Poorly differentiated,3,18,Negative,Negative,8,1
102,0,57,White,Married,T1,N1,IIA,Regional,Moderately differentiated,2,10,Positive,Negative,19,2
84,0,68,White,Married,T2,N3,IIIC,Regional,Moderately differentiated,2,30,Positive,Positive,20,11
98,0,64,White,Married,T1,N1,IIA,Regional,Moderately differentiated,2,15,Positive,Positive,3,1
75,0,49,White,Single ,T1,N1,IIA,Regional,Poorly differentiated,3,15,Positive,Positive,10,1
81,0,57,White,Married,T3,N2,IIIA,Regional,Moderately differentiated,2,60,Positive,Positive,16,4
13,1,49,White,Single ,T2,N1,IIB,Regional,Moderately differentiated,2,26,Positive,Positive,4,3
96,0,53,Other,Married,T2,N2,IIIA,Regional,Poorly differentiated,3,40,Positive,Negative,9,9
58,0,52,Black,Single ,T2,N1,IIB,Regional,Well differentiated,1,40,Positive,Positive,24,3
100,1,46,White,Separated,T2,N1,IIB,Regional,Poorly differentiated,3,25,Positive,Negative,4,1
96,0,54,White,Married,T2,N1,IIB,Regional,Moderately differentiated,2,27,Positive,Positive,12,3
58,0,60,White,Married,T2,N1,IIB,Regional,Moderately differentiated,2,22,Positive,Negative,10,1
73,0,46,White,Married,T2,N1,IIB,Regional,Moderately differentiated,2,23,Positive,Positive,6,1
98,0,66,White,Married,T1,N1,IIA,Regional,Moderately differentiated,2,12,Positive,Positive,12,2
96,0,55,White,Divorced,T2,N1,IIB,Regional,Poorly differentiated,3,30,Positive,Positive,13,2
89,0,47,White,Separated,T1,N1,IIA,Regional,Well differentiated,1,2,Positive,Positive,25,1
6,1,49,White,Single ,T2,N3,IIIC,Regional,Poorly differentiated,3,40,Negative,Negative,18,16
79,0,44,White,Married,T2,N1,IIB,Regional,Moderately differentiated,2,30,Positive,Positive,12,1
77,0,49,White,Married,T3,N2,IIIA,Regional,Poorly differentiated,3,60,Positive,Positive,16,7
107,0,60,Other,Married,T1,N1,IIA,Regional,Moderately differentiated,2,9,Positive,Positive,14,2
65,0,46,White,Married,T3,N1,IIIA,Regional,Moderately differentiated,2,70,Positive,Positive,4,1
60,0,49,White,Divorced,T1,N1,IIA,Regional,Moderately differentiated,2,17,Positive,Positive,15,2
54,0,50,White,Married,T2,N1,IIB,Regional,Well differentiated,1,45,Positive,Positive,13,2
61,0,49,Black,Married,T3,N1,IIIA,Regional,Poorly differentiated,3,51,Positive,Positive,13,1
72,0,51,Black,Married,T1,N1,IIA,Regional,Moderately differentiated,2,10,Positive,Positive,20,1
71,0,52,White,Married,T3,N1,IIIA,Regional,Well differentiated,1,85,Positive,Positive,11,4
89,0,46,White,Married,T2,N1,IIB,Regional,Poorly differentiated,3,30,Positive,Negative,8,1
49,0,68,White,Divorced,T1,N3,IIIC,Regional,Poorly differentiated,3,14,Positive,Positive,35,26
106,0,48,White,Married,T1,N1,IIA,Regional,Well differentiated,1,15,Positive,Positive,18,4
52,0,48,White,Married,T1,N1,IIA,Regional,Well differentiated,1,10,Positive,Positive,15,1
80,1,53,White,Married,T2,N1,IIB,Regional,Poorly differentiated,3,27,Positive,Negative,12,2
73,0,54,White,Married,T1,N1,IIA,Regional,Moderately differentiated,2,15,Positive,Positive,1,1
52,0,50,White,Married,T2,N2,IIIA,Regional,Well differentiated,1,35,Positive,Positive,16,5
74,0,56,White,Married,T1,N2,IIIA,Regional,Moderately differentiated,2,20,Positive,Positive,12,7
55,0,56,White,Married,T3,N3,IIIC,Regional,Moderately differentiated,2,90,Positive,Positive,10,10
53,0,54,White,Married,T1,N1,IIA,Regional,Poorly differentiated,3,10,Positive,Positive,23,1
89,0,45,White,Single ,T4,N1,IIIB,Regional,Well differentiated,1,100,Positive,Positive,8,3
72,0,55,White,Married,T3,N1,IIIA,Regional,Moderately differentiated,2,55,Positive,Positive,16,1
72,0,64,White,Married,T2,N3,IIIC,Regional,Well differentiated,1,35,Positive,Positive,24,11
68,0,46,White,Single ,T1,N1,IIA,Regional,Poorly differentiated,3,18,Positive,Positive,14,2
55,0,56,White,Single ,T2,N1,IIB,Regional,Moderately differentiated,2,21,Positive,Positive,24,1
70,0,58,Black,Married,T1,N1,IIA,Regional,Poorly differentiated,3,15,Positive,Positive,10,2
84,0,45,White,Married,T3,N2,IIIA,Regional,Moderately differentiated,2,74,Positive,Positive,24,5
80,1,30,White,Single ,T2,N1,IIB,Regional,Poorly differentiated,3,50,Negative,Negative,17,1
54,0,67,White,Married,T3,N1,IIIA,Regional,Moderately differentiated,2,70,Positive,Negative,9,4
8,0,46,White,Married,T2,N1,IIB,Regional,Moderately differentiated,2,24,Positive,Positive,30,1
98,0,49,White,Married,T2,N1,IIB,Regional,Poorly differentiated,3,28,Positive,Negative,13,1
91,0,63,Other,Single ,T1,N1,IIA,Regional,Moderately differentiated,2,15,Positive,Negative,23,1
4,1,49,White,Divorced,T2,N1,IIB,Regional,Moderately differentiated,2,38,Positive,Negative,15,3
101,0,67,White,Single ,T1,N1,IIA,Regional,Poorly differentiated,3,16,Positive,Positive,20,1
99,0,60,Black,Divorced,T2,N1,IIB,Regional,Moderately differentiated,2,35,Positive,Positive,1,1
74,0,46,White,Married,T1,N1,IIA,Regional,Moderately differentiated,2,19,Positive,Positive,8,2
80,0,37,White,Married,T3,N1,IIIA,Regional,Moderately differentiated,2,52,Positive,Positive,19,3
70,0,65,White,Married,T1,N2,IIIA,Regional,Well differentiated,1,10,Positive,Positive,16,5
69,0,43,Black,Single ,T2,N1,IIB,Regional,Poorly differentiated,3,39,Positive,Positive,27,3
9,0,61,Black,Widowed,T2,N1,IIB,Regional,Poorly differentiated,3,30,Positive,Positive,15,5
72,0,64,White,Married,T1,N1,IIA,Regional,Moderately differentiated,2,8,Positive,Positive,9,2
100,0,52,White,Married,T1,N1,IIA,Regional,Moderately differentiated,2,19,Positive,Negative,9,2
103,0,43,White,Married,T1,N1,IIA,Regional,Moderately differentiated,2,11,Positive,Positive,25,2
39,0,67,White,Widowed,T2,N1,IIB,Regional,Poorly differentiated,3,22,Positive,Negative,2,1
87,0,51,White,Married,T2,N2,IIIA,Regional,Well differentiated,1,23,Positive,Positive,9,5
67,0,69,Black,Widowed,T1,N1,IIA,Regional,Moderately differentiated,2,14,Positive,Positive,7,1
85,0,67,White,Widowed,T2,N3,IIIC,Regional,Moderately differentiated,2,25,Positive,Positive,18,16
75,0,59,White,Married,T3,N3,IIIC,Regional,Moderately differentiated,2,55,Positive,Positive,19,11
50,0,50,White,Married,T2,N1,IIB,Regional,Well differentiated,1,40,Positive,Positive,13,1
53,0,65,White,Married,T2,N2,IIIA,Regional,Poorly differentiated,3,35,Positive,Positive,8,4
66,0,47,White,Married,T1,N1,IIA,Regional,Poorly differentiated,3,17,Positive,Positive,9,2
92,0,51,White,Married,T2,N2,IIIA,Regional,Moderately differentiated,2,35,Positive,Positive,6,4
66,0,46,White,Married,T1,N1,IIA,Regional,Poorly differentiated,3,15,Positive,Positive,14,1
26,0,53,White,Married,T1,N1,IIA,Regional,Poorly differentiated,3,15,Positive,Positive,15,2
89,0,57,White,Married,T3,N1,IIIA,Regional,Well differentiated,1,80,Positive,Positive,15,3
53,1,53,White,Divorced,T2,N2,IIIA,Regional,Moderately differentiated,2,40,Positive,Positive,19,9
23,1,63,White,Widowed,T2,N2,IIIA,Regional,Moderately differentiated,2,42,Positive,Negative,16,5
68,0,60,White,Widowed,T1,N1,IIA,Regional,Well differentiated,1,14,Positive,Positive,23,1
83,0,47,White,Married,T2,N1,IIB,Regional,Moderately differentiated,2,26,Positive,Positive,2,1
63,0,46,White,Single ,T2,N1,IIB,Regional,Moderately differentiated,2,42,Positive,Negative,3,1
68,0,43,White,Separated,T2,N2,IIIA,Regional,Moderately differentiated,2,25,Positive,Positive,17,9
99,0,46,White,Single ,T3,N1,IIIA,Regional,Moderately differentiated,2,70,Positive,Positive,1,1
100,0,60,White,Married,T2,N1,IIB,Regional,Moderately differentiated,2,40,Positive,Positive,20,2
106,0,53,White,Married,T3,N1,IIIA,Regional,Moderately differentiated,2,60,Positive,Positive,5,2
102,0,62,White,Single ,T2,N1,IIB,Regional,Poorly differentiated,3,25,Positive,Positive,1,1
27,1,47,Black,Single ,T1,N1,IIA,Regional,Moderately differentiated,2,5,Positive,Positive,27,1
48,1,65,White,Married,T2,N1,IIB,Regional,Moderately differentiated,2,30,Positive,Negative,15,3
91,0,59,White,Married,T2,N3,IIIC,Regional,Poorly differentiated,3,45,Positive,Positive,23,18
63,0,61,White,Divorced,T1,N1,IIA,Regional,Well differentiated,1,11,Positive,Positive,3,1
68,0,69,White,Married,T2,N1,IIB,Regional,Moderately differentiated,2,22,Positive,Positive,13,3
77,1,55,White,Married,T2,N2,IIIA,Regional,Well differentiated,1,25,Positive,Positive,10,5
100,0,53,White,Divorced,T1,N1,IIA,Regional,Poorly differentiated,3,14,Positive,Positive,14,1
78,0,54,White,Married,T1,N1,IIA,Regional,Moderately differentiated,2,19,Positive,Positive,15,1
41,0,49,White,Married,T1,N1,IIA,Regional,Moderately differentiated,2,20,Positive,Positive,18,2
86,0,61,White,Married,T1,N3,IIIC,Regional,Moderately differentiated,2,12,Positive,Negative,25,23
91,0,62,Other,Widowed,T1,N1,IIA,Regional,Moderately differentiated,2,16,Positive,Positive,21,2
53,1,40,White,Married,T3,N2,IIIA,Regional,Moderately differentiated,2,60,Positive,Positive,14,5
56,0,45,White,Married,T2,N2,IIIA,Regional,Moderately differentiated,2,46,Positive,Positive,11,4
54,0,47,White,Married,T4,N1,IIIB,Distant,Moderately differentiated,2,53,Positive,Positive,17,5
106,0,59,White,Married,T1,N1,IIA,Regional,Moderately differentiated,2,6,Positive,Negative,13,1
101,0,42,White,Divorced,T1,N1,IIA,Regional,Moderately differentiated,2,18,Positive,Positive,10,1
81,1,66,White,Divorced,T1,N2,IIIA,Regional,Moderately differentiated,2,5,Positive,Positive,13,5
92,0,34,Other,Married,T2,N2,IIIA,Regional,Moderately differentiated,2,25,Positive,Positive,15,6
102,0,65,White,Single ,T2,N1,IIB,Regional,Poorly differentiated,3,35,Positive,Positive,18,2
70,0,43,White,Married,T1,N1,IIA,Regional,Poorly differentiated,3,10,Negative,Negative,13,2
30,1,50,White,Married,T3,N1,IIIA,Regional,Poorly differentiated,3,60,Positive,Positive,12,2
93,0,56,White,Married,T1,N1,IIA,Regional,Well differentiated,1,16,Positive,Positive,11,1
59,0,61,White,Widowed,T1,N1,IIA,Regional,Moderately differentiated,2,12,Positive,Positive,20,1
52,0,55,White,Married,T2,N1,IIB,Regional,Poorly differentiated,3,31,Negative,Negative,22,1
63,1,45,White,Divorced,T3,N1,IIIA,Regional,Poorly differentiated,3,51,Positive,Positive,11,3
18,0,52,White,Single ,T2,N1,IIB,Regional,Poorly differentiated,3,50,Positive,Negative,13,3
34,1,42,White,Married,T2,N2,IIIA,Regional,Moderately differentiated,2,25,Positive,Positive,8,5
59,0,65,White,Single ,T1,N1,IIA,Regional,Moderately differentiated,2,15,Positive,Positive,17,2
107,0,65,White,Single ,T2,N2,IIIA,Regional,Well differentiated,1,33,Positive,Positive,12,4
59,0,39,White,Married,T3,N3,IIIC,Regional,Well differentiated,1,80,Positive,Positive,15,10
102,0,44,Other,Married,T2,N2,IIIA,Regional,Well differentiated,1,25,Positive,Positive,11,5
49,0,50,White,Married,T1,N1,IIA,Regional,Moderately differentiated,2,9,Positive,Positive,2,1
56,0,67,White,Widowed,T2,N1,IIB,Regional,Moderately differentiated,2,27,Positive,Positive,11,1
60,0,61,White,Married,T1,N1,IIA,Regional,Moderately differentiated,2,15,Positive,Positive,10,1
94,0,61,White,Divorced,T1,N1,IIA,Regional,Poorly differentiated,3,8,Positive,Positive,18,3
55,1,60,White,Married,T4,N1,IIIB,Regional,Moderately differentiated,2,70,Positive,Positive,14,1
94,0,64,White,Married,T2,N1,IIB,Regional,Moderately differentiated,2,35,Positive,Positive,19,1
73,1,45,White,Single ,T4,N2,IIIB,Regional,Well differentiated,1,18,Positive,Positive,21,9
91,0,60,White,Married,T1,N2,IIIA,Regional,Poorly differentiated,3,20,Positive,Positive,14,4
41,0,56,White,Married,T2,N1,IIB,Regional,Moderately differentiated,2,48,Positive,Positive,3,1
84,0,49,White,Married,T1,N1,IIA,Regional,Moderately differentiated,2,18,Positive,Positive,3,1
52,1,51,White,Divorced,T2,N2,IIIA,Regional,Moderately differentiated,2,35,Positive,Positive,13,5
6,1,61,White,Single ,T2,N2,IIIA,Regional,Poorly differentiated,3,42,Positive,Positive,17,6
65,0,53,Black,Single ,T1,N1,IIA,Regional,Moderately differentiated,2,15,Positive,Positive,6,1
71,0,59,White,Single ,T1,N1,IIA,Regional,Moderately differentiated,2,15,Positive,Positive,24,3
66,0,38,White,Married,T2,N1,IIB,Regional,Moderately differentiated,2,45,Positive,Positive,14,3
65,0,64,White,Divorced,T2,N1,IIB,Regional,Moderately differentiated,2,36,Positive,Positive,24,17
8,0,53,White,Married,T2,N1,IIB,Regional,Poorly differentiated,3,40,Positive,Positive,17,1
79,0,67,White,Single ,T2,N1,IIB,Regional,Moderately differentiated,2,40,Positive,Positive,17,3
80,0,69,White,Married,T2,N3,IIIC,Regional,Poorly differentiated,3,50,Positive,Positive,12,11
62,0,63,White,Married,T1,N1,IIA,Regional,Moderately differentiated,2,15,Positive,Positive,15,1
71,1,58,White,Married,T1,N1,IIA,Regional,Moderately differentiated,2,16,Positive,Positive,4,2
97,0,44,White,Married,T1,N1,IIA,Regional,Moderately differentiated,2,14,Positive,Negative,9,1
102,0,67,White,Widowed,T1,N3,IIIC,Regional,Moderately differentiated,2,10,Positive,Positive,29,13
61,0,53,White,Married,T1,N1,IIA,Regional,Moderately differentiated,2,15,Positive,Positive,18,2
61,0,48,White,Single ,T1,N1,IIA,Regional,Moderately differentiated,2,18,Positive,Positive,5,2
75,0,58,White,Married,T2,N1,IIB,Regional,Well differentiated,1,24,Positive,Positive,3,1
83,0,47,White,Married,T2,N1,IIB,Regional,Moderately differentiated,2,50,Positive,Positive,18,1
44,1,68,White,Married,T2,N1,IIB,Regional,Poorly differentiated,3,50,Positive,Positive,19,4
70,0,69,White,Married,T1,N1,IIA,Regional,Poorly differentiated,3,20,Positive,Positive,21,3
27,1,60,White,Divorced,T2,N2,IIIA,Regional,Well differentiated,1,25,Positive,Positive,12,7
62,0,60,White,Divorced,T2,N1,IIB,Regional,Poorly differentiated,3,25,Negative,Negative,10,1
69,0,50,White,Married,T2,N1,IIB,Regional,Moderately differentiated,2,25,Positive,Positive,17,3
73,0,50,White,Widowed,T2,N2,IIIA,Regional,Poorly differentiated,3,30,Positive,Positive,7,6
63,0,59,White,Married,T3,N1,IIIA,Regional,Well differentiated,1,52,Positive,Positive,18,2
88,0,63,White,Married,T3,N1,IIIA,Regional,Poorly differentiated,3,62,Positive,Positive,4,1
69,0,62,White,Divorced,T3,N3,IIIC,Regional,Poorly differentiated,3,80,Positive,Positive,18,15
51,0,40,White,Married,T1,N1,IIA,Regional,Moderately differentiated,2,17,Positive,Positive,7,1
9,1,48,White,Married,T4,N3,IIIC,Distant,Poorly differentiated,3,36,Negative,Negative,17,12
107,0,60,White,Divorced,T2,N2,IIIA,Regional,Moderately differentiated,2,23,Positive,Negative,8,4
68,0,46,White,Single ,T3,N1,IIIA,Regional,Moderately differentiated,2,53,Positive,Positive,22,1
78,0,50,White,Married,T1,N1,IIA,Regional,Moderately differentiated,2,10,Positive,Positive,2,1
89,0,46,White,Single ,T2,N1,IIB,Regional,Poorly differentiated,3,24,Positive,Positive,4,2
96,0,64,White,Married,T3,N1,IIIA,Regional,Moderately differentiated,2,65,Positive,Positive,16,1
100,0,64,White,Single ,T1,N1,IIA,Regional,Moderately differentiated,2,15,Positive,Positive,30,1
54,0,68,Other,Married,T2,N1,IIB,Regional,Poorly differentiated,3,40,Positive,Positive,7,7
76,0,68,White,Widowed,T1,N1,IIA,Regional,Moderately differentiated,2,12,Positive,Positive,13,1
95,0,65,White,Widowed,T1,N1,IIA,Regional,Well differentiated,1,20,Positive,Positive,16,2
98,0,64,Other,Married,T2,N1,IIB,Regional,Moderately differentiated,2,21,Positive,Positive,1,1
77,0,55,White,Married,T1,N1,IIA,Regional,Moderately differentiated,2,17,Positive,Positive,7,1
87,0,65,White,Married,T3,N2,IIIA,Regional,Moderately differentiated,2,56,Positive,Negative,14,7
106,0,50,White,Married,T4,N1,IIIB,Regional,Moderately differentiated,2,80,Positive,Positive,5,3
97,0,40,White,Married,T1,N1,IIA,Regional,Moderately differentiated,2,16,Positive,Positive,25,1
56,0,35,White,Married,T2,N1,IIB,Regional,Poorly differentiated,3,30,Positive,Positive,9,1
61,0,50,White,Married,T2,N1,IIB,Regional,Well differentiated,1,45,Positive,Positive,12,2
67,0,52,White,Married,T1,N1,IIA,Regional,Moderately differentiated,2,20,Positive,Positive,14,1
98,0,39,Black,Single ,T1,N1,IIA,Regional,Moderately differentiated,2,20,Negative,Negative,15,1
50,0,55,White,Married,T2,N1,IIB,Regional,Poorly differentiated,3,22,Positive,Positive,1,1
73,0,69,White,Married,T2,N3,IIIC,Regional,Moderately differentiated,2,50,Positive,Positive,22,14
89,0,55,White,Married,T1,N1,IIA,Regional,Moderately differentiated,2,16,Positive,Positive,17,1
60,0,60,White,Divorced,T2,N1,IIB,Regional,Moderately differentiated,2,35,Positive,Negative,7,2
57,0,50,White,Married,T2,N1,IIB,Regional,Well differentiated,1,31,Positive,Positive,6,3
107,0,62,White,Married,T2,N1,IIB,Regional,Poorly differentiated,3,29,Positive,Positive,24,2
94,0,64,White,Divorced,T1,N1,IIA,Regional,Poorly differentiated,3,10,Positive,Positive,5,1
85,0,47,White,Married,T3,N1,IIIA,Regional,Moderately differentiated,2,55,Positive,Positive,13,1
58,0,41,Black,Single ,T1,N1,IIA,Regional,Moderately differentiated,2,8,Positive,Positive,17,1
102,0,60,White,Married,T2,N1,IIB,Regional,Moderately differentiated,2,40,Positive,Positive,15,1
16,1,69,White,Divorced,T1,N1,IIA,Regional,Poorly differentiated,3,15,Negative,Negative,7,1
61,0,38,White,Single ,T3,N3,IIIC,Regional,Poorly differentiated,3,70,Positive,Positive,21,14
68,1,41,White,Divorced,T2,N3,IIIC,Regional,Poorly differentiated,3,25,Positive,Positive,25,12
57,0,62,Black,Married,T2,N1,IIB,Regional,Poorly differentiated,3,35,Positive,Positive,17,2
74,0,54,White,Married,T3,N1,IIIA,Regional,Moderately differentiated,2,69,Positive,Negative,16,1
8,1,67,White,Married,T3,N3,IIIC,Distant,Poorly differentiated,3,85,Positive,Positive,37,29
65,0,63,White,Married,T1,N1,IIA,Regional,Poorly differentiated,3,20,Positive,Positive,13,1
82,1,50,Other,Married,T1,N1,IIA,Regional,Moderately differentiated,2,18,Positive,Positive,8,3
49,0,53,White,Divorced,T4,N3,IIIC,Regional,Moderately differentiated,2,28,Positive,Positive,33,27
59,1,46,White,Divorced,T4,N3,IIIC,Regional,Poorly differentiated,3,50,Positive,Positive,24,22
92,0,46,White,Married,T1,N1,IIA,Regional,Poorly differentiated,3,12,Positive,Positive,28,2
102,0,64,White,Divorced,T2,N1,IIB,Regional,Moderately differentiated,2,44,Positive,Positive,24,1
67,1,47,White,Divorced,T2,N1,IIB,Regional,Moderately differentiated,2,42,Positive,Positive,13,3
44,1,68,White,Widowed,T1,N3,IIIC,Regional,Poorly differentiated,3,17,Negative,Negative,22,19
55,0,51,White,Single ,T3,N3,IIIC,Regional,Moderately differentiated,2,63,Positive,Positive,33,14
99,0,61,White,Married,T3,N3,IIIC,Regional,Poorly differentiated,3,80,Positive,Positive,21,12
60,0,55,White,Married,T3,N1,IIIA,Regional,Poorly differentiated,3,90,Positive,Positive,11,3
71,0,50,White,Married,T2,N1,IIB,Regional,Moderately differentiated,2,34,Positive,Positive,14,2
66,0,52,Other,Married,T1,N1,IIA,Regional,Well differentiated,1,18,Positive,Positive,12,2
45,0,47,White,Divorced,T2,N2,IIIA,Regional,Moderately differentiated,2,35,Positive,Positive,19,4
103,0,37,White,Married,T2,N2,IIIA,Regional,Moderately differentiated,2,40,Positive,Positive,13,8
85,0,57,White,Widowed,T1,N1,IIA,Regional,Moderately differentiated,2,20,Positive,Negative,26,2
82,0,47,Other,Married,T3,N2,IIIA,Regional,Moderately differentiated,2,110,Positive,Positive,19,4
98,0,48,White,Married,T1,N1,IIA,Regional,Well differentiated,1,10,Negative,Positive,3,1
65,0,47,White,Married,T2,N1,IIB,Regional,Moderately differentiated,2,23,Positive,Positive,12,3
55,0,45,White,Widowed,T1,N1,IIA,Regional,Moderately differentiated,2,20,Positive,Positive,14,1
53,1,37,White,Married,T1,N1,IIA,Regional,Poorly differentiated,3,13,Positive,Positive,15,1
63,0,58,White,Divorced,T2,N1,IIB,Regional,Moderately differentiated,2,25,Positive,Positive,15,1
95,0,43,Other,Married,T2,N1,IIB,Regional,Moderately differentiated,2,36,Positive,Positive,12,2
106,0,56,White,Married,T2,N1,IIB,Regional,Well differentiated,1,25,Positive,Positive,4,2
53,1,64,Black,Divorced,T1,N1,IIA,Regional,Moderately differentiated,2,3,Positive,Positive,3,1
89,0,40,White,Married,T1,N2,IIIA,Regional,Moderately differentiated,2,3,Negative,Negative,9,6
101,0,58,White,Married,T3,N1,IIIA,Regional,Moderately differentiated,2,83,Positive,Positive,12,1
98,0,56,White,Married,T1,N1,IIA,Regional,Poorly differentiated,3,12,Positive,Positive,41,3
106,0,42,Other,Married,T1,N1,IIA,Regional,Poorly differentiated,3,14,Positive,Positive,16,1
98,0,63,White,Divorced,T4,N3,IIIC,Distant,Poorly differentiated,3,80,Positive,Positive,22,18
98,0,59,White,Single ,T1,N1,IIA,Regional,Poorly differentiated,3,15,Positive,Positive,8,1
44,1,62,White,Single ,T1,N2,IIIA,Regional,Moderately differentiated,2,15,Positive,Positive,13,4
82,0,69,White,Married,T2,N1,IIB,Regional,Poorly differentiated,3,25,Positive,Positive,17,2
81,1,58,White,Single ,T1,N1,IIA,Regional,Poorly differentiated,3,15,Positive,Positive,3,1
65,0,64,White,Divorced,T1,N2,IIIA,Regional,Moderately differentiated,2,15,Positive,Positive,19,5
107,0,47,White,Married,T1,N1,IIA,Regional,Moderately differentiated,2,17,Positive,Negative,1,1
96,0,59,White,Married,T1,N1,IIA,Regional,Poorly differentiated,3,15,Positive,Positive,21,2
86,0,48,Black,Single ,T2,N1,IIB,Regional,Poorly differentiated,3,21,Positive,Positive,2,1
94,0,44,White,Married,T1,N1,IIA,Regional,Well differentiated,1,17,Positive,Positive,16,15
72,0,49,Black,Married,T3,N2,IIIA,Regional,Moderately differentiated,2,80,Positive,Positive,12,6
75,0,46,White,Single ,T2,N1,IIB,Regional,Moderately differentiated,2,45,Positive,Negative,6,3
106,0,48,White,Divorced,T1,N1,IIA,Regional,Poorly differentiated,3,17,Positive,Positive,4,1
56,0,53,White,Widowed,T1,N2,IIIA,Regional,Moderately differentiated,2,20,Positive,Positive,11,6
47,0,63,White,Married,T2,N2,IIIA,Regional,Poorly differentiated,3,34,Positive,Positive,13,5
58,0,47,White,Married,T2,N1,IIB,Regional,Moderately differentiated,2,25,Positive,Positive,26,1
79,0,52,White,Married,T3,N1,IIIA,Regional,Moderately differentiated,2,60,Positive,Positive,23,2
101,0,62,White,Married,T2,N1,IIB,Regional,Poorly differentiated,3,25,Positive,Positive,11,2
97,0,42,Black,Divorced,T1,N1,IIA,Regional,Moderately differentiated,2,20,Positive,Positive,10,2
92,0,47,White,Married,T2,N1,IIB,Regional,Moderately differentiated,2,24,Positive,Positive,22,1
95,0,43,White,Married,T2,N1,IIB,Regional,Moderately differentiated,2,30,Positive,Positive,14,3
100,0,58,Black,Divorced,T1,N1,IIA,Regional,Well differentiated,1,15,Positive,Positive,8,1
68,0,59,White,Married,T1,N1,IIA,Regional,Poorly differentiated,3,17,Positive,Positive,4,1
58,0,35,White,Married,T1,N1,IIA,Regional,Well differentiated,1,16,Positive,Positive,3,1
83,0,64,White,Married,T1,N1,IIA,Regional,Well differentiated,1,20,Positive,Positive,17,1
48,1,43,White,Married,T2,N1,IIB,Regional,Poorly differentiated,3,42,Positive,Negative,2,1
82,0,56,White,Married,T2,N1,IIB,Regional,Moderately differentiated,2,25,Positive,Positive,23,1
54,0,60,White,Married,T3,N1,IIIA,Regional,Moderately differentiated,2,75,Positive,Positive,17,3
49,0,67,White,Single ,T2,N1,IIB,Regional,Moderately differentiated,2,36,Positive,Positive,3,1
54,0,57,White,Married,T1,N1,IIA,Regional,Moderately differentiated,2,12,Positive,Positive,13,2
46,1,67,White,Married,T1,N2,IIIA,Regional,Moderately differentiated,2,4,Positive,Negative,19,4
91,0,36,White,Married,T2,N2,IIIA,Regional,Well differentiated,1,35,Positive,Positive,14,4
51,0,40,White,Married,T2,N1,IIB,Regional,Well differentiated,1,34,Positive,Positive,23,2
8,0,49,White,Married,T2,N2,IIIA,Regional,Well differentiated,1,22,Positive,Positive,8,5
91,0,51,White,Single ,T2,N2,IIIA,Regional,Well differentiated,1,35,Positive,Positive,13,6
49,0,63,White,Separated,T2,N1,IIB,Regional,Poorly differentiated,3,30,Positive,Positive,24,1
81,1,38,White,Widowed,T3,N3,IIIC,Regional,Poorly differentiated,3,81,Positive,Positive,12,10
36,1,44,White,Single ,T2,N2,IIIA,Regional,Poorly differentiated,3,40,Positive,Positive,11,7
42,1,56,White,Married,T2,N2,IIIA,Regional,Moderately differentiated,2,30,Positive,Positive,11,8
65,0,44,White,Married,T3,N2,IIIA,Regional,Moderately differentiated,2,60,Positive,Positive,17,5
87,1,61,Black,Married,T1,N1,IIA,Regional,Poorly differentiated,3,13,Positive,Positive,2,1
23,0,38,Other,Married,T1,N1,IIA,Regional,Poorly differentiated,3,15,Negative,Positive,21,1
68,0,68,White,Married,T1,N1,IIA,Regional,Moderately differentiated,2,15,Positive,Positive,16,1
84,0,65,White,Married,T1,N1,IIA,Regional,Moderately differentiated,2,20,Positive,Positive,15,1
76,0,55,White,Married,T2,N2,IIIA,Regional,Well differentiated,1,40,Positive,Positive,9,4
71,0,66,White,Married,T1,N1,IIA,Regional,Moderately differentiated,2,15,Positive,Positive,2,1
49,0,43,White,Married,T2,N2,IIIA,Regional,Moderately differentiated,2,30,Positive,Positive,17,7
70,0,57,White,Single ,T2,N1,IIB,Regional,Poorly differentiated,3,25,Positive,Positive,14,3
6,1,66,White,Married,T3,N2,IIIA,Regional,Moderately differentiated,2,65,Positive,Positive,20,6
43,1,59,White,Married,T4,N2,IIIB,Regional,Poorly differentiated,3,78,Positive,Positive,12,8
96,0,57,White,Married,T1,N1,IIA,Regional,Moderately differentiated,2,14,Positive,Negative,16,1
42,0,68,White,Married,T1,N2,IIIA,Regional,Moderately differentiated,2,5,Positive,Positive,27,8
91,0,51,White,Married,T1,N1,IIA,Regional,Poorly differentiated,3,13,Positive,Positive,13,1
64,0,68,White,Single ,T1,N1,IIA,Regional,Moderately differentiated,2,15,Positive,Positive,29,1
99,0,47,White,Married,T1,N1,IIA,Regional,Moderately differentiated,2,15,Positive,Positive,10,1
104,0,62,White,Single ,T1,N2,IIIA,Regional,Moderately differentiated,2,7,Positive,Positive,24,7
65,0,50,White,Married,T1,N2,IIIA,Regional,Moderately differentiated,2,14,Positive,Positive,19,4
51,0,69,White,Married,T1,N1,IIA,Regional,Well differentiated,1,13,Positive,Positive,14,1
80,0,66,Other,Married,T2,N1,IIB,Regional,Moderately differentiated,2,22,Positive,Positive,14,1
58,0,67,White,Married,T1,N1,IIA,Regional,Moderately differentiated,2,14,Positive,Positive,9,1
68,1,62,White,Divorced,T2,N3,IIIC,Distant,Moderately differentiated,2,25,Positive,Positive,19,12
96,0,67,White,Widowed,T1,N1,IIA,Regional,Moderately differentiated,2,10,Positive,Positive,19,2
90,0,66,White,Married,T1,N1,IIA,Regional,Moderately differentiated,2,11,Positive,Positive,7,1
82,0,48,White,Single ,T1,N1,IIA,Regional,Moderately differentiated,2,14,Positive,Positive,20,1
97,0,44,White,Married,T1,N1,IIA,Regional,Poorly differentiated,3,13,Positive,Negative,16,1
87,0,50,White,Married,T1,N1,IIA,Regional,Moderately differentiated,2,10,Positive,Positive,13,1
61,0,56,White,Divorced,T1,N1,IIA,Regional,Moderately differentiated,2,6,Positive,Positive,16,1
101,0,49,Other,Married,T2,N1,IIB,Regional,Poorly differentiated,3,21,Positive,Positive,11,2
77,0,46,White,Single ,T2,N2,IIIA,Regional,Poorly differentiated,3,40,Positive,Positive,19,5
51,0,50,White,Married,T1,N1,IIA,Regional,Moderately differentiated,2,16,Positive,Positive,5,1
102,0,62,White,Married,T1,N1,IIA,Regional,Moderately differentiated,2,5,Positive,Positive,36,1
96,0,40,Other,Married,T1,N1,IIA,Regional,Poorly differentiated,3,18,Positive,Negative,11,2
57,0,69,White,Widowed,T1,N1,IIA,Regional,Well differentiated,1,14,Positive,Negative,20,3
93,0,64,White,Married,T2,N2,IIIA,Regional,Moderately differentiated,2,42,Positive,Positive,5,4
75,0,36,White,Married,T2,N2,IIIA,Regional,Moderately differentiated,2,32,Positive,Positive,5,1
57,0,50,White,Single ,T2,N1,IIB,Regional,Moderately differentiated,2,28,Positive,Positive,28,10
105,0,49,White,Married,T2,N2,IIIA,Regional,Poorly differentiated,3,28,Positive,Positive,52,6
57,0,65,White,Married,T3,N1,IIIA,Regional,Moderately differentiated,2,60,Positive,Negative,7,1
18,0,40,White,Married,T2,N3,IIIC,Distant,Well differentiated,1,35,Positive,Positive,23,16
55,0,64,White,Married,T3,N1,IIIA,Regional,Moderately differentiated,2,85,Positive,Negative,15,1
67,0,50,White,Single ,T1,N1,IIA,Regional,Well differentiated,1,12,Positive,Positive,9,2
24,1,51,White,Married,T1,N2,IIIA,Regional,Poorly differentiated,3,20,Positive,Positive,11,7
69,0,67,White,Single ,T2,N1,IIB,Regional,Moderately differentiated,2,27,Positive,Positive,13,2
65,0,51,White,Married,T2,N1,IIB,Regional,Moderately differentiated,2,36,Positive,Positive,15,1
68,0,62,White,Married,T2,N3,IIIC,Regional,Moderately differentiated,2,33,Positive,Positive,41,32
67,1,62,White,Married,T2,N1,IIB,Regional,Moderately differentiated,2,23,Positive,Positive,15,2
72,0,55,White,Married,T1,N1,IIA,Regional,Moderately differentiated,2,13,Positive,Negative,1,1
55,0,63,White,Widowed,T1,N2,IIIA,Regional,Moderately differentiated,2,4,Positive,Positive,23,4
76,0,42,White,Married,T2,N1,IIB,Regional,Moderately differentiated,2,25,Positive,Positive,8,1
58,0,56,Black,Married,T3,N1,IIIA,Regional,Moderately differentiated,2,80,Positive,Positive,23,1
88,0,31,Other,Single ,T3,N3,IIIC,Regional,Moderately differentiated,2,55,Positive,Positive,26,14
65,1,56,White,Married,T2,N3,IIIC,Regional,Moderately differentiated,2,45,Positive,Positive,12,11
59,0,59,White,Single ,T1,N1,IIA,Regional,Moderately differentiated,2,11,Positive,Positive,20,2
70,0,48,White,Married,T2,N3,IIIC,Regional,Moderately differentiated,2,37,Positive,Positive,12,10
99,0,66,White,Married,T2,N1,IIB,Regional,Poorly differentiated,3,30,Positive,Positive,3,2
82,0,51,White,Married,T1,N1,IIA,Regional,Well differentiated,1,18,Positive,Positive,16,1
78,0,69,White,Married,T1,N1,IIA,Regional,Well differentiated,1,16,Positive,Positive,2,1
96,0,63,White,Married,T1,N1,IIA,Regional,Poorly differentiated,3,15,Positive,Positive,23,2
15,0,48,Other,Married,T2,N2,IIIA,Regional,Poorly differentiated,3,42,Positive,Positive,16,6
52,0,46,White,Married,T3,N1,IIIA,Regional,Moderately differentiated,2,75,Positive,Positive,11,2
97,0,69,White,Married,T1,N1,IIA,Regional,Well differentiated,1,15,Positive,Positive,11,1
54,0,60,White,Married,T2,N1,IIB,Regional,Poorly differentiated,3,35,Positive,Positive,37,2
65,0,61,White,Widowed,T2,N1,IIB,Regional,Poorly differentiated,3,28,Positive,Negative,14,2
37,0,60,White,Married,T1,N1,IIA,Regional,Poorly differentiated,3,15,Positive,Positive,15,1
69,0,58,White,Married,T2,N1,IIB,Regional,Moderately differentiated,2,24,Positive,Positive,15,2
12,0,44,White,Married,T2,N2,IIIA,Regional,Moderately differentiated,2,23,Positive,Positive,34,5
54,0,48,White,Single ,T3,N1,IIIA,Regional,Well differentiated,1,61,Positive,Positive,8,3
54,1,45,White,Married,T3,N2,IIIA,Regional,Moderately differentiated,2,75,Positive,Negative,21,4
58,0,52,White,Married,T1,N1,IIA,Regional,Moderately differentiated,2,10,Positive,Positive,7,2
66,0,58,White,Married,T2,N2,IIIA,Regional,Moderately differentiated,2,21,Positive,Positive,27,7
95,0,48,White,Married,T1,N2,IIIA,Regional,Moderately differentiated,2,12,Positive,Positive,22,4
67,0,58,White,Separated,T2,N1,IIB,Regional,Well differentiated,1,22,Positive,Negative,3,3
64,0,45,Other,Married,T2,N1,IIB,Regional,Moderately differentiated,2,32,Positive,Positive,21,2
81,0,66,Other,Married,T2,N1,IIB,Regional,Moderately differentiated,2,28,Positive,Positive,1,1
34,1,62,Black,Separated,T4,N3,IIIC,Regional,Undifferentiated, anaplastic; Grade IV,70,Positive,Positive,10,10
78,0,60,Other,Widowed,T3,N1,IIIA,Regional,Poorly differentiated,3,65,Positive,Negative,13,2
95,0,54,White,Married,T1,N2,IIIA,Regional,Moderately differentiated,2,16,Positive,Positive,7,4
88,0,63,White,Married,T1,N1,IIA,Regional,Moderately differentiated,2,10,Positive,Positive,11,1
79,0,57,White,Married,T3,N1,IIIA,Regional,Moderately differentiated,2,110,Positive,Positive,11,2
27,1,63,White,Married,T2,N1,IIB,Regional,Undifferentiated, anaplastic; Grade IV,25,Negative,Positive,10,2
50,0,49,White,Married,T2,N1,IIB,Regional,Well differentiated,1,24,Positive,Positive,23,3
86,0,45,White,Married,T1,N1,IIA,Regional,Well differentiated,1,8,Positive,Positive,2,1
92,0,67,White,Married,T2,N1,IIB,Regional,Moderately differentiated,2,25,Positive,Positive,24,1
66,0,54,White,Divorced,T1,N3,IIIC,Distant,Well differentiated,1,9,Positive,Positive,14,14
81,0,59,White,Single ,T1,N3,IIIC,Regional,Poorly differentiated,3,14,Positive,Positive,41,41
55,1,51,Other,Married,T2,N3,IIIC,Regional,Poorly differentiated,3,40,Positive,Positive,17,15
63,0,46,White,Single ,T1,N1,IIA,Regional,Poorly differentiated,3,10,Positive,Positive,9,1
77,0,64,Other,Married,T2,N2,IIIA,Regional,Moderately differentiated,2,40,Positive,Positive,12,5
80,0,68,White,Married,T1,N1,IIA,Regional,Well differentiated,1,10,Positive,Positive,1,1
80,0,47,White,Married,T1,N1,IIA,Regional,Poorly differentiated,3,8,Negative,Negative,28,2
53,0,52,White,Divorced,T2,N2,IIIA,Regional,Moderately differentiated,2,38,Positive,Positive,9,4
78,0,69,White,Single ,T1,N1,IIA,Regional,Moderately differentiated,2,18,Positive,Positive,13,1
76,0,59,White,Married,T1,N1,IIA,Regional,Moderately differentiated,2,12,Positive,Positive,8,1
80,0,65,White,Widowed,T2,N2,IIIA,Regional,Moderately differentiated,2,30,Positive,Positive,22,6
59,1,56,Other,Widowed,T2,N1,IIB,Regional,Poorly differentiated,3,23,Positive,Positive,3,1
28,0,45,White,Single ,T3,N2,IIIA,Regional,Poorly differentiated,3,70,Positive,Positive,23,8
60,0,48,White,Single ,T1,N1,IIA,Regional,Poorly differentiated,3,15,Negative,Negative,18,2
59,0,43,White,Married,T2,N1,IIB,Regional,Moderately differentiated,2,36,Positive,Positive,2,2
76,0,67,White,Married,T2,N1,IIB,Regional,Poorly differentiated,3,26,Positive,Positive,12,1
44,1,65,White,Married,T2,N1,IIB,Regional,Moderately differentiated,2,25,Positive,Positive,15,1
64,0,57,White,Single ,T2,N3,IIIC,Regional,Poorly differentiated,3,25,Positive,Positive,16,12
70,0,48,White,Married,T1,N1,IIA,Regional,Well differentiated,1,15,Positive,Positive,18,1
77,0,45,White,Married,T1,N1,IIA,Regional,Moderately differentiated,2,6,Positive,Positive,19,1
93,0,64,White,Married,T1,N1,IIA,Regional,Moderately differentiated,2,14,Positive,Positive,17,1
63,0,65,White,Widowed,T1,N1,IIA,Regional,Moderately differentiated,2,19,Positive,Positive,10,2
102,0,53,White,Divorced,T1,N1,IIA,Regional,Moderately differentiated,2,8,Positive,Positive,2,1
79,0,63,White,Married,T1,N1,IIA,Regional,Moderately differentiated,2,17,Positive,Positive,5,2
75,0,60,White,Divorced,T2,N1,IIB,Regional,Moderately differentiated,2,35,Positive,Positive,2,1
60,0,45,White,Married,T3,N2,IIIA,Regional,Poorly differentiated,3,70,Positive,Positive,10,6
68,0,51,White,Married,T1,N1,IIA,Regional,Moderately differentiated,2,15,Positive,Positive,8,1
93,0,54,White,Divorced,T2,N3,IIIC,Regional,Moderately differentiated,2,50,Positive,Negative,14,11
97,0,54,White,Single ,T1,N1,IIA,Regional,Well differentiated,1,14,Positive,Positive,2,1
82,0,49,White,Divorced,T2,N1,IIB,Regional,Moderately differentiated,2,21,Positive,Positive,19,2
56,1,49,White,Married,T2,N1,IIB,Regional,Moderately differentiated,2,30,Positive,Positive,17,1
63,0,41,White,Married,T2,N1,IIB,Regional,Well differentiated,1,30,Positive,Positive,12,1
92,0,51,White,Married,T1,N1,IIA,Regional,Moderately differentiated,2,20,Positive,Positive,35,2
83,0,68,White,Divorced,T2,N1,IIB,Regional,Well differentiated,1,34,Positive,Positive,7,1
68,0,44,Other,Married,T1,N1,IIA,Regional,Poorly differentiated,3,14,Positive,Positive,19,1
58,0,68,White,Married,T2,N2,IIIA,Regional,Poorly differentiated,3,25,Positive,Positive,21,9
99,0,67,White,Married,T1,N1,IIA,Regional,Moderately differentiated,2,18,Positive,Positive,2,1
101,0,62,White,Divorced,T3,N2,IIIA,Regional,Moderately differentiated,2,101,Positive,Negative,19,6
100,0,45,White,Married,T1,N1,IIA,Regional,Moderately differentiated,2,20,Positive,Positive,13,3
52,0,46,White,Married,T2,N1,IIB,Regional,Poorly differentiated,3,35,Positive,Positive,4,1
105,0,48,Other,Divorced,T1,N1,IIA,Regional,Well differentiated,1,20,Positive,Positive,1,1
96,0,61,White,Married,T1,N1,IIA,Regional,Moderately differentiated,2,16,Positive,Positive,16,1
89,0,52,White,Married,T3,N1,IIIA,Regional,Well differentiated,1,75,Positive,Positive,13,1
69,0,48,White,Married,T3,N1,IIIA,Regional,Moderately differentiated,2,70,Positive,Positive,2,1
52,0,61,White,Married,T2,N1,IIB,Regional,Poorly differentiated,3,29,Negative,Negative,1,1
102,0,47,White,Married,T3,N1,IIIA,Regional,Moderately differentiated,2,84,Positive,Positive,3,1
99,0,54,White,Married,T2,N1,IIB,Regional,Moderately differentiated,2,22,Positive,Positive,22,3
48,0,55,White,Separated,T3,N1,IIIA,Regional,Moderately differentiated,2,90,Negative,Negative,17,1
90,0,48,White,Married,T1,N1,IIA,Regional,Moderately differentiated,2,20,Positive,Positive,23,2
2,0,47,Other,Married,T2,N2,IIIA,Regional,Moderately differentiated,2,45,Positive,Positive,25,9
50,0,62,White,Widowed,T2,N1,IIB,Regional,Moderately differentiated,2,22,Positive,Positive,9,2
99,0,51,White,Married,T2,N1,IIB,Regional,Moderately differentiated,2,37,Positive,Positive,10,1
79,0,49,Other,Divorced,T2,N1,IIB,Regional,Moderately differentiated,2,50,Positive,Positive,11,1
51,0,46,Black,Divorced,T2,N1,IIB,Regional,Moderately differentiated,2,22,Positive,Positive,20,1
75,0,56,White,Married,T2,N2,IIIA,Regional,Moderately differentiated,2,25,Positive,Positive,24,4
83,0,35,White,Married,T1,N1,IIA,Regional,Poorly differentiated,3,10,Positive,Positive,14,1
55,0,66,White,Married,T2,N1,IIB,Regional,Well differentiated,1,40,Positive,Positive,15,2
99,1,47,White,Married,T2,N3,IIIC,Regional,Poorly differentiated,3,32,Negative,Negative,15,12
41,0,63,Other,Widowed,T3,N1,IIIA,Regional,Poorly differentiated,3,60,Positive,Positive,7,3
98,0,41,White,Married,T3,N1,IIIA,Regional,Moderately differentiated,2,100,Positive,Positive,18,2
77,0,46,White,Married,T3,N3,IIIC,Regional,Well differentiated,1,55,Positive,Positive,16,16
64,0,68,Black,Widowed,T3,N3,IIIC,Regional,Moderately differentiated,2,60,Negative,Negative,13,12
80,0,49,White,Married,T4,N2,IIIB,Regional,Moderately differentiated,2,11,Positive,Positive,45,5
48,1,61,Black,Single ,T3,N3,IIIC,Regional,Moderately differentiated,2,70,Positive,Positive,17,16
88,0,43,Black,Married,T1,N2,IIIA,Regional,Moderately differentiated,2,20,Positive,Positive,16,4
89,0,50,White,Married,T3,N1,IIIA,Regional,Undifferentiated, anaplastic; Grade IV,55,Positive,Positive,12,1
63,0,54,White,Married,T1,N1,IIA,Regional,Well differentiated,1,19,Positive,Positive,9,1
57,0,42,White,Married,T1,N1,IIA,Regional,Moderately differentiated,2,17,Positive,Positive,36,3
56,0,68,White,Widowed,T3,N2,IIIA,Regional,Moderately differentiated,2,90,Positive,Positive,18,5
80,0,48,White,Married,T2,N1,IIB,Regional,Moderately differentiated,2,35,Positive,Positive,3,1
84,0,49,White,Married,T1,N1,IIA,Regional,Well differentiated,1,17,Positive,Positive,20,1
64,0,46,Black,Divorced,T2,N1,IIB,Regional,Moderately differentiated,2,35,Positive,Positive,14,1
55,0,38,White,Married,T2,N1,IIB,Regional,Poorly differentiated,3,27,Positive,Positive,18,2
94,0,63,White,Married,T2,N1,IIB,Regional,Moderately differentiated,2,26,Positive,Positive,22,2
74,0,65,Other,Married,T2,N1,IIB,Regional,Moderately differentiated,2,23,Positive,Positive,31,2
51,0,46,Black,Married,T1,N2,IIIA,Regional,Poorly differentiated,3,19,Negative,Negative,17,4
104,0,59,White,Married,T2,N1,IIB,Regional,Moderately differentiated,2,35,Positive,Positive,12,2
52,1,61,White,Married,T2,N2,IIIA,Regional,Moderately differentiated,2,50,Positive,Negative,11,4
88,0,47,White,Married,T1,N1,IIA,Regional,Well differentiated,1,12,Positive,Positive,12,1
78,0,58,Black,Single ,T1,N1,IIA,Regional,Moderately differentiated,2,11,Positive,Positive,16,2
60,1,55,White,Married,T1,N2,IIIA,Regional,Poorly differentiated,3,15,Positive,Positive,8,4
97,0,48,White,Married,T2,N1,IIB,Regional,Poorly differentiated,3,39,Positive,Positive,1,1
92,0,50,White,Married,T3,N1,IIIA,Regional,Well differentiated,1,60,Positive,Positive,1,1
64,0,59,White,Married,T1,N1,IIA,Regional,Moderately differentiated,2,11,Positive,Positive,11,1
73,0,50,White,Married,T4,N2,IIIB,Regional,Well differentiated,1,90,Positive,Positive,19,9
42,0,47,White,Married,T2,N1,IIB,Regional,Moderately differentiated,2,27,Positive,Positive,18,3
54,0,58,White,Married,T1,N1,IIA,Regional,Moderately differentiated,2,14,Positive,Positive,4,1
98,0,51,Other,Married,T2,N1,IIB,Regional,Poorly differentiated,3,25,Positive,Positive,15,2
104,0,67,White,Married,T1,N1,IIA,Regional,Moderately differentiated,2,19,Positive,Positive,1,1
96,0,44,White,Single ,T2,N2,IIIA,Regional,Moderately differentiated,2,50,Positive,Positive,10,8
103,0,48,White,Married,T3,N2,IIIA,Regional,Moderately differentiated,2,60,Positive,Positive,22,4
78,0,56,White,Divorced,T1,N1,IIA,Regional,Moderately differentiated,2,11,Positive,Positive,26,1
62,0,48,White,Married,T3,N2,IIIA,Regional,Well differentiated,1,90,Positive,Positive,11,2
65,0,55,White,Divorced,T3,N1,IIIA,Regional,Moderately differentiated,2,65,Positive,Negative,29,1
54,0,45,Other,Married,T1,N2,IIIA,Regional,Well differentiated,1,11,Positive,Positive,18,9
69,0,51,Black,Married,T2,N2,IIIA,Regional,Moderately differentiated,2,30,Positive,Positive,13,9
102,0,60,White,Widowed,T2,N1,IIB,Regional,Moderately differentiated,2,30,Positive,Positive,4,3
47,1,52,White,Divorced,T3,N3,IIIC,Regional,Moderately differentiated,2,95,Positive,Positive,18,15
48,0,62,White,Divorced,T2,N3,IIIC,Regional,Moderately differentiated,2,50,Positive,Positive,18,12
81,0,69,White,Married,T1,N1,IIA,Regional,Poorly differentiated,3,12,Positive,Positive,9,3
93,1,38,White,Married,T3,N3,IIIC,Regional,Poorly differentiated,3,55,Positive,Positive,21,18
74,0,57,White,Divorced,T2,N1,IIB,Regional,Poorly differentiated,3,28,Positive,Positive,13,1
20,0,53,White,Married,T3,N1,IIIA,Regional,Well differentiated,1,100,Positive,Positive,8,1
102,0,49,White,Married,T2,N1,IIB,Regional,Moderately differentiated,2,22,Positive,Positive,13,2
42,1,58,White,Married,T1,N3,IIIC,Regional,Moderately differentiated,2,20,Positive,Positive,18,17
91,0,44,White,Single ,T2,N1,IIB,Regional,Moderately differentiated,2,35,Negative,Negative,21,3
99,0,33,White,Married,T1,N3,IIIC,Regional,Poorly differentiated,3,20,Negative,Negative,26,26
38,1,46,Black,Married,T3,N1,IIIA,Regional,Moderately differentiated,2,4,Positive,Positive,10,4
58,0,68,White,Married,T1,N1,IIA,Regional,Poorly differentiated,3,12,Positive,Positive,2,1
94,0,53,White,Divorced,T1,N1,IIA,Regional,Poorly differentiated,3,17,Positive,Negative,12,3
86,0,49,White,Married,T1,N2,IIIA,Regional,Moderately differentiated,2,20,Positive,Positive,13,4
58,0,57,White,Single ,T2,N2,IIIA,Regional,Moderately differentiated,2,25,Positive,Positive,12,4
55,0,53,White,Divorced,T2,N3,IIIC,Regional,Poorly differentiated,3,40,Positive,Negative,35,28
49,0,67,White,Married,T2,N1,IIB,Regional,Moderately differentiated,2,25,Positive,Positive,4,1
68,0,47,White,Married,T1,N2,IIIA,Regional,Poorly differentiated,3,15,Positive,Positive,23,6
74,0,50,White,Married,T2,N2,IIIA,Regional,Moderately differentiated,2,50,Positive,Positive,12,4
87,0,60,White,Single ,T2,N1,IIB,Regional,Moderately differentiated,2,30,Positive,Positive,1,1
60,0,48,White,Married,T2,N1,IIB,Regional,Well differentiated,1,30,Positive,Positive,10,1
52,0,42,White,Married,T2,N1,IIB,Regional,Moderately differentiated,2,24,Positive,Positive,12,1
78,0,56,White,Widowed,T3,N1,IIIA,Regional,Poorly differentiated,3,75,Positive,Positive,8,1
82,0,56,White,Married,T1,N2,IIIA,Regional,Poorly differentiated,3,19,Positive,Positive,32,6
53,0,55,White,Married,T1,N2,IIIA,Regional,Moderately differentiated,2,15,Positive,Positive,6,4
86,0,46,White,Divorced,T3,N1,IIIA,Regional,Moderately differentiated,2,55,Positive,Positive,15,3
70,1,43,Other,Married,T3,N2,IIIA,Regional,Moderately differentiated,2,92,Negative,Positive,29,6
69,0,52,White,Married,T1,N1,IIA,Regional,Moderately differentiated,2,12,Positive,Positive,20,3
96,0,64,White,Married,T1,N1,IIA,Regional,Moderately differentiated,2,14,Positive,Negative,6,2
69,0,54,Black,Divorced,T2,N1,IIB,Regional,Moderately differentiated,2,40,Positive,Positive,17,2
84,0,40,White,Married,T1,N2,IIIA,Regional,Poorly differentiated,3,14,Positive,Positive,18,4
23,1,58,Other,Divorced,T2,N2,IIIA,Regional,Moderately differentiated,2,35,Positive,Positive,9,4
70,0,62,White,Married,T2,N2,IIIA,Regional,Moderately differentiated,2,25,Positive,Positive,15,6
48,0,67,White,Married,T1,N1,IIA,Regional,Moderately differentiated,2,17,Positive,Positive,2,2
81,0,66,White,Married,T3,N2,IIIA,Regional,Poorly differentiated,3,60,Positive,Negative,6,6
84,0,68,White,Divorced,T2,N1,IIB,Regional,Moderately differentiated,2,22,Positive,Positive,16,2
24,1,58,White,Married,T2,N1,IIB,Regional,Poorly differentiated,3,30,Positive,Negative,18,1
49,0,54,White,Married,T1,N2,IIIA,Regional,Moderately differentiated,2,12,Positive,Positive,10,6
86,1,69,White,Single ,T3,N1,IIIA,Regional,Moderately differentiated,2,55,Positive,Positive,13,2
99,0,56,White,Single ,T1,N1,IIA,Regional,Moderately differentiated,2,16,Positive,Positive,14,2
69,0,61,White,Divorced,T3,N3,IIIC,Regional,Poorly differentiated,3,60,Positive,Positive,16,13
89,0,42,White,Married,T1,N1,IIA,Regional,Moderately differentiated,2,18,Positive,Positive,14,1
83,0,38,White,Single ,T2,N1,IIB,Regional,Poorly differentiated,3,30,Positive,Positive,10,3
51,0,57,White,Married,T1,N1,IIA,Regional,Well differentiated,1,15,Positive,Positive,14,2
34,1,39,White,Married,T2,N3,IIIC,Regional,Poorly differentiated,3,45,Positive,Negative,20,18
13,1,66,White,Widowed,T1,N2,IIIA,Regional,Well differentiated,1,13,Positive,Positive,35,7
59,0,59,Black,Separated,T2,N2,IIIA,Regional,Poorly differentiated,3,40,Positive,Positive,12,4
74,0,31,White,Single ,T2,N3,IIIC,Regional,Poorly differentiated,3,30,Positive,Positive,12,10
102,0,46,Black,Single ,T1,N1,IIA,Regional,Moderately differentiated,2,20,Negative,Negative,13,1
104,0,53,Black,Married,T1,N1,IIA,Regional,Poorly differentiated,3,20,Positive,Positive,14,1
62,0,49,White,Divorced,T1,N1,IIA,Regional,Well differentiated,1,12,Positive,Negative,2,1
60,0,68,White,Single ,T1,N1,IIA,Regional,Moderately differentiated,2,12,Positive,Positive,21,1
98,0,45,White,Married,T1,N1,IIA,Regional,Poorly differentiated,3,11,Positive,Positive,32,2
92,0,63,White,Married,T2,N1,IIB,Regional,Moderately differentiated,2,22,Positive,Positive,8,2
78,0,41,White,Married,T2,N1,IIB,Regional,Moderately differentiated,2,22,Positive,Positive,3,1
76,0,61,White,Widowed,T1,N1,IIA,Regional,Moderately differentiated,2,12,Positive,Positive,10,2
23,1,69,White,Widowed,T3,N3,IIIC,Distant,Well differentiated,1,55,Positive,Positive,23,10
100,0,56,White,Divorced,T1,N1,IIA,Regional,Moderately differentiated,2,20,Positive,Negative,15,1
58,0,45,White,Married,T1,N1,IIA,Regional,Moderately differentiated,2,4,Positive,Positive,14,2
49,0,37,White,Single ,T2,N1,IIB,Regional,Moderately differentiated,2,50,Positive,Positive,15,2
95,0,62,White,Married,T2,N1,IIB,Regional,Moderately differentiated,2,25,Positive,Positive,16,2
25,1,69,White,Single ,T4,N3,IIIC,Regional,Poorly differentiated,3,130,Positive,Positive,12,12
22,1,44,White,Single ,T3,N2,IIIA,Regional,Poorly differentiated,3,75,Negative,Negative,7,5
54,0,54,White,Married,T1,N1,IIA,Regional,Poorly differentiated,3,11,Positive,Positive,4,2
95,0,53,White,Married,T2,N1,IIB,Regional,Moderately differentiated,2,33,Positive,Positive,16,1
75,0,60,White,Married,T2,N1,IIB,Regional,Moderately differentiated,2,32,Positive,Positive,14,3
49,0,45,White,Married,T2,N3,IIIC,Regional,Moderately differentiated,2,24,Positive,Positive,17,14
100,0,42,Black,Divorced,T2,N1,IIB,Regional,Poorly differentiated,3,35,Positive,Positive,5,1
76,0,47,White,Married,T2,N1,IIB,Regional,Moderately differentiated,2,21,Positive,Positive,16,3
89,0,48,Other,Married,T2,N2,IIIA,Regional,Moderately differentiated,2,21,Positive,Positive,13,7
63,0,49,White,Divorced,T2,N1,IIB,Regional,Moderately differentiated,2,25,Positive,Positive,12,2
94,0,51,White,Married,T2,N2,IIIA,Regional,Moderately differentiated,2,24,Positive,Positive,14,4
81,0,51,Other,Married,T1,N3,IIIC,Regional,Poorly differentiated,3,19,Positive,Positive,31,12
96,0,55,White,Divorced,T2,N2,IIIA,Regional,Poorly differentiated,3,22,Positive,Positive,8,4
103,0,64,Black,Married,T4,N1,IIIB,Regional,Poorly differentiated,3,60,Positive,Negative,27,3
77,0,64,White,Married,T1,N1,IIA,Regional,Well differentiated,1,12,Positive,Positive,15,3
41,1,58,White,Divorced,T1,N2,IIIA,Regional,Moderately differentiated,2,16,Positive,Positive,32,5
68,0,69,White,Married,T3,N1,IIIA,Regional,Moderately differentiated,2,85,Positive,Positive,30,1
106,0,69,White,Divorced,T1,N1,IIA,Regional,Moderately differentiated,2,12,Positive,Positive,9,1
66,0,61,White,Married,T3,N1,IIIA,Regional,Well differentiated,1,60,Positive,Positive,21,1
36,1,52,White,Married,T1,N3,IIIC,Regional,Poorly differentiated,3,17,Negative,Negative,18,17
90,0,54,White,Married,T3,N3,IIIC,Distant,Poorly differentiated,3,83,Positive,Positive,24,21
104,0,64,Black,Single ,T1,N1,IIA,Regional,Well differentiated,1,20,Positive,Positive,15,1
37,1,45,White,Married,T1,N1,IIA,Regional,Poorly differentiated,3,20,Negative,Negative,18,2
77,0,37,White,Single ,T2,N3,IIIC,Distant,Poorly differentiated,3,35,Positive,Positive,18,18
74,0,56,White,Married,T2,N2,IIIA,Regional,Moderately differentiated,2,50,Positive,Positive,22,5
63,0,54,White,Married,T1,N2,IIIA,Regional,Moderately differentiated,2,10,Positive,Positive,16,4
56,0,55,White,Widowed,T2,N2,IIIA,Regional,Moderately differentiated,2,39,Positive,Positive,9,5
60,0,56,White,Married,T1,N3,IIIC,Distant,Moderately differentiated,2,18,Positive,Positive,20,20
49,0,58,White,Married,T4,N1,IIIB,Distant,Moderately differentiated,2,76,Positive,Positive,16,3
90,0,44,White,Married,T2,N1,IIB,Regional,Poorly differentiated,3,25,Positive,Positive,20,1
67,0,51,White,Married,T1,N1,IIA,Regional,Well differentiated,1,9,Positive,Positive,4,1
48,1,55,White,Married,T1,N1,IIA,Regional,Moderately differentiated,2,9,Positive,Negative,5,2
72,0,57,White,Divorced,T1,N1,IIA,Regional,Moderately differentiated,2,4,Positive,Positive,6,1
59,1,50,White,Married,T2,N2,IIIA,Regional,Poorly differentiated,3,33,Positive,Negative,28,4
95,0,66,White,Separated,T1,N1,IIA,Regional,Well differentiated,1,9,Positive,Positive,1,1
94,0,62,White,Married,T1,N1,IIA,Regional,Moderately differentiated,2,15,Positive,Positive,2,1
79,0,62,White,Married,T2,N2,IIIA,Regional,Moderately differentiated,2,23,Positive,Positive,9,9
86,0,62,White,Married,T1,N1,IIA,Regional,Poorly differentiated,3,12,Negative,Negative,35,1
60,0,49,White,Single ,T1,N1,IIA,Regional,Moderately differentiated,2,18,Positive,Positive,23,2
107,0,49,White,Married,T3,N3,IIIC,Regional,Poorly differentiated,3,70,Negative,Negative,16,14
91,0,55,White,Married,T1,N1,IIA,Regional,Well differentiated,1,16,Positive,Positive,16,1
31,1,38,White,Married,T4,N2,IIIB,Regional,Poorly differentiated,3,97,Positive,Negative,10,5
49,0,63,White,Married,T2,N1,IIB,Regional,Well differentiated,1,35,Positive,Positive,15,1
103,0,47,Black,Married,T1,N2,IIIA,Regional,Moderately differentiated,2,17,Positive,Positive,16,5
32,1,65,White,Married,T1,N1,IIA,Regional,Poorly differentiated,3,2,Positive,Negative,10,1
104,0,63,White,Married,T1,N1,IIA,Regional,Poorly differentiated,3,20,Positive,Positive,6,1
93,0,32,White,Married,T1,N1,IIA,Regional,Moderately differentiated,2,8,Positive,Positive,17,1
99,0,48,White,Widowed,T1,N1,IIA,Regional,Well differentiated,1,19,Positive,Positive,14,1
66,0,60,White,Single ,T1,N1,IIA,Regional,Moderately differentiated,2,15,Positive,Positive,8,1
57,0,45,White,Married,T2,N1,IIB,Regional,Poorly differentiated,3,27,Positive,Positive,17,3
13,1,55,White,Married,T1,N2,IIIA,Regional,Moderately differentiated,2,18,Negative,Negative,18,7
70,0,42,White,Married,T2,N2,IIIA,Regional,Moderately differentiated,2,25,Positive,Positive,12,6
69,0,67,White,Widowed,T2,N1,IIB,Regional,Moderately differentiated,2,23,Positive,Positive,28,2
82,0,66,White,Married,T1,N1,IIA,Regional,Well differentiated,1,17,Positive,Positive,18,1
90,0,44,White,Married,T1,N1,IIA,Regional,Well differentiated,1,11,Positive,Positive,23,1
64,0,59,White,Single ,T2,N1,IIB,Regional,Moderately differentiated,2,24,Positive,Positive,32,1
56,0,68,White,Married,T2,N1,IIB,Regional,Poorly differentiated,3,25,Positive,Positive,17,1
83,0,44,White,Married,T1,N1,IIA,Regional,Moderately differentiated,2,20,Positive,Positive,1,1
107,0,49,White,Married,T1,N1,IIA,Regional,Moderately differentiated,2,12,Positive,Negative,20,1
65,0,63,White,Married,T1,N2,IIIA,Regional,Moderately differentiated,2,12,Positive,Positive,17,5
102,0,63,White,Single ,T2,N1,IIB,Regional,Well differentiated,1,35,Positive,Positive,13,1
51,0,60,White,Married,T3,N2,IIIA,Regional,Moderately differentiated,2,60,Positive,Positive,7,6
85,0,49,White,Married,T2,N1,IIB,Regional,Well differentiated,1,22,Positive,Positive,9,3
74,0,46,White,Married,T2,N1,IIB,Regional,Moderately differentiated,2,30,Positive,Positive,10,2
67,0,62,White,Married,T1,N1,IIA,Regional,Well differentiated,1,15,Positive,Positive,5,1
64,0,50,White,Married,T2,N1,IIB,Regional,Poorly differentiated,3,22,Positive,Positive,16,1
106,0,48,Other,Single ,T2,N1,IIB,Regional,Moderately differentiated,2,23,Positive,Positive,9,1
82,1,60,Black,Married,T2,N2,IIIA,Regional,Poorly differentiated,3,35,Positive,Positive,11,4
80,0,55,White,Married,T1,N1,IIA,Regional,Moderately differentiated,2,18,Positive,Positive,30,1
6,1,66,Other,Widowed,T2,N1,IIB,Regional,Moderately differentiated,2,30,Positive,Positive,9,1
56,0,59,White,Married,T2,N2,IIIA,Regional,Moderately differentiated,2,25,Positive,Positive,19,5
4,1,69,White,Married,T1,N1,IIA,Regional,Moderately differentiated,2,12,Positive,Negative,9,1
98,0,57,White,Married,T1,N1,IIA,Regional,Undifferentiated, anaplastic; Grade IV,18,Positive,Positive,5,1
65,0,45,White,Married,T3,N1,IIIA,Regional,Moderately differentiated,2,75,Positive,Positive,14,2
53,0,55,White,Married,T1,N1,IIA,Regional,Moderately differentiated,2,15,Positive,Positive,8,3
64,0,36,Other,Married,T2,N2,IIIA,Regional,Moderately differentiated,2,24,Positive,Positive,21,5
98,0,46,White,Married,T1,N1,IIA,Regional,Well differentiated,1,15,Positive,Positive,8,2
70,0,67,White,Married,T3,N2,IIIA,Regional,Poorly differentiated,3,60,Positive,Positive,18,4
97,0,59,Black,Married,T2,N1,IIB,Regional,Moderately differentiated,2,45,Positive,Positive,16,1
62,0,50,White,Married,T1,N1,IIA,Regional,Moderately differentiated,2,13,Positive,Positive,13,1
43,1,60,White,Married,T2,N1,IIB,Regional,Well differentiated,1,45,Positive,Negative,1,1
65,0,63,White,Married,T2,N1,IIB,Regional,Moderately differentiated,2,21,Positive,Positive,3,1
64,0,50,White,Married,T1,N2,IIIA,Regional,Moderately differentiated,2,11,Positive,Negative,9,6
72,0,64,White,Married,T2,N2,IIIA,Regional,Poorly differentiated,3,30,Positive,Positive,13,8
106,0,55,Other,Married,T2,N3,IIIC,Regional,Poorly differentiated,3,29,Negative,Negative,12,10
102,0,47,Other,Married,T1,N1,IIA,Regional,Moderately differentiated,2,14,Positive,Positive,21,1
29,1,64,White,Widowed,T3,N3,IIIC,Regional,Poorly differentiated,3,60,Positive,Positive,30,28
83,0,64,White,Widowed,T3,N1,IIIA,Regional,Moderately differentiated,2,68,Positive,Positive,17,3
68,0,50,White,Married,T2,N2,IIIA,Regional,Moderately differentiated,2,30,Positive,Positive,11,4
22,1,46,Black,Single ,T1,N1,IIA,Regional,Moderately differentiated,2,7,Positive,Positive,3,1
57,0,61,White,Divorced,T1,N1,IIA,Regional,Moderately differentiated,2,16,Positive,Positive,7,2
92,0,61,White,Married,T1,N1,IIA,Regional,Moderately differentiated,2,6,Positive,Positive,12,2
83,0,69,White,Married,T1,N1,IIA,Regional,Moderately differentiated,2,20,Positive,Positive,11,2
48,0,69,White,Divorced,T1,N2,IIIA,Regional,Moderately differentiated,2,10,Positive,Positive,11,4
57,0,48,White,Married,T1,N1,IIA,Regional,Moderately differentiated,2,17,Positive,Positive,2,1
76,0,42,Black,Married,T2,N2,IIIA,Regional,Moderately differentiated,2,30,Positive,Positive,10,3
72,0,45,Black,Married,T1,N1,IIA,Regional,Moderately differentiated,2,1,Positive,Positive,8,1
98,0,43,White,Married,T1,N2,IIIA,Regional,Poorly differentiated,3,18,Positive,Positive,8,4
47,1,59,White,Divorced,T1,N1,IIA,Regional,Moderately differentiated,2,12,Positive,Positive,7,3
48,0,62,Other,Married,T1,N1,IIA,Regional,Well differentiated,1,16,Positive,Positive,28,2
54,0,62,White,Married,T1,N1,IIA,Regional,Well differentiated,1,7,Positive,Positive,27,1
62,0,38,White,Married,T1,N1,IIA,Regional,Poorly differentiated,3,2,Negative,Negative,24,2
48,0,69,White,Married,T2,N1,IIB,Regional,Moderately differentiated,2,21,Positive,Positive,4,1
61,0,42,White,Married,T3,N2,IIIA,Regional,Well differentiated,1,115,Positive,Positive,22,4
100,0,59,White,Married,T2,N1,IIB,Regional,Moderately differentiated,2,24,Positive,Positive,15,2
57,0,66,White,Married,T1,N1,IIA,Regional,Moderately differentiated,2,15,Positive,Positive,2,1
24,1,63,White,Widowed,T2,N2,IIIA,Regional,Poorly differentiated,3,40,Positive,Negative,9,4
103,0,56,White,Married,T2,N1,IIB,Regional,Moderately differentiated,2,24,Positive,Positive,14,2
90,0,37,White,Single ,T2,N2,IIIA,Regional,Moderately differentiated,2,29,Positive,Positive,28,5
88,0,50,White,Divorced,T3,N3,IIIC,Regional,Moderately differentiated,2,55,Positive,Negative,13,10
64,0,52,Black,Single ,T1,N1,IIA,Regional,Moderately differentiated,2,6,Positive,Negative,2,1
82,0,54,White,Married,T1,N1,IIA,Regional,Moderately differentiated,2,20,Positive,Positive,13,2
88,0,58,Other,Married,T1,N1,IIA,Regional,Poorly differentiated,3,12,Positive,Positive,10,1
38,0,42,White,Married,T2,N2,IIIA,Regional,Moderately differentiated,2,30,Positive,Positive,11,5
82,0,59,White,Divorced,T2,N1,IIB,Regional,Well differentiated,1,30,Positive,Positive,21,2
35,1,56,Other,Married,T2,N1,IIB,Regional,Moderately differentiated,2,24,Negative,Negative,19,1
84,0,50,White,Married,T3,N1,IIIA,Regional,Well differentiated,1,70,Positive,Positive,30,3
64,0,42,White,Married,T2,N1,IIB,Regional,Moderately differentiated,2,30,Positive,Positive,8,2
100,0,47,White,Married,T2,N1,IIB,Regional,Poorly differentiated,3,31,Positive,Positive,20,1
60,0,45,White,Married,T1,N2,IIIA,Regional,Moderately differentiated,2,10,Positive,Negative,2,1
59,0,41,Other,Single ,T1,N1,IIA,Regional,Moderately differentiated,2,15,Positive,Positive,14,1
80,0,47,White,Divorced,T1,N1,IIA,Regional,Moderately differentiated,2,15,Positive,Positive,43,2
73,0,56,White,Married,T1,N1,IIA,Regional,Moderately differentiated,2,12,Positive,Positive,8,1
51,1,51,White,Widowed,T2,N3,IIIC,Regional,Poorly differentiated,3,40,Positive,Positive,57,14
88,0,45,White,Married,T2,N2,IIIA,Regional,Moderately differentiated,2,34,Positive,Positive,14,4
65,0,43,Black,Single ,T1,N2,IIIA,Regional,Poorly differentiated,3,20,Negative,Positive,5,5
102,0,54,White,Married,T2,N3,IIIC,Regional,Poorly differentiated,3,30,Negative,Negative,16,10
72,0,65,White,Married,T1,N1,IIA,Regional,Moderately differentiated,2,9,Positive,Positive,16,1
63,0,48,White,Married,T2,N2,IIIA,Regional,Moderately differentiated,2,35,Positive,Positive,12,6
44,0,49,White,Married,T1,N1,IIA,Regional,Moderately differentiated,2,13,Positive,Positive,13,1
98,0,51,White,Married,T2,N1,IIB,Regional,Poorly differentiated,3,21,Positive,Positive,21,1
100,0,52,White,Married,T1,N1,IIA,Regional,Poorly differentiated,3,12,Positive,Positive,9,1
104,0,54,White,Single ,T3,N2,IIIA,Regional,Moderately differentiated,2,51,Positive,Positive,6,5
106,0,41,White,Single ,T2,N1,IIB,Regional,Moderately differentiated,2,31,Positive,Positive,17,1
69,0,63,White,Single ,T3,N1,IIIA,Regional,Poorly differentiated,3,60,Positive,Negative,5,2
90,0,54,Black,Divorced,T2,N3,IIIC,Regional,Moderately differentiated,2,25,Positive,Positive,19,11
93,0,69,White,Married,T2,N1,IIB,Regional,Moderately differentiated,2,28,Positive,Positive,9,1
49,0,64,White,Single ,T1,N1,IIA,Regional,Moderately differentiated,2,10,Positive,Positive,8,1
73,0,69,White,Married,T2,N3,IIIC,Regional,Poorly differentiated,3,30,Positive,Negative,14,11
75,0,66,White,Widowed,T2,N3,IIIC,Regional,Moderately differentiated,2,23,Positive,Positive,12,11
72,0,64,White,Married,T1,N1,IIA,Regional,Moderately differentiated,2,11,Positive,Positive,16,1
7,1,46,Black,Single ,T3,N2,IIIA,Regional,Poorly differentiated,3,100,Negative,Negative,5,5
51,0,50,White,Married,T2,N1,IIB,Regional,Well differentiated,1,28,Positive,Positive,28,2
103,0,46,White,Married,T2,N1,IIB,Regional,Moderately differentiated,2,45,Positive,Negative,19,2
101,0,60,White,Married,T1,N1,IIA,Regional,Moderately differentiated,2,10,Positive,Positive,14,3
69,0,39,White,Married,T3,N2,IIIA,Regional,Moderately differentiated,2,73,Negative,Negative,25,6
78,0,60,White,Single ,T1,N2,IIIA,Regional,Poorly differentiated,3,11,Negative,Negative,18,5
74,0,48,Black,Divorced,T2,N1,IIB,Regional,Poorly differentiated,3,30,Positive,Positive,14,2
103,0,51,White,Divorced,T1,N1,IIA,Regional,Moderately differentiated,2,12,Positive,Negative,22,4
63,0,55,White,Divorced,T1,N1,IIA,Regional,Moderately differentiated,2,17,Positive,Positive,13,3
48,1,62,Other,Married,T2,N3,IIIC,Regional,Poorly differentiated,3,38,Positive,Positive,22,16
66,0,56,White,Widowed,T2,N2,IIIA,Regional,Poorly differentiated,3,28,Positive,Positive,19,5
53,0,36,Other,Married,T1,N1,IIA,Regional,Moderately differentiated,2,15,Positive,Positive,16,1
66,1,65,White,Married,T1,N2,IIIA,Regional,Moderately differentiated,2,17,Positive,Positive,12,4
95,0,58,White,Married,T2,N2,IIIA,Regional,Moderately differentiated,2,46,Positive,Positive,9,9
46,1,62,White,Married,T2,N1,IIB,Regional,Moderately differentiated,2,25,Positive,Positive,15,2
66,0,52,Other,Divorced,T2,N3,IIIC,Distant,Poorly differentiated,3,25,Negative,Negative,30,19
104,0,66,White,Married,T1,N1,IIA,Regional,Moderately differentiated,2,15,Positive,Positive,13,2
82,0,56,White,Single ,T1,N1,IIA,Regional,Well differentiated,1,20,Positive,Positive,10,2
76,0,54,White,Single ,T1,N1,IIA,Regional,Moderately differentiated,2,15,Positive,Positive,8,1
92,0,56,White,Married,T2,N1,IIB,Regional,Moderately differentiated,2,40,Positive,Positive,21,1
46,1,62,Black,Divorced,T2,N2,IIIA,Regional,Poorly differentiated,3,40,Positive,Positive,12,7
82,0,54,White,Married,T2,N1,IIB,Regional,Poorly differentiated,3,25,Positive,Positive,3,1
20,1,65,White,Married,T4,N1,IIIB,Distant,Moderately differentiated,2,85,Negative,Negative,3,1
50,1,59,White,Divorced,T2,N1,IIB,Regional,Well differentiated,1,33,Positive,Positive,8,3
48,0,51,White,Married,T1,N2,IIIA,Regional,Poorly differentiated,3,16,Positive,Negative,11,5
13,1,65,White,Single ,T2,N2,IIIA,Regional,Poorly differentiated,3,25,Positive,Positive,15,5
83,0,54,White,Single ,T3,N3,IIIC,Regional,Poorly differentiated,3,120,Positive,Positive,11,10
90,0,57,White,Married,T3,N2,IIIA,Regional,Moderately differentiated,2,60,Positive,Positive,26,9
77,0,60,White,Married,T1,N2,IIIA,Regional,Well differentiated,1,17,Positive,Positive,20,5
94,0,60,White,Married,T1,N1,IIA,Regional,Moderately differentiated,2,16,Positive,Negative,10,1
16,1,48,White,Married,T2,N2,IIIA,Regional,Poorly differentiated,3,30,Negative,Positive,25,5
78,0,53,White,Single ,T1,N1,IIA,Regional,Poorly differentiated,3,13,Positive,Positive,5,1
99,0,48,White,Single ,T1,N1,IIA,Regional,Moderately differentiated,2,15,Positive,Positive,19,3
85,0,68,White,Married,T1,N1,IIA,Regional,Moderately differentiated,2,18,Positive,Positive,19,2
65,0,49,Black,Divorced,T1,N2,IIIA,Regional,Moderately differentiated,2,20,Positive,Positive,13,5
75,0,54,White,Divorced,T2,N1,IIB,Regional,Poorly differentiated,3,24,Positive,Positive,15,3
51,0,49,White,Married,T3,N1,IIIA,Regional,Moderately differentiated,2,56,Positive,Positive,8,1
77,1,55,White,Married,T4,N1,IIIB,Regional,Moderately differentiated,2,25,Positive,Positive,10,1
85,0,46,White,Married,T2,N1,IIB,Regional,Well differentiated,1,28,Positive,Positive,9,2
94,0,41,White,Married,T2,N1,IIB,Regional,Poorly differentiated,3,45,Positive,Positive,15,1
70,0,53,Other,Married,T2,N1,IIB,Regional,Moderately differentiated,2,29,Positive,Positive,10,2
87,0,52,White,Married,T1,N1,IIA,Regional,Moderately differentiated,2,15,Positive,Positive,4,1
65,0,55,White,Divorced,T2,N2,IIIA,Regional,Moderately differentiated,2,45,Positive,Positive,17,7
89,0,63,White,Married,T1,N2,IIIA,Regional,Moderately differentiated,2,13,Positive,Positive,8,6
86,1,53,White,Married,T2,N1,IIB,Regional,Moderately differentiated,2,21,Positive,Positive,4,2
80,1,66,White,Married,T2,N3,IIIC,Regional,Well differentiated,1,45,Positive,Positive,26,15
70,0,56,White,Married,T1,N1,IIA,Regional,Moderately differentiated,2,19,Positive,Positive,11,2
81,0,58,White,Separated,T2,N1,IIB,Regional,Moderately differentiated,2,45,Positive,Negative,16,3
51,1,50,White,Married,T4,N3,IIIC,Regional,Poorly differentiated,3,27,Positive,Negative,25,15
68,0,52,White,Married,T2,N1,IIB,Regional,Well differentiated,1,23,Positive,Positive,13,1
62,0,56,White,Divorced,T4,N1,IIIB,Regional,Moderately differentiated,2,30,Positive,Positive,11,2
107,0,53,White,Divorced,T4,N1,IIIB,Distant,Poorly differentiated,3,40,Negative,Positive,14,1
105,0,47,Other,Married,T3,N2,IIIA,Regional,Well differentiated,1,80,Positive,Positive,13,6
58,1,52,White,Single ,T2,N3,IIIC,Regional,Well differentiated,1,40,Positive,Positive,16,13
51,0,55,White,Single ,T1,N2,IIIA,Regional,Moderately differentiated,2,15,Positive,Positive,9,9
105,0,62,White,Married,T2,N1,IIB,Regional,Moderately differentiated,2,25,Positive,Positive,13,2
106,0,51,White,Married,T1,N1,IIA,Regional,Moderately differentiated,2,12,Positive,Negative,8,2
93,0,63,White,Married,T1,N1,IIA,Regional,Well differentiated,1,20,Positive,Negative,13,3
67,0,47,White,Divorced,T2,N1,IIB,Regional,Moderately differentiated,2,37,Positive,Positive,13,2
71,0,50,Black,Married,T2,N1,IIB,Regional,Moderately differentiated,2,21,Positive,Positive,6,3
50,0,60,White,Married,T1,N1,IIA,Regional,Moderately differentiated,2,17,Positive,Positive,13,2
64,0,61,Other,Widowed,T2,N1,IIB,Regional,Well differentiated,1,37,Positive,Negative,5,2
67,0,67,Black,Widowed,T1,N1,IIA,Regional,Moderately differentiated,2,19,Positive,Positive,7,1
99,0,59,White,Married,T1,N1,IIA,Regional,Well differentiated,1,8,Positive,Positive,2,1
68,0,66,Other,Married,T1,N1,IIA,Regional,Moderately differentiated,2,17,Positive,Negative,21,1
18,1,44,Black,Married,T2,N1,IIB,Regional,Poorly differentiated,3,35,Negative,Negative,23,1
98,0,44,White,Married,T2,N3,IIIC,Regional,Poorly differentiated,3,40,Negative,Negative,26,21
73,0,56,White,Married,T1,N1,IIA,Regional,Moderately differentiated,2,11,Positive,Positive,1,1
43,1,38,Black,Single ,T2,N1,IIB,Regional,Poorly differentiated,3,47,Positive,Negative,13,3
95,0,49,White,Married,T2,N1,IIB,Regional,Moderately differentiated,2,21,Positive,Positive,6,2
83,0,57,White,Single ,T1,N1,IIA,Regional,Poorly differentiated,3,18,Positive,Positive,16,1
72,0,59,White,Divorced,T2,N1,IIB,Regional,Poorly differentiated,3,22,Positive,Negative,18,1
37,0,49,Other,Married,T1,N1,IIA,Regional,Poorly differentiated,3,20,Positive,Negative,20,2
74,0,48,White,Married,T3,N2,IIIA,Regional,Moderately differentiated,2,55,Positive,Positive,17,5
101,0,51,White,Married,T2,N1,IIB,Regional,Moderately differentiated,2,25,Positive,Negative,19,1
78,0,54,White,Married,T1,N1,IIA,Regional,Well differentiated,1,11,Positive,Positive,1,1
76,0,59,White,Married,T1,N1,IIA,Regional,Well differentiated,1,12,Positive,Positive,25,1
80,0,56,White,Widowed,T1,N1,IIA,Regional,Moderately differentiated,2,14,Positive,Positive,12,3
59,0,52,White,Divorced,T2,N3,IIIC,Regional,Moderately differentiated,2,42,Positive,Positive,25,18
97,0,49,White,Married,T1,N1,IIA,Regional,Moderately differentiated,2,9,Positive,Positive,10,2
104,0,55,White,Widowed,T2,N2,IIIA,Regional,Moderately differentiated,2,25,Negative,Negative,17,5
55,0,60,White,Divorced,T2,N2,IIIA,Regional,Poorly differentiated,3,35,Positive,Positive,10,5
58,0,63,White,Married,T2,N1,IIB,Regional,Well differentiated,1,40,Positive,Positive,4,1
104,0,58,White,Married,T3,N1,IIIA,Regional,Poorly differentiated,3,90,Positive,Positive,17,4
99,0,39,Black,Single ,T1,N1,IIA,Regional,Poorly differentiated,3,20,Positive,Negative,18,3
82,0,62,White,Married,T2,N1,IIB,Regional,Moderately differentiated,2,45,Positive,Negative,25,8
61,0,60,White,Married,T2,N1,IIB,Regional,Well differentiated,1,30,Positive,Positive,17,3
102,0,45,Other,Married,T2,N2,IIIA,Regional,Moderately differentiated,2,35,Positive,Positive,9,7
55,0,45,White,Married,T3,N3,IIIC,Regional,Moderately differentiated,2,62,Positive,Positive,28,26
83,0,62,Other,Married,T1,N1,IIA,Regional,Well differentiated,1,12,Positive,Positive,13,1
48,0,65,White,Married,T1,N1,IIA,Regional,Well differentiated,1,8,Positive,Positive,2,1
33,1,68,White,Married,T3,N1,IIIA,Regional,Moderately differentiated,2,56,Positive,Positive,17,1
49,0,43,White,Married,T1,N2,IIIA,Regional,Moderately differentiated,2,15,Positive,Positive,18,6
84,0,36,White,Single ,T2,N1,IIB,Regional,Poorly differentiated,3,29,Positive,Positive,24,2
42,1,63,White,Married,T3,N2,IIIA,Regional,Poorly differentiated,3,66,Positive,Positive,8,6
84,0,36,Other,Married,T1,N2,IIIA,Regional,Moderately differentiated,2,11,Positive,Positive,21,6
71,0,47,White,Married,T2,N2,IIIA,Regional,Moderately differentiated,2,50,Positive,Positive,12,7
56,0,51,White,Married,T2,N1,IIB,Regional,Well differentiated,1,35,Positive,Positive,15,2
51,1,61,White,Widowed,T2,N1,IIB,Regional,Moderately differentiated,2,45,Positive,Positive,24,3
59,0,66,White,Single ,T3,N1,IIIA,Regional,Moderately differentiated,2,65,Positive,Negative,5,2
57,0,47,White,Married,T2,N1,IIB,Regional,Moderately differentiated,2,50,Positive,Positive,9,4
101,0,41,White,Divorced,T1,N1,IIA,Regional,Moderately differentiated,2,17,Positive,Positive,14,1
53,0,48,Other,Married,T2,N3,IIIC,Distant,Poorly differentiated,3,38,Positive,Positive,17,1
95,0,45,White,Married,T1,N1,IIA,Regional,Moderately differentiated,2,20,Positive,Positive,26,2
97,0,67,White,Married,T2,N1,IIB,Regional,Moderately differentiated,2,42,Positive,Positive,6,1
92,0,58,White,Widowed,T3,N2,IIIA,Regional,Moderately differentiated,2,60,Positive,Positive,17,5
52,0,50,White,Married,T1,N1,IIA,Regional,Poorly differentiated,3,5,Positive,Positive,12,2
81,0,47,White,Married,T2,N1,IIB,Regional,Poorly differentiated,3,35,Positive,Positive,15,2
21,0,59,White,Married,T2,N1,IIB,Regional,Poorly differentiated,3,24,Positive,Positive,12,2
55,0,67,White,Married,T1,N1,IIA,Regional,Poorly differentiated,3,12,Positive,Positive,8,1
67,0,63,White,Married,T2,N3,IIIC,Regional,Poorly differentiated,3,29,Positive,Positive,14,10
62,0,62,White,Married,T1,N1,IIA,Regional,Moderately differentiated,2,7,Positive,Positive,16,1
93,0,52,White,Divorced,T2,N1,IIB,Regional,Moderately differentiated,2,35,Positive,Positive,7,4
83,0,65,White,Divorced,T1,N1,IIA,Regional,Well differentiated,1,15,Positive,Positive,10,1
52,0,35,Other,Married,T3,N1,IIIA,Regional,Moderately differentiated,2,85,Positive,Positive,5,2
60,0,51,White,Single ,T1,N2,IIIA,Regional,Moderately differentiated,2,12,Positive,Positive,16,5
56,0,54,White,Married,T2,N1,IIB,Regional,Poorly differentiated,3,35,Positive,Positive,13,2
94,0,44,Other,Married,T2,N1,IIB,Regional,Moderately differentiated,2,22,Positive,Positive,1,1
92,0,57,White,Single ,T2,N1,IIB,Regional,Well differentiated,1,25,Positive,Positive,14,3
32,1,57,White,Married,T2,N3,IIIC,Regional,Moderately differentiated,2,35,Positive,Positive,9,4
26,1,36,Other,Single ,T4,N1,IIIB,Distant,Poorly differentiated,3,80,Negative,Negative,10,1
55,0,45,Other,Married,T1,N2,IIIA,Regional,Moderately differentiated,2,15,Positive,Positive,22,6
81,0,50,White,Widowed,T2,N3,IIIC,Regional,Poorly differentiated,3,30,Positive,Positive,12,10
62,0,43,Black,Married,T2,N1,IIB,Regional,Moderately differentiated,2,39,Positive,Positive,37,1
33,1,36,White,Married,T2,N1,IIB,Regional,Moderately differentiated,2,40,Negative,Positive,9,2
94,0,54,Other,Married,T3,N2,IIIA,Regional,Poorly differentiated,3,60,Positive,Positive,12,5
80,0,65,White,Single ,T2,N1,IIB,Regional,Well differentiated,1,32,Positive,Positive,2,1
29,1,41,White,Single ,T2,N2,IIIA,Regional,Poorly differentiated,3,28,Positive,Positive,36,4
100,0,65,Other,Married,T1,N2,IIIA,Regional,Moderately differentiated,2,15,Positive,Negative,11,6
84,1,59,White,Married,T2,N3,IIIC,Regional,Poorly differentiated,3,25,Positive,Positive,19,16
77,0,61,White,Married,T2,N3,IIIC,Regional,Moderately differentiated,2,40,Positive,Positive,12,11
107,0,45,Black,Divorced,T1,N1,IIA,Regional,Poorly differentiated,3,13,Positive,Positive,12,1
83,1,69,White,Divorced,T3,N1,IIIA,Regional,Moderately differentiated,2,74,Positive,Positive,12,1
64,0,54,White,Married,T2,N2,IIIA,Regional,Poorly differentiated,3,35,Positive,Positive,28,7
95,0,50,White,Married,T1,N3,IIIC,Regional,Moderately differentiated,2,18,Positive,Negative,18,11
59,1,53,White,Married,T2,N1,IIB,Regional,Moderately differentiated,2,25,Positive,Positive,8,3
67,0,50,White,Married,T2,N1,IIB,Regional,Poorly differentiated,3,38,Negative,Negative,15,3
93,0,67,Black,Widowed,T2,N2,IIIA,Regional,Moderately differentiated,2,22,Positive,Negative,23,8
80,0,43,White,Divorced,T1,N1,IIA,Regional,Moderately differentiated,2,20,Positive,Positive,13,1
91,0,39,Black,Married,T1,N1,IIA,Regional,Moderately differentiated,2,7,Positive,Positive,26,1
49,0,45,White,Married,T1,N1,IIA,Regional,Well differentiated,1,13,Positive,Positive,5,1
73,0,46,White,Married,T1,N1,IIA,Regional,Moderately differentiated,2,15,Positive,Positive,1,1
80,0,65,White,Single ,T2,N1,IIB,Regional,Poorly differentiated,3,33,Positive,Positive,16,1
79,0,42,White,Married,T3,N3,IIIC,Regional,Moderately differentiated,2,80,Positive,Positive,11,11
9,1,68,Black,Widowed,T1,N1,IIA,Regional,Moderately differentiated,2,6,Positive,Negative,21,1
107,0,69,White,Widowed,T2,N1,IIB,Regional,Moderately differentiated,2,30,Positive,Positive,13,1
103,0,47,White,Single ,T2,N3,IIIC,Regional,Poorly differentiated,3,22,Positive,Positive,17,12
95,0,48,White,Married,T2,N2,IIIA,Regional,Poorly differentiated,3,34,Positive,Positive,15,5
92,0,48,White,Married,T2,N1,IIB,Regional,Poorly differentiated,3,27,Positive,Positive,18,1
60,1,51,White,Married,T1,N1,IIA,Regional,Moderately differentiated,2,10,Positive,Positive,8,1
53,0,68,White,Married,T3,N2,IIIA,Regional,Poorly differentiated,3,60,Positive,Positive,17,4
60,0,48,White,Married,T2,N1,IIB,Regional,Moderately differentiated,2,34,Positive,Positive,18,1
79,0,35,White,Divorced,T2,N2,IIIA,Regional,Poorly differentiated,3,28,Positive,Positive,23,4
49,0,49,Black,Single ,T1,N1,IIA,Regional,Moderately differentiated,2,13,Positive,Positive,17,2
45,0,60,White,Single ,T1,N1,IIA,Regional,Well differentiated,1,17,Positive,Positive,17,3
68,0,64,White,Widowed,T1,N1,IIA,Regional,Well differentiated,1,15,Positive,Negative,2,1
96,0,55,White,Married,T1,N2,IIIA,Regional,Moderately differentiated,2,20,Positive,Positive,19,6
32,1,52,White,Married,T1,N1,IIA,Regional,Moderately differentiated,2,18,Positive,Positive,10,3
56,1,60,White,Divorced,T3,N3,IIIC,Regional,Moderately differentiated,2,75,Positive,Positive,30,28
104,0,68,White,Widowed,T2,N1,IIB,Regional,Moderately differentiated,2,26,Positive,Positive,8,2
86,0,49,Black,Married,T3,N1,IIIA,Regional,Poorly differentiated,3,70,Positive,Positive,15,2
11,1,45,White,Married,T3,N2,IIIA,Regional,Poorly differentiated,3,52,Negative,Negative,17,4
104,0,46,White,Married,T1,N1,IIA,Regional,Moderately differentiated,2,14,Positive,Positive,10,2
70,1,49,White,Married,T2,N2,IIIA,Regional,Well differentiated,1,25,Positive,Positive,11,5
10,1,67,White,Divorced,T2,N3,IIIC,Regional,Poorly differentiated,3,50,Positive,Positive,12,10
56,0,62,Black,Married,T1,N1,IIA,Regional,Moderately differentiated,2,17,Positive,Positive,18,1
35,1,62,White,Widowed,T2,N1,IIB,Regional,Moderately differentiated,2,25,Positive,Negative,20,4
52,0,54,White,Married,T2,N1,IIB,Regional,Poorly differentiated,3,22,Positive,Positive,17,1
49,0,50,White,Divorced,T1,N2,IIIA,Regional,Poorly differentiated,3,18,Positive,Positive,13,5
52,1,53,White,Married,T1,N2,IIIA,Regional,Poorly differentiated,3,20,Positive,Negative,22,5
85,0,51,White,Married,T3,N2,IIIA,Regional,Moderately differentiated,2,68,Positive,Negative,13,4
76,0,57,White,Single ,T1,N1,IIA,Regional,Poorly differentiated,3,5,Positive,Positive,5,1
79,0,48,White,Married,T1,N1,IIA,Regional,Moderately differentiated,2,20,Positive,Positive,7,1
40,1,53,Black,Single ,T3,N2,IIIA,Regional,Moderately differentiated,2,55,Positive,Positive,14,5
83,0,54,Black,Divorced,T1,N1,IIA,Regional,Well differentiated,1,15,Positive,Positive,13,1
49,0,49,White,Married,T2,N1,IIB,Regional,Poorly differentiated,3,25,Positive,Positive,7,1
51,1,66,White,Married,T2,N1,IIB,Regional,Moderately differentiated,2,35,Positive,Positive,4,3
48,0,65,White,Married,T1,N1,IIA,Regional,Well differentiated,1,15,Positive,Positive,4,1
98,0,55,Black,Divorced,T2,N1,IIB,Regional,Moderately differentiated,2,21,Positive,Positive,12,1
94,0,49,White,Married,T1,N2,IIIA,Regional,Moderately differentiated,2,15,Positive,Negative,11,8
77,0,47,White,Married,T2,N2,IIIA,Regional,Poorly differentiated,3,35,Positive,Negative,19,4
52,1,58,White,Single ,T3,N3,IIIC,Regional,Well differentiated,1,65,Positive,Negative,11,11
99,0,58,White,Married,T2,N1,IIB,Regional,Moderately differentiated,2,25,Positive,Positive,2,1
67,0,47,White,Married,T3,N2,IIIA,Regional,Moderately differentiated,2,65,Positive,Positive,9,5
77,0,37,White,Single ,T2,N1,IIB,Regional,Poorly differentiated,3,40,Positive,Positive,12,1
69,0,61,White,Widowed,T1,N1,IIA,Regional,Moderately differentiated,2,14,Positive,Positive,26,2
50,0,58,Black,Single ,T1,N1,IIA,Regional,Well differentiated,1,12,Positive,Positive,11,2
16,1,68,White,Single ,T2,N1,IIB,Regional,Moderately differentiated,2,35,Positive,Positive,1,1
59,0,63,White,Married,T1,N1,IIA,Regional,Well differentiated,1,14,Positive,Positive,15,1
88,0,57,White,Married,T3,N2,IIIA,Regional,Moderately differentiated,2,75,Positive,Positive,13,4
52,0,36,Other,Married,T3,N2,IIIA,Regional,Poorly differentiated,3,90,Positive,Positive,17,4
67,0,47,Black,Married,T1,N1,IIA,Regional,Poorly differentiated,3,16,Positive,Positive,12,2
52,0,59,White,Married,T3,N2,IIIA,Regional,Moderately differentiated,2,120,Positive,Positive,9,9
102,0,55,White,Married,T1,N1,IIA,Regional,Well differentiated,1,15,Positive,Positive,20,3
104,0,41,White,Single ,T3,N2,IIIA,Regional,Moderately differentiated,2,55,Positive,Positive,13,4
85,0,44,White,Married,T2,N1,IIB,Regional,Moderately differentiated,2,35,Positive,Positive,14,4
82,0,61,White,Married,T2,N1,IIB,Regional,Moderately differentiated,2,21,Positive,Positive,5,3
105,0,49,Other,Married,T2,N1,IIB,Regional,Poorly differentiated,3,40,Positive,Negative,3,2
65,0,65,White,Widowed,T1,N1,IIA,Regional,Well differentiated,1,19,Positive,Positive,13,1
48,0,69,White,Married,T1,N1,IIA,Regional,Well differentiated,1,18,Positive,Positive,4,1
38,0,52,White,Divorced,T2,N1,IIB,Regional,Moderately differentiated,2,30,Positive,Negative,18,2
101,0,64,Black,Divorced,T2,N2,IIIA,Regional,Moderately differentiated,2,21,Positive,Positive,27,4
59,1,69,White,Widowed,T3,N1,IIIA,Regional,Poorly differentiated,3,60,Negative,Negative,4,2
105,0,44,White,Married,T1,N1,IIA,Regional,Poorly differentiated,3,17,Positive,Negative,5,1
71,0,49,White,Widowed,T3,N1,IIIA,Regional,Moderately differentiated,2,77,Positive,Positive,14,1
84,0,64,White,Married,T1,N1,IIA,Regional,Moderately differentiated,2,20,Positive,Positive,2,1
65,0,43,White,Married,T2,N3,IIIC,Regional,Poorly differentiated,3,35,Positive,Positive,18,14
97,0,55,White,Married,T1,N1,IIA,Regional,Well differentiated,1,12,Positive,Positive,6,1
75,0,51,White,Married,T2,N1,IIB,Regional,Moderately differentiated,2,25,Positive,Positive,16,2
99,0,39,White,Married,T1,N1,IIA,Regional,Moderately differentiated,2,16,Positive,Positive,3,2
48,0,37,White,Married,T1,N1,IIA,Regional,Moderately differentiated,2,10,Positive,Positive,3,2
81,0,61,White,Married,T1,N1,IIA,Regional,Moderately differentiated,2,15,Positive,Positive,4,1
51,0,54,White,Married,T2,N2,IIIA,Regional,Moderately differentiated,2,24,Positive,Positive,19,5
81,0,59,White,Married,T2,N1,IIB,Regional,Moderately differentiated,2,34,Positive,Positive,10,3
53,1,45,White,Married,T3,N2,IIIA,Regional,Moderately differentiated,2,125,Positive,Positive,18,9
89,0,61,White,Married,T2,N2,IIIA,Regional,Poorly differentiated,3,45,Positive,Positive,24,5
69,0,50,White,Married,T3,N2,IIIA,Regional,Moderately differentiated,2,57,Positive,Positive,13,4
100,0,49,White,Married,T3,N1,IIIA,Regional,Poorly differentiated,3,75,Positive,Positive,3,1
88,0,40,Other,Married,T4,N2,IIIB,Distant,Well differentiated,1,60,Positive,Positive,7,5
57,0,48,White,Single ,T1,N2,IIIA,Regional,Poorly differentiated,3,20,Positive,Positive,9,7
67,1,49,White,Divorced,T3,N3,IIIC,Regional,Poorly differentiated,3,90,Negative,Negative,20,19
63,0,53,White,Married,T1,N1,IIA,Regional,Well differentiated,1,14,Positive,Positive,4,1
52,0,44,White,Married,T1,N1,IIA,Regional,Well differentiated,1,4,Positive,Positive,6,1
97,0,53,White,Married,T4,N1,IIIB,Regional,Poorly differentiated,3,60,Positive,Negative,32,2
51,0,52,White,Married,T2,N1,IIB,Regional,Moderately differentiated,2,21,Positive,Positive,7,2
54,0,53,White,Married,T2,N1,IIB,Regional,Moderately differentiated,2,27,Positive,Positive,21,1
53,0,48,White,Divorced,T2,N1,IIB,Regional,Moderately differentiated,2,50,Positive,Positive,6,1
61,0,57,White,Married,T2,N1,IIB,Regional,Moderately differentiated,2,25,Positive,Positive,14,1
66,0,44,White,Married,T1,N1,IIA,Regional,Moderately differentiated,2,17,Positive,Positive,5,1
49,0,59,White,Married,T3,N1,IIIA,Regional,Moderately differentiated,2,60,Positive,Positive,2,1
82,0,49,White,Single ,T1,N1,IIA,Regional,Moderately differentiated,2,19,Positive,Positive,14,3
78,0,53,White,Married,T2,N1,IIB,Regional,Moderately differentiated,2,50,Positive,Positive,8,1
82,1,55,White,Married,T4,N3,IIIC,Regional,Poorly differentiated,3,40,Positive,Negative,12,12
79,0,62,White,Married,T1,N1,IIA,Regional,Poorly differentiated,3,10,Positive,Positive,14,1
27,1,38,White,Married,T4,N2,IIIB,Distant,Poorly differentiated,3,30,Negative,Negative,19,5
101,0,56,White,Married,T3,N3,IIIC,Regional,Poorly differentiated,3,60,Positive,Negative,13,13
89,0,53,White,Married,T3,N2,IIIA,Regional,Moderately differentiated,2,70,Positive,Positive,21,4
88,0,40,White,Single ,T3,N1,IIIA,Regional,Undifferentiated, anaplastic; Grade IV,52,Positive,Positive,11,9
53,0,43,White,Married,T1,N1,IIA,Regional,Moderately differentiated,2,15,Positive,Positive,4,1
63,0,67,White,Married,T1,N2,IIIA,Regional,Moderately differentiated,2,17,Positive,Positive,21,8
59,0,43,White,Married,T1,N1,IIA,Regional,Poorly differentiated,3,13,Positive,Positive,11,1
78,0,50,White,Single ,T1,N1,IIA,Regional,Moderately differentiated,2,20,Positive,Positive,21,1
61,0,61,White,Married,T2,N2,IIIA,Regional,Moderately differentiated,2,28,Positive,Negative,32,5
91,0,62,White,Single ,T1,N1,IIA,Regional,Moderately differentiated,2,15,Positive,Negative,12,1
59,0,53,Other,Divorced,T1,N1,IIA,Regional,Moderately differentiated,2,9,Positive,Positive,2,1
93,0,55,White,Divorced,T2,N2,IIIA,Regional,Poorly differentiated,3,30,Positive,Positive,43,7
48,0,58,White,Single ,T1,N1,IIA,Regional,Moderately differentiated,2,11,Positive,Positive,13,2
80,0,69,White,Married,T1,N1,IIA,Regional,Poorly differentiated,3,15,Positive,Positive,14,3
66,0,52,White,Divorced,T1,N2,IIIA,Regional,Poorly differentiated,3,5,Positive,Positive,5,4
68,0,62,White,Married,T1,N2,IIIA,Regional,Well differentiated,1,20,Positive,Positive,16,4
77,0,64,White,Married,T1,N1,IIA,Regional,Moderately differentiated,2,15,Positive,Positive,13,2
88,0,68,White,Widowed,T2,N1,IIB,Regional,Well differentiated,1,25,Positive,Positive,10,2
49,1,48,White,Married,T2,N1,IIB,Regional,Moderately differentiated,2,23,Positive,Positive,15,1
83,0,51,White,Widowed,T1,N2,IIIA,Regional,Moderately differentiated,2,18,Positive,Positive,14,4
106,0,67,White,Single ,T2,N1,IIB,Regional,Moderately differentiated,2,30,Positive,Positive,19,1
61,0,58,White,Divorced,T2,N1,IIB,Regional,Moderately differentiated,2,25,Positive,Positive,8,3
103,0,62,White,Married,T2,N1,IIB,Regional,Well differentiated,1,38,Positive,Positive,8,1
82,1,69,White,Married,T3,N1,IIIA,Regional,Poorly differentiated,3,60,Positive,Positive,21,9
70,0,57,White,Married,T2,N2,IIIA,Regional,Moderately differentiated,2,37,Positive,Positive,12,6
10,1,53,White,Divorced,T3,N3,IIIC,Regional,Poorly differentiated,3,100,Positive,Positive,16,15
81,1,47,White,Single ,T2,N1,IIB,Regional,Poorly differentiated,3,35,Positive,Positive,18,1
51,1,58,White,Married,T1,N1,IIA,Regional,Poorly differentiated,3,18,Positive,Positive,11,2
84,0,46,White,Married,T1,N1,IIA,Regional,Well differentiated,1,15,Positive,Positive,5,1
90,0,53,White,Married,T2,N2,IIIA,Regional,Poorly differentiated,3,35,Positive,Positive,17,7
104,0,49,White,Widowed,T3,N2,IIIA,Regional,Well differentiated,1,85,Positive,Positive,18,4
105,0,65,White,Married,T1,N1,IIA,Regional,Poorly differentiated,3,15,Negative,Negative,19,2
98,0,50,White,Single ,T2,N2,IIIA,Regional,Moderately differentiated,2,26,Positive,Positive,6,6
44,0,39,White,Divorced,T2,N1,IIB,Regional,Moderately differentiated,2,35,Positive,Positive,6,2
90,0,42,White,Single ,T3,N1,IIIA,Regional,Moderately differentiated,2,80,Positive,Positive,13,2
73,0,45,White,Married,T1,N1,IIA,Regional,Moderately differentiated,2,15,Positive,Positive,15,1
88,0,47,White,Married,T2,N1,IIB,Regional,Well differentiated,1,25,Positive,Positive,6,1
61,0,53,Other,Divorced,T1,N2,IIIA,Regional,Poorly differentiated,3,20,Positive,Positive,12,7
89,0,55,White,Separated,T1,N2,IIIA,Regional,Moderately differentiated,2,20,Positive,Positive,17,8
64,0,63,White,Married,T2,N1,IIB,Regional,Poorly differentiated,3,32,Negative,Negative,39,2
107,0,62,White,Married,T2,N1,IIB,Regional,Poorly differentiated,3,40,Positive,Negative,12,3
56,0,51,White,Single ,T2,N3,IIIC,Distant,Moderately differentiated,2,35,Positive,Positive,26,26
70,0,57,White,Single ,T2,N1,IIB,Regional,Well differentiated,1,25,Positive,Positive,24,3
101,0,46,White,Married,T2,N1,IIB,Regional,Moderately differentiated,2,24,Positive,Positive,17,1
57,0,42,White,Married,T2,N1,IIB,Regional,Poorly differentiated,3,26,Positive,Positive,15,1
85,0,63,White,Married,T3,N1,IIIA,Regional,Moderately differentiated,2,104,Positive,Positive,9,1
66,0,57,White,Married,T3,N3,IIIC,Regional,Moderately differentiated,2,51,Positive,Positive,26,17
13,1,52,White,Divorced,T4,N3,IIIC,Distant,Poorly differentiated,3,30,Positive,Positive,16,16
66,0,56,White,Divorced,T4,N2,IIIB,Regional,Moderately differentiated,2,35,Positive,Positive,6,5
106,0,58,White,Married,T2,N3,IIIC,Regional,Moderately differentiated,2,25,Positive,Positive,25,15
104,0,66,White,Widowed,T1,N2,IIIA,Regional,Moderately differentiated,2,16,Positive,Positive,8,5
79,0,36,White,Married,T1,N1,IIA,Regional,Moderately differentiated,2,16,Positive,Positive,11,3
73,0,36,White,Married,T2,N3,IIIC,Regional,Moderately differentiated,2,25,Positive,Positive,26,17
101,0,55,White,Married,T3,N3,IIIC,Regional,Moderately differentiated,2,100,Positive,Positive,25,17
94,0,44,White,Married,T3,N1,IIIA,Regional,Moderately differentiated,2,60,Positive,Positive,10,3
100,0,59,White,Divorced,T3,N1,IIIA,Regional,Moderately differentiated,2,52,Positive,Positive,13,3
69,0,38,White,Married,T2,N1,IIB,Regional,Moderately differentiated,2,23,Positive,Positive,16,1
51,0,40,White,Divorced,T1,N1,IIA,Regional,Moderately differentiated,2,16,Negative,Negative,19,2
98,0,68,White,Married,T2,N1,IIB,Regional,Moderately differentiated,2,25,Positive,Positive,20,3
82,1,47,White,Divorced,T2,N1,IIB,Regional,Poorly differentiated,3,30,Positive,Positive,17,2
98,0,57,White,Married,T1,N1,IIA,Regional,Moderately differentiated,2,17,Positive,Positive,22,3
100,0,42,White,Married,T1,N1,IIA,Regional,Moderately differentiated,2,19,Positive,Positive,20,2
56,0,43,White,Single ,T1,N1,IIA,Regional,Moderately differentiated,2,10,Positive,Positive,11,1
70,0,52,White,Married,T1,N1,IIA,Regional,Poorly differentiated,3,18,Positive,Positive,11,3
90,0,65,White,Married,T1,N1,IIA,Regional,Moderately differentiated,2,10,Positive,Positive,18,1
84,0,57,White,Married,T1,N1,IIA,Regional,Moderately differentiated,2,10,Positive,Positive,15,1
81,0,47,White,Married,T1,N1,IIA,Regional,Moderately differentiated,2,12,Positive,Positive,23,1
75,0,41,White,Married,T1,N1,IIA,Regional,Poorly differentiated,3,18,Positive,Positive,9,2
59,0,51,White,Divorced,T3,N2,IIIA,Regional,Moderately differentiated,2,60,Positive,Positive,22,4
48,0,60,White,Single ,T2,N2,IIIA,Regional,Moderately differentiated,2,45,Positive,Positive,7,7
89,0,53,White,Married,T1,N1,IIA,Regional,Moderately differentiated,2,10,Positive,Positive,2,1
102,0,47,White,Married,T2,N1,IIB,Regional,Moderately differentiated,2,25,Negative,Negative,3,1
45,1,52,White,Single ,T2,N1,IIB,Regional,Moderately differentiated,2,22,Positive,Positive,5,1
39,1,63,White,Married,T1,N1,IIA,Regional,Moderately differentiated,2,17,Positive,Negative,16,1
92,0,55,White,Married,T1,N2,IIIA,Regional,Moderately differentiated,2,15,Positive,Positive,10,5
42,1,69,Black,Divorced,T2,N3,IIIC,Regional,Poorly differentiated,3,30,Positive,Positive,23,16
51,0,40,White,Single ,T2,N1,IIB,Regional,Moderately differentiated,2,37,Positive,Positive,33,1
105,0,44,White,Married,T3,N1,IIIA,Regional,Moderately differentiated,2,55,Positive,Positive,24,3
68,0,40,White,Married,T3,N2,IIIA,Regional,Moderately differentiated,2,65,Positive,Positive,10,7
87,0,33,White,Single ,T3,N1,IIIA,Regional,Moderately differentiated,2,75,Positive,Positive,12,3
103,0,51,White,Single ,T1,N1,IIA,Regional,Poorly differentiated,3,14,Positive,Positive,16,2
70,0,41,White,Single ,T1,N1,IIA,Regional,Moderately differentiated,2,11,Positive,Positive,10,1
89,0,61,White,Married,T3,N1,IIIA,Regional,Poorly differentiated,3,52,Positive,Negative,2,2
60,0,53,Other,Married,T2,N2,IIIA,Regional,Poorly differentiated,3,27,Positive,Positive,16,5
57,0,61,White,Single ,T2,N1,IIB,Regional,Poorly differentiated,3,49,Positive,Positive,18,5
84,0,46,White,Married,T2,N1,IIB,Regional,Poorly differentiated,3,46,Positive,Positive,6,2
95,0,46,White,Single ,T2,N1,IIB,Regional,Moderately differentiated,2,22,Positive,Positive,29,2
82,0,42,Other,Married,T2,N1,IIB,Regional,Moderately differentiated,2,40,Positive,Positive,23,1
67,0,44,White,Married,T2,N1,IIB,Regional,Moderately differentiated,2,25,Positive,Positive,11,1
63,0,44,White,Married,T2,N2,IIIA,Regional,Moderately differentiated,2,50,Positive,Positive,13,5
17,1,52,White,Divorced,T2,N2,IIIA,Regional,Poorly differentiated,3,50,Positive,Negative,7,7
57,0,63,White,Widowed,T2,N1,IIB,Regional,Moderately differentiated,2,30,Positive,Positive,12,1
80,0,56,Other,Married,T1,N3,IIIC,Regional,Moderately differentiated,2,13,Positive,Negative,16,12
77,0,53,Other,Married,T2,N3,IIIC,Regional,Poorly differentiated,3,21,Positive,Positive,23,19
30,1,43,White,Separated,T2,N1,IIB,Regional,Moderately differentiated,2,40,Positive,Negative,5,2
71,0,62,White,Married,T1,N1,IIA,Regional,Poorly differentiated,3,7,Positive,Positive,8,1
65,0,49,White,Divorced,T2,N2,IIIA,Regional,Moderately differentiated,2,25,Positive,Positive,10,5
98,0,56,White,Married,T3,N1,IIIA,Regional,Moderately differentiated,2,51,Positive,Positive,24,3
44,1,58,White,Married,T2,N1,IIB,Regional,Poorly differentiated,3,26,Positive,Negative,19,1
60,0,62,White,Single ,T1,N1,IIA,Regional,Poorly differentiated,3,20,Positive,Positive,1,1
60,0,61,White,Married,T1,N1,IIA,Regional,Well differentiated,1,8,Positive,Positive,14,1
34,1,62,White,Married,T2,N2,IIIA,Regional,Moderately differentiated,2,40,Positive,Positive,9,7
101,0,54,White,Married,T1,N1,IIA,Regional,Well differentiated,1,10,Positive,Positive,5,1
84,0,51,White,Single ,T1,N1,IIA,Regional,Moderately differentiated,2,17,Positive,Negative,14,1
94,0,52,White,Married,T1,N1,IIA,Regional,Moderately differentiated,2,2,Positive,Positive,4,1
41,1,38,White,Married,T3,N1,IIIA,Regional,Moderately differentiated,2,63,Positive,Positive,22,2
57,0,44,Black,Single ,T3,N2,IIIA,Regional,Moderately differentiated,2,70,Positive,Positive,22,6
97,0,59,White,Married,T2,N1,IIB,Regional,Moderately differentiated,2,45,Positive,Positive,12,2
105,0,52,White,Divorced,T2,N1,IIB,Regional,Moderately differentiated,2,21,Positive,Positive,17,3
80,0,48,White,Married,T1,N1,IIA,Regional,Moderately differentiated,2,14,Positive,Positive,2,1
102,0,34,White,Married,T1,N3,IIIC,Regional,Poorly differentiated,3,13,Positive,Positive,22,21
93,0,67,White,Married,T1,N1,IIA,Regional,Moderately differentiated,2,13,Positive,Positive,9,2
39,0,47,White,Married,T1,N1,IIA,Regional,Well differentiated,1,12,Positive,Positive,8,1
106,0,62,White,Married,T1,N1,IIA,Regional,Moderately differentiated,2,19,Positive,Positive,17,1
100,0,49,White,Single ,T1,N1,IIA,Regional,Poorly differentiated,3,20,Positive,Positive,26,1
65,1,53,White,Married,T2,N3,IIIC,Regional,Poorly differentiated,3,27,Positive,Positive,22,11
97,0,47,Other,Married,T3,N3,IIIC,Regional,Moderately differentiated,2,100,Positive,Positive,23,16
84,0,54,Black,Married,T1,N3,IIIC,Regional,Moderately differentiated,2,16,Positive,Positive,9,6
86,0,46,White,Married,T1,N1,IIA,Regional,Well differentiated,1,12,Positive,Positive,1,1
52,0,54,Other,Divorced,T2,N1,IIB,Regional,Moderately differentiated,2,35,Positive,Positive,21,2
56,0,48,White,Married,T1,N1,IIA,Regional,Well differentiated,1,4,Positive,Positive,12,1
91,0,57,White,Married,T2,N1,IIB,Regional,Poorly differentiated,3,40,Positive,Positive,26,1
52,1,49,White,Single ,T1,N2,IIIA,Regional,Well differentiated,1,17,Positive,Positive,8,5
20,0,48,White,Married,T2,N1,IIB,Regional,Moderately differentiated,2,32,Positive,Positive,19,5
70,0,50,White,Married,T1,N2,IIIA,Regional,Moderately differentiated,2,12,Positive,Positive,15,8
71,0,51,White,Married,T2,N1,IIB,Regional,Poorly differentiated,3,27,Positive,Positive,4,1
44,0,42,White,Married,T1,N1,IIA,Regional,Well differentiated,1,8,Positive,Positive,14,1
69,0,55,White,Married,T2,N1,IIB,Regional,Moderately differentiated,2,22,Positive,Positive,11,1
87,0,63,White,Married,T3,N1,IIIA,Regional,Moderately differentiated,2,52,Positive,Positive,27,3
84,0,62,White,Married,T1,N3,IIIC,Regional,Moderately differentiated,2,9,Positive,Negative,16,13
79,0,58,Other,Married,T1,N2,IIIA,Regional,Poorly differentiated,3,18,Positive,Positive,9,9
77,0,54,White,Married,T1,N1,IIA,Regional,Moderately differentiated,2,15,Positive,Positive,26,1
92,0,62,White,Divorced,T1,N2,IIIA,Regional,Moderately differentiated,2,13,Positive,Positive,13,4
91,0,68,White,Married,T1,N1,IIA,Regional,Moderately differentiated,2,20,Positive,Positive,2,1
79,0,47,White,Married,T1,N1,IIA,Regional,Moderately differentiated,2,16,Positive,Positive,15,1
50,0,52,White,Married,T1,N1,IIA,Regional,Moderately differentiated,2,16,Positive,Positive,9,2
86,0,37,White,Married,T2,N1,IIB,Regional,Moderately differentiated,2,25,Positive,Positive,26,2
98,0,55,White,Married,T1,N1,IIA,Regional,Moderately differentiated,2,3,Positive,Positive,15,1
43,1,65,White,Divorced,T2,N2,IIIA,Regional,Poorly differentiated,3,32,Positive,Positive,10,4
61,1,46,White,Married,T2,N3,IIIC,Distant,Moderately differentiated,2,40,Positive,Positive,19,19
99,0,63,White,Married,T1,N2,IIIA,Regional,Moderately differentiated,2,10,Positive,Positive,10,9
55,0,62,Black,Married,T2,N1,IIB,Regional,Poorly differentiated,3,35,Positive,Positive,2,1
86,0,65,White,Married,T2,N2,IIIA,Regional,Moderately differentiated,2,35,Positive,Positive,10,6
87,0,68,White,Married,T2,N1,IIB,Regional,Moderately differentiated,2,23,Positive,Positive,16,1
104,0,58,White,Single ,T2,N1,IIB,Regional,Well differentiated,1,47,Positive,Negative,13,3
68,1,66,White,Divorced,T3,N3,IIIC,Regional,Moderately differentiated,2,60,Positive,Negative,11,11
63,0,62,White,Single ,T3,N2,IIIA,Regional,Poorly differentiated,3,70,Positive,Positive,23,9
55,1,68,Black,Married,T2,N2,IIIA,Regional,Poorly differentiated,3,50,Positive,Positive,11,4
88,0,32,White,Married,T2,N1,IIB,Regional,Moderately differentiated,2,48,Positive,Negative,7,6
98,0,43,White,Single ,T1,N1,IIA,Regional,Moderately differentiated,2,17,Positive,Positive,19,3
56,0,62,White,Married,T2,N1,IIB,Regional,Moderately differentiated,2,25,Positive,Positive,21,1
38,1,40,White,Single ,T2,N1,IIB,Regional,Moderately differentiated,2,25,Positive,Positive,7,2
73,0,61,Black,Single ,T2,N2,IIIA,Regional,Poorly differentiated,3,25,Negative,Negative,20,6
40,1,46,White,Married,T3,N1,IIIA,Regional,Moderately differentiated,2,63,Positive,Positive,12,3
49,0,48,White,Married,T1,N1,IIA,Regional,Well differentiated,1,12,Positive,Positive,8,1
90,0,64,White,Married,T1,N1,IIA,Regional,Moderately differentiated,2,14,Positive,Positive,1,1
93,0,60,White,Married,T1,N1,IIA,Regional,Moderately differentiated,2,12,Positive,Positive,11,1
50,0,57,White,Married,T1,N1,IIA,Regional,Moderately differentiated,2,14,Positive,Positive,9,3
35,1,64,White,Married,T3,N1,IIIA,Regional,Moderately differentiated,2,83,Positive,Positive,8,2
59,0,54,White,Married,T2,N1,IIB,Regional,Moderately differentiated,2,28,Positive,Positive,32,3
103,0,48,White,Married,T2,N1,IIB,Regional,Moderately differentiated,2,35,Positive,Positive,24,1
68,0,65,White,Married,T4,N1,IIIB,Distant,Poorly differentiated,3,5,Positive,Negative,9,2
98,0,35,Black,Married,T1,N1,IIA,Regional,Poorly differentiated,3,14,Negative,Negative,17,3
87,0,54,White,Divorced,T2,N1,IIB,Regional,Moderately differentiated,2,25,Positive,Negative,8,3
63,1,54,White,Single ,T2,N3,IIIC,Regional,Poorly differentiated,3,25,Negative,Negative,13,13
92,0,69,White,Married,T1,N1,IIA,Regional,Moderately differentiated,2,12,Positive,Negative,12,1
59,0,44,White,Married,T2,N1,IIB,Regional,Poorly differentiated,3,22,Positive,Positive,15,2
22,1,48,White,Married,T3,N2,IIIA,Regional,Moderately differentiated,2,60,Negative,Negative,12,5
93,1,69,White,Single ,T4,N3,IIIC,Regional,Moderately differentiated,2,80,Positive,Positive,24,23
71,0,55,Black,Single ,T2,N1,IIB,Regional,Poorly differentiated,3,32,Positive,Positive,12,3
102,0,49,White,Married,T1,N1,IIA,Regional,Poorly differentiated,3,15,Negative,Negative,12,1
95,0,65,White,Married,T4,N2,IIIB,Regional,Well differentiated,1,63,Positive,Positive,10,6
53,0,47,Black,Single ,T1,N1,IIA,Regional,Well differentiated,1,17,Positive,Positive,9,1
50,0,64,White,Widowed,T3,N2,IIIA,Regional,Moderately differentiated,2,62,Positive,Positive,47,4
45,0,52,White,Married,T1,N1,IIA,Regional,Moderately differentiated,2,16,Positive,Positive,17,2
79,0,64,White,Married,T2,N1,IIB,Regional,Moderately differentiated,2,25,Positive,Positive,4,1
94,0,69,White,Widowed,T1,N1,IIA,Regional,Moderately differentiated,2,20,Positive,Positive,9,1
105,0,48,White,Single ,T1,N1,IIA,Regional,Moderately differentiated,2,11,Positive,Positive,23,1
80,0,65,Black,Single ,T1,N2,IIIA,Regional,Poorly differentiated,3,14,Negative,Negative,8,4
67,0,68,White,Single ,T3,N2,IIIA,Regional,Moderately differentiated,2,50,Positive,Negative,10,6
13,0,49,White,Married,T1,N1,IIA,Regional,Moderately differentiated,2,18,Positive,Positive,22,1
66,0,54,White,Married,T3,N1,IIIA,Regional,Moderately differentiated,2,51,Positive,Positive,14,1
75,0,63,White,Married,T1,N1,IIA,Regional,Moderately differentiated,2,12,Positive,Positive,27,1
78,0,57,White,Divorced,T1,N1,IIA,Regional,Moderately differentiated,2,7,Positive,Positive,6,1
44,1,39,Other,Married,T3,N1,IIIA,Regional,Poorly differentiated,3,70,Positive,Positive,12,3
65,0,45,White,Married,T2,N2,IIIA,Regional,Poorly differentiated,3,27,Positive,Negative,19,5
100,0,54,White,Separated,T1,N3,IIIC,Regional,Poorly differentiated,3,19,Positive,Negative,16,16
96,0,65,White,Widowed,T2,N1,IIB,Regional,Poorly differentiated,3,37,Positive,Positive,14,1
81,0,51,White,Divorced,T1,N2,IIIA,Regional,Moderately differentiated,2,20,Positive,Positive,21,9
35,1,64,White,Married,T2,N3,IIIC,Regional,Moderately differentiated,2,25,Positive,Positive,16,16
64,0,48,White,Married,T2,N1,IIB,Regional,Moderately differentiated,2,23,Positive,Positive,18,2
88,0,68,White,Divorced,T1,N1,IIA,Regional,Moderately differentiated,2,11,Positive,Positive,14,1
61,1,49,White,Single ,T3,N3,IIIC,Regional,Poorly differentiated,3,80,Negative,Negative,16,11
53,0,57,White,Married,T2,N1,IIB,Regional,Well differentiated,1,23,Positive,Positive,3,1
74,0,35,White,Married,T2,N1,IIB,Regional,Poorly differentiated,3,50,Positive,Positive,17,1
25,1,66,White,Married,T3,N3,IIIC,Regional,Poorly differentiated,3,90,Positive,Positive,20,20
78,0,48,White,Married,T3,N1,IIIA,Regional,Well differentiated,1,80,Positive,Positive,22,3
75,0,67,White,Widowed,T1,N1,IIA,Regional,Moderately differentiated,2,5,Positive,Positive,12,1
99,0,53,White,Married,T1,N1,IIA,Regional,Moderately differentiated,2,20,Positive,Positive,9,1
61,0,66,White,Married,T2,N1,IIB,Regional,Moderately differentiated,2,46,Positive,Negative,14,1
78,0,40,White,Married,T2,N2,IIIA,Regional,Moderately differentiated,2,25,Positive,Positive,9,4
53,0,59,White,Married,T1,N1,IIA,Regional,Poorly differentiated,3,15,Positive,Positive,14,1
41,1,69,White,Widowed,T1,N1,IIA,Regional,Well differentiated,1,13,Positive,Positive,13,1
96,0,67,White,Married,T1,N1,IIA,Regional,Moderately differentiated,2,15,Positive,Positive,22,1
105,0,60,White,Married,T3,N1,IIIA,Regional,Moderately differentiated,2,70,Positive,Positive,22,1
97,0,64,Black,Divorced,T2,N1,IIB,Regional,Moderately differentiated,2,35,Positive,Positive,14,1
84,0,48,White,Married,T1,N1,IIA,Regional,Moderately differentiated,2,11,Positive,Positive,17,1
6,1,63,Other,Married,T1,N1,IIA,Regional,Poorly differentiated,3,16,Positive,Positive,3,1
82,0,49,White,Married,T2,N1,IIB,Regional,Moderately differentiated,2,30,Positive,Positive,15,2
38,0,53,White,Married,T1,N1,IIA,Regional,Moderately differentiated,2,18,Positive,Positive,6,1
98,0,50,White,Divorced,T2,N1,IIB,Regional,Moderately differentiated,2,25,Positive,Positive,13,1
75,0,53,White,Married,T2,N1,IIB,Regional,Moderately differentiated,2,32,Positive,Positive,2,1
91,0,63,White,Married,T2,N1,IIB,Regional,Poorly differentiated,3,22,Positive,Positive,2,1
77,0,44,Other,Married,T2,N1,IIB,Regional,Moderately differentiated,2,40,Positive,Positive,14,1
44,1,45,White,Married,T2,N3,IIIC,Regional,Poorly differentiated,3,22,Positive,Positive,30,30
20,1,51,Other,Single ,T2,N2,IIIA,Regional,Moderately differentiated,2,22,Positive,Positive,22,7
95,0,54,White,Married,T2,N1,IIB,Regional,Well differentiated,1,45,Positive,Positive,10,1
93,0,47,White,Divorced,T2,N1,IIB,Regional,Moderately differentiated,2,29,Positive,Positive,2,1
69,0,56,White,Divorced,T3,N3,IIIC,Regional,Moderately differentiated,2,60,Positive,Positive,15,12
76,0,54,White,Married,T3,N1,IIIA,Regional,Moderately differentiated,2,60,Positive,Positive,9,1
39,1,51,White,Married,T1,N3,IIIC,Regional,Well differentiated,1,11,Positive,Positive,35,34
30,1,63,White,Single ,T1,N1,IIA,Regional,Moderately differentiated,2,18,Positive,Positive,11,1
48,0,59,White,Widowed,T1,N2,IIIA,Regional,Moderately differentiated,2,18,Positive,Positive,14,6
37,0,62,White,Single ,T1,N1,IIA,Regional,Poorly differentiated,3,16,Positive,Positive,1,1
54,0,57,White,Married,T2,N1,IIB,Regional,Poorly differentiated,3,25,Positive,Positive,6,1
85,0,50,White,Married,T3,N1,IIIA,Regional,Moderately differentiated,2,75,Positive,Positive,19,2
24,0,51,White,Married,T1,N1,IIA,Regional,Well differentiated,1,12,Positive,Positive,17,1
54,0,48,White,Single ,T2,N1,IIB,Regional,Poorly differentiated,3,25,Positive,Positive,11,3
65,0,48,White,Married,T3,N1,IIIA,Regional,Moderately differentiated,2,60,Positive,Positive,24,2
63,0,54,Black,Married,T1,N2,IIIA,Regional,Poorly differentiated,3,4,Negative,Negative,33,4
97,0,46,White,Single ,T1,N1,IIA,Regional,Moderately differentiated,2,9,Positive,Positive,4,1
63,0,69,White,Widowed,T2,N1,IIB,Regional,Well differentiated,1,25,Positive,Negative,10,2
75,0,39,White,Single ,T1,N1,IIA,Regional,Poorly differentiated,3,20,Negative,Negative,14,1
100,1,40,Other,Single ,T3,N1,IIIA,Regional,Moderately differentiated,2,60,Positive,Positive,10,1
78,0,56,White,Married,T2,N1,IIB,Regional,Poorly differentiated,3,42,Positive,Negative,10,2
78,0,57,White,Married,T3,N1,IIIA,Regional,Poorly differentiated,3,40,Positive,Positive,27,2
48,0,51,White,Married,T1,N2,IIIA,Regional,Moderately differentiated,2,13,Positive,Positive,13,8
81,1,49,White,Married,T1,N2,IIIA,Regional,Moderately differentiated,2,14,Positive,Positive,7,4
69,0,62,White,Married,T2,N2,IIIA,Regional,Well differentiated,1,25,Negative,Negative,30,6
83,0,59,Black,Married,T3,N3,IIIC,Distant,Moderately differentiated,2,58,Positive,Positive,14,10
22,0,53,White,Married,T2,N1,IIB,Regional,Moderately differentiated,2,30,Positive,Positive,14,3
106,0,45,White,Married,T3,N1,IIIA,Regional,Poorly differentiated,3,54,Positive,Positive,19,3
27,0,53,White,Married,T2,N1,IIB,Regional,Moderately differentiated,2,30,Positive,Positive,3,1
97,0,65,White,Married,T1,N3,IIIC,Regional,Moderately differentiated,2,20,Positive,Positive,14,10
61,0,39,White,Married,T3,N1,IIIA,Regional,Poorly differentiated,3,63,Positive,Positive,18,2
62,0,48,White,Single ,T2,N2,IIIA,Regional,Poorly differentiated,3,25,Positive,Positive,8,4
98,0,53,White,Single ,T1,N2,IIIA,Regional,Well differentiated,1,3,Positive,Positive,21,6
63,0,53,Other,Married,T3,N1,IIIA,Regional,Moderately differentiated,2,60,Positive,Positive,27,2
101,0,67,White,Single ,T2,N1,IIB,Regional,Poorly differentiated,3,35,Positive,Positive,17,1
67,0,62,White,Married,T1,N1,IIA,Regional,Moderately differentiated,2,15,Positive,Positive,12,1
68,0,68,White,Married,T2,N2,IIIA,Regional,Moderately differentiated,2,40,Positive,Positive,6,4
61,0,38,White,Married,T2,N1,IIB,Regional,Poorly differentiated,3,25,Positive,Positive,8,1
41,1,64,Black,Divorced,T3,N3,IIIC,Regional,Poorly differentiated,3,65,Positive,Positive,30,21
77,0,47,White,Single ,T2,N1,IIB,Regional,Moderately differentiated,2,45,Positive,Positive,28,1
98,0,63,White,Married,T1,N1,IIA,Regional,Moderately differentiated,2,15,Positive,Negative,18,2
48,0,61,White,Married,T2,N1,IIB,Regional,Moderately differentiated,2,24,Positive,Positive,8,1
74,0,68,White,Divorced,T1,N1,IIA,Regional,Moderately differentiated,2,15,Positive,Negative,16,2
69,0,58,White,Married,T2,N2,IIIA,Regional,Moderately differentiated,2,23,Positive,Positive,13,5
94,0,41,White,Married,T2,N1,IIB,Regional,Poorly differentiated,3,30,Positive,Positive,20,1
95,0,47,White,Divorced,T2,N1,IIB,Regional,Poorly differentiated,3,24,Positive,Positive,13,2
67,0,56,Black,Single ,T2,N1,IIB,Regional,Moderately differentiated,2,35,Positive,Positive,6,3
56,0,56,White,Married,T1,N1,IIA,Regional,Moderately differentiated,2,5,Positive,Negative,36,3
102,0,56,Other,Married,T2,N1,IIB,Regional,Poorly differentiated,3,46,Negative,Negative,12,2
74,0,46,White,Divorced,T2,N1,IIB,Regional,Poorly differentiated,3,50,Positive,Negative,13,1
102,0,53,White,Single ,T2,N1,IIB,Regional,Moderately differentiated,2,38,Positive,Positive,5,3
65,0,45,White,Married,T2,N1,IIB,Regional,Moderately differentiated,2,36,Positive,Positive,17,2
69,0,66,Black,Married,T1,N1,IIA,Regional,Poorly differentiated,3,4,Positive,Negative,2,1
101,0,61,White,Widowed,T2,N2,IIIA,Regional,Poorly differentiated,3,25,Positive,Positive,8,8
80,0,53,White,Single ,T1,N1,IIA,Regional,Moderately differentiated,2,15,Positive,Positive,23,1
83,0,51,White,Married,T2,N1,IIB,Regional,Moderately differentiated,2,25,Positive,Positive,10,2
62,0,68,White,Single ,T2,N3,IIIC,Regional,Moderately differentiated,2,30,Positive,Negative,12,10
60,0,67,White,Widowed,T2,N1,IIB,Regional,Moderately differentiated,2,35,Positive,Negative,13,1
40,1,59,White,Married,T1,N1,IIA,Regional,Moderately differentiated,2,18,Positive,Negative,29,1
105,0,64,White,Divorced,T2,N1,IIB,Regional,Moderately differentiated,2,23,Positive,Negative,10,1
18,1,57,Other,Married,T3,N3,IIIC,Regional,Moderately differentiated,2,60,Negative,Negative,14,14
78,0,54,White,Married,T1,N1,IIA,Regional,Well differentiated,1,11,Positive,Positive,3,1
75,0,41,White,Single ,T2,N1,IIB,Regional,Moderately differentiated,2,21,Positive,Positive,8,1
99,0,49,White,Married,T2,N1,IIB,Regional,Moderately differentiated,2,42,Positive,Positive,5,3
88,0,51,White,Married,T2,N2,IIIA,Regional,Moderately differentiated,2,30,Positive,Positive,24,4
50,0,42,White,Married,T2,N1,IIB,Regional,Poorly differentiated,3,37,Positive,Negative,29,3
88,0,46,White,Single ,T1,N2,IIIA,Regional,Moderately differentiated,2,20,Positive,Positive,16,5
102,0,61,Other,Married,T3,N3,IIIC,Regional,Moderately differentiated,2,55,Positive,Positive,32,19
105,0,44,White,Married,T3,N1,IIIA,Regional,Well differentiated,1,78,Positive,Positive,19,1
51,0,55,White,Divorced,T2,N3,IIIC,Regional,Poorly differentiated,3,45,Positive,Negative,17,14
92,0,50,White,Married,T1,N1,IIA,Regional,Moderately differentiated,2,11,Positive,Positive,29,2
23,1,62,White,Married,T1,N3,IIIC,Regional,Poorly differentiated,3,15,Positive,Negative,12,11
70,0,62,White,Single ,T2,N2,IIIA,Regional,Moderately differentiated,2,21,Positive,Positive,20,5
74,0,46,White,Divorced,T2,N1,IIB,Regional,Well differentiated,1,30,Positive,Positive,7,2
78,0,56,White,Married,T2,N1,IIB,Regional,Moderately differentiated,2,36,Positive,Positive,1,1
50,0,57,White,Married,T1,N3,IIIC,Distant,Moderately differentiated,2,15,Positive,Positive,18,14
35,0,47,White,Married,T1,N1,IIA,Regional,Moderately differentiated,2,3,Positive,Positive,8,2
57,0,42,White,Married,T2,N1,IIB,Regional,Moderately differentiated,2,25,Positive,Positive,13,2
79,0,56,White,Married,T2,N1,IIB,Regional,Poorly differentiated,3,44,Positive,Positive,8,2
34,1,50,Black,Married,T1,N3,IIIC,Regional,Moderately differentiated,2,17,Positive,Positive,17,15
95,0,43,White,Married,T3,N2,IIIA,Regional,Moderately differentiated,2,57,Positive,Positive,24,4
72,0,46,Black,Married,T2,N1,IIB,Regional,Well differentiated,1,30,Positive,Positive,19,2
50,0,46,White,Divorced,T1,N1,IIA,Regional,Moderately differentiated,2,15,Positive,Positive,12,3
92,0,60,White,Married,T3,N1,IIIA,Regional,Poorly differentiated,3,80,Positive,Positive,12,2
107,0,44,White,Married,T2,N1,IIB,Regional,Poorly differentiated,3,26,Negative,Negative,9,3
59,0,47,White,Married,T2,N1,IIB,Regional,Moderately differentiated,2,25,Positive,Positive,10,1
94,0,46,White,Married,T3,N3,IIIC,Regional,Moderately differentiated,2,80,Positive,Positive,16,12
57,0,60,White,Married,T2,N1,IIB,Regional,Moderately differentiated,2,30,Positive,Positive,14,5
64,0,60,White,Married,T1,N1,IIA,Regional,Moderately differentiated,2,20,Positive,Positive,11,3
60,0,61,White,Single ,T1,N3,IIIC,Regional,Moderately differentiated,2,13,Positive,Positive,34,34
74,1,67,White,Separated,T1,N1,IIA,Regional,Moderately differentiated,2,12,Positive,Positive,2,1
56,0,61,White,Widowed,T3,N1,IIIA,Regional,Moderately differentiated,2,90,Positive,Positive,13,1
96,0,43,Other,Married,T2,N2,IIIA,Regional,Poorly differentiated,3,45,Positive,Positive,14,8
63,0,66,White,Single ,T2,N2,IIIA,Regional,Moderately differentiated,2,50,Positive,Positive,17,4
83,0,51,White,Divorced,T2,N1,IIB,Regional,Well differentiated,1,27,Positive,Positive,20,1
54,0,56,White,Divorced,T2,N1,IIB,Regional,Moderately differentiated,2,30,Positive,Negative,18,3
80,1,67,White,Separated,T1,N1,IIA,Regional,Moderately differentiated,2,15,Positive,Positive,24,2
74,0,51,White,Married,T1,N1,IIA,Regional,Moderately differentiated,2,12,Positive,Positive,5,2
66,0,50,White,Married,T3,N2,IIIA,Regional,Moderately differentiated,2,60,Positive,Positive,27,5
89,0,52,White,Single ,T1,N1,IIA,Regional,Poorly differentiated,3,11,Positive,Positive,1,1
86,0,56,White,Single ,T1,N1,IIA,Regional,Moderately differentiated,2,18,Negative,Negative,13,2
96,1,61,White,Divorced,T1,N1,IIA,Regional,Moderately differentiated,2,10,Positive,Positive,15,1
68,0,53,Other,Married,T2,N3,IIIC,Regional,Moderately differentiated,2,21,Positive,Positive,29,17
66,0,63,White,Divorced,T2,N1,IIB,Regional,Well differentiated,1,22,Positive,Positive,16,3
58,0,59,White,Widowed,T2,N2,IIIA,Regional,Moderately differentiated,2,28,Positive,Negative,25,9
76,0,65,White,Single ,T3,N3,IIIC,Regional,Moderately differentiated,2,65,Positive,Positive,14,12
83,0,66,Other,Married,T2,N1,IIB,Regional,Moderately differentiated,2,24,Positive,Positive,2,1
107,0,57,White,Married,T2,N1,IIB,Regional,Moderately differentiated,2,33,Positive,Positive,9,1
23,0,44,Black,Married,T2,N1,IIB,Regional,Well differentiated,1,50,Positive,Positive,4,2
75,1,61,White,Married,T4,N2,IIIB,Regional,Well differentiated,1,51,Positive,Positive,10,4
76,0,41,White,Married,T1,N1,IIA,Regional,Well differentiated,1,5,Positive,Positive,12,2
67,0,40,White,Divorced,T2,N2,IIIA,Regional,Poorly differentiated,3,40,Positive,Positive,8,8
55,0,53,White,Married,T2,N2,IIIA,Regional,Moderately differentiated,2,24,Positive,Positive,9,4
59,0,51,White,Married,T2,N2,IIIA,Regional,Moderately differentiated,2,25,Positive,Positive,18,2
78,0,55,White,Married,T2,N1,IIB,Regional,Moderately differentiated,2,21,Positive,Positive,6,1
66,0,50,White,Married,T1,N1,IIA,Regional,Moderately differentiated,2,9,Positive,Positive,37,2
53,0,60,White,Married,T1,N1,IIA,Regional,Moderately differentiated,2,10,Positive,Positive,33,1
41,0,55,White,Married,T2,N1,IIB,Regional,Moderately differentiated,2,43,Positive,Positive,13,3
55,0,58,White,Married,T1,N1,IIA,Regional,Well differentiated,1,13,Positive,Positive,9,1
50,0,41,White,Married,T1,N1,IIA,Regional,Moderately differentiated,2,10,Positive,Positive,15,1
60,0,50,Black,Single ,T1,N2,IIIA,Regional,Moderately differentiated,2,8,Positive,Positive,24,7
47,0,59,White,Widowed,T2,N2,IIIA,Regional,Poorly differentiated,3,45,Positive,Positive,11,5
54,0,60,White,Married,T1,N1,IIA,Regional,Well differentiated,1,14,Positive,Positive,9,1
101,0,48,Black,Single ,T2,N1,IIB,Regional,Moderately differentiated,2,25,Positive,Positive,11,2
18,1,50,Black,Single ,T2,N2,IIIA,Regional,Moderately differentiated,2,45,Positive,Positive,9,8
85,0,67,White,Married,T1,N1,IIA,Regional,Moderately differentiated,2,18,Positive,Positive,21,1
55,0,62,White,Married,T2,N1,IIB,Regional,Moderately differentiated,2,21,Positive,Positive,19,1
87,0,65,White,Divorced,T2,N1,IIB,Regional,Well differentiated,1,25,Positive,Positive,12,1
50,0,54,White,Divorced,T1,N1,IIA,Regional,Moderately differentiated,2,20,Positive,Positive,3,1
81,0,61,White,Married,T2,N3,IIIC,Regional,Moderately differentiated,2,30,Positive,Positive,12,11
64,0,49,White,Married,T2,N1,IIB,Regional,Moderately differentiated,2,35,Positive,Positive,24,3
75,0,54,White,Single ,T2,N1,IIB,Regional,Moderately differentiated,2,44,Positive,Positive,3,2
69,0,59,White,Married,T2,N1,IIB,Regional,Poorly differentiated,3,47,Positive,Positive,9,1
61,0,48,White,Divorced,T1,N1,IIA,Regional,Poorly differentiated,3,20,Positive,Positive,12,2
89,0,42,Other,Married,T3,N1,IIIA,Regional,Moderately differentiated,2,55,Positive,Positive,19,5
65,0,64,White,Married,T1,N1,IIA,Regional,Moderately differentiated,2,6,Positive,Positive,15,2
63,0,59,White,Married,T1,N1,IIA,Regional,Well differentiated,1,13,Positive,Positive,35,2
107,0,53,White,Married,T1,N1,IIA,Regional,Poorly differentiated,3,12,Positive,Positive,8,1
50,0,51,Other,Married,T2,N1,IIB,Regional,Poorly differentiated,3,25,Positive,Negative,14,2
64,0,34,White,Single ,T2,N2,IIIA,Regional,Poorly differentiated,3,35,Positive,Positive,10,5
6,1,49,White,Divorced,T2,N3,IIIC,Regional,Poorly differentiated,3,50,Positive,Negative,12,12
31,1,56,White,Married,T1,N1,IIA,Regional,Moderately differentiated,2,17,Positive,Negative,4,1
36,1,53,White,Married,T2,N1,IIB,Regional,Poorly differentiated,3,33,Negative,Negative,19,2
100,0,59,White,Married,T1,N2,IIIA,Regional,Moderately differentiated,2,20,Positive,Positive,9,6
81,0,55,White,Single ,T1,N1,IIA,Regional,Well differentiated,1,13,Negative,Negative,22,3
55,0,43,White,Married,T4,N3,IIIC,Regional,Undifferentiated, anaplastic; Grade IV,59,Negative,Positive,16,10
48,0,69,White,Married,T2,N1,IIB,Regional,Moderately differentiated,2,42,Positive,Positive,7,2
54,0,49,White,Separated,T1,N1,IIA,Regional,Moderately differentiated,2,3,Positive,Positive,11,1
55,0,57,White,Married,T1,N1,IIA,Regional,Moderately differentiated,2,16,Positive,Positive,4,1
88,0,48,White,Single ,T3,N3,IIIC,Distant,Poorly differentiated,3,60,Positive,Positive,17,13
66,0,64,White,Married,T1,N1,IIA,Regional,Poorly differentiated,3,14,Negative,Negative,5,1
67,0,59,White,Married,T1,N1,IIA,Regional,Moderately differentiated,2,15,Positive,Positive,13,1
63,0,64,White,Married,T2,N2,IIIA,Regional,Well differentiated,1,34,Positive,Positive,8,7
96,0,43,White,Widowed,T1,N2,IIIA,Regional,Moderately differentiated,2,11,Positive,Positive,16,9
14,1,49,Black,Separated,T2,N3,IIIC,Distant,Well differentiated,1,27,Positive,Positive,23,22
71,0,41,White,Single ,T2,N3,IIIC,Regional,Poorly differentiated,3,35,Positive,Positive,15,12
49,0,58,White,Married,T2,N1,IIB,Regional,Well differentiated,1,35,Positive,Positive,9,3
85,0,48,White,Married,T1,N2,IIIA,Regional,Moderately differentiated,2,10,Positive,Positive,8,4
41,0,40,Other,Married,T2,N1,IIB,Regional,Well differentiated,1,22,Positive,Positive,8,1
60,0,55,White,Divorced,T1,N1,IIA,Regional,Moderately differentiated,2,16,Positive,Positive,10,1
72,0,47,White,Married,T1,N2,IIIA,Regional,Moderately differentiated,2,20,Positive,Positive,15,7
4,1,63,White,Married,T2,N2,IIIA,Regional,Moderately differentiated,2,26,Positive,Positive,28,9
53,0,63,White,Married,T2,N1,IIB,Regional,Poorly differentiated,3,38,Positive,Positive,21,3
73,0,61,White,Married,T2,N1,IIB,Regional,Moderately differentiated,2,28,Positive,Positive,6,1
85,0,46,White,Married,T1,N1,IIA,Regional,Moderately differentiated,2,14,Positive,Negative,17,1
90,0,50,White,Married,T2,N1,IIB,Regional,Poorly differentiated,3,23,Positive,Positive,5,3
70,0,65,Other,Single ,T1,N1,IIA,Regional,Well differentiated,1,9,Positive,Positive,3,1
10,1,52,White,Married,T1,N2,IIIA,Regional,Poorly differentiated,3,20,Negative,Negative,17,8
94,0,56,White,Married,T1,N2,IIIA,Regional,Poorly differentiated,3,20,Positive,Negative,17,6
63,0,60,Black,Widowed,T1,N3,IIIC,Regional,Poorly differentiated,3,19,Positive,Positive,35,5
51,1,46,White,Married,T3,N3,IIIC,Distant,Moderately differentiated,2,60,Positive,Negative,14,11
68,0,62,White,Single ,T3,N1,IIIA,Regional,Moderately differentiated,2,70,Positive,Positive,21,3
65,0,61,White,Married,T2,N1,IIB,Regional,Moderately differentiated,2,40,Positive,Positive,11,3
92,0,52,White,Married,T3,N1,IIIA,Regional,Poorly differentiated,3,60,Positive,Negative,12,3
21,1,49,Other,Married,T1,N2,IIIA,Regional,Poorly differentiated,3,20,Positive,Positive,27,5
63,0,67,White,Divorced,T1,N1,IIA,Regional,Moderately differentiated,2,12,Positive,Negative,18,2
86,0,50,White,Married,T2,N1,IIB,Regional,Well differentiated,1,25,Positive,Positive,14,3
53,0,54,White,Divorced,T2,N2,IIIA,Regional,Moderately differentiated,2,35,Positive,Positive,19,7
29,1,69,White,Married,T2,N1,IIB,Regional,Moderately differentiated,2,40,Positive,Positive,12,3
97,0,42,White,Married,T1,N1,IIA,Regional,Moderately differentiated,2,15,Positive,Positive,11,1
20,1,61,Black,Divorced,T2,N3,IIIC,Regional,Poorly differentiated,3,40,Negative,Negative,16,16
94,0,47,Black,Divorced,T1,N1,IIA,Regional,Poorly differentiated,3,19,Positive,Positive,12,1
81,0,40,Other,Married,T3,N1,IIIA,Regional,Poorly differentiated,3,100,Positive,Negative,18,1
55,0,65,White,Single ,T2,N1,IIB,Regional,Moderately differentiated,2,31,Positive,Positive,17,2
96,0,52,White,Married,T2,N1,IIB,Regional,Well differentiated,1,48,Positive,Positive,18,1
68,0,48,White,Divorced,T2,N1,IIB,Regional,Moderately differentiated,2,37,Positive,Positive,24,3
94,0,64,White,Married,T1,N1,IIA,Regional,Poorly differentiated,3,20,Positive,Positive,15,1
54,0,50,White,Married,T2,N2,IIIA,Regional,Moderately differentiated,2,28,Positive,Positive,8,5
75,0,69,Other,Married,T2,N1,IIB,Regional,Poorly differentiated,3,26,Positive,Positive,18,1
76,0,46,White,Married,T1,N1,IIA,Regional,Moderately differentiated,2,16,Positive,Positive,1,1
52,0,61,Other,Married,T2,N1,IIB,Regional,Moderately differentiated,2,21,Positive,Positive,8,3
55,0,66,White,Single ,T2,N3,IIIC,Regional,Poorly differentiated,3,25,Positive,Positive,25,12
94,0,65,White,Married,T1,N1,IIA,Regional,Moderately differentiated,2,19,Positive,Positive,19,1
49,0,41,White,Married,T2,N2,IIIA,Regional,Moderately differentiated,2,31,Positive,Positive,26,4
85,0,50,White,Married,T2,N1,IIB,Regional,Moderately differentiated,2,22,Positive,Positive,8,1
62,0,68,White,Married,T1,N1,IIA,Regional,Moderately differentiated,2,9,Positive,Positive,18,1
50,0,49,Black,Single ,T1,N1,IIA,Regional,Moderately differentiated,2,19,Positive,Positive,22,1
97,0,43,White,Single ,T2,N2,IIIA,Regional,Moderately differentiated,2,50,Positive,Positive,13,6
51,0,50,White,Married,T2,N1,IIB,Regional,Moderately differentiated,2,35,Positive,Positive,15,1
50,0,58,White,Widowed,T3,N1,IIIA,Regional,Moderately differentiated,2,65,Positive,Positive,9,2
40,0,60,White,Divorced,T2,N2,IIIA,Regional,Poorly differentiated,3,22,Negative,Negative,29,4
99,0,43,White,Married,T2,N1,IIB,Regional,Poorly differentiated,3,40,Positive,Positive,4,2
59,0,43,Other,Married,T1,N1,IIA,Regional,Poorly differentiated,3,20,Positive,Positive,17,2
95,0,53,White,Single ,T2,N1,IIB,Regional,Moderately differentiated,2,25,Positive,Positive,9,1
41,0,42,White,Single ,T2,N1,IIB,Regional,Poorly differentiated,3,50,Positive,Positive,47,2
83,0,55,White,Married,T3,N1,IIIA,Regional,Moderately differentiated,2,55,Positive,Negative,25,1
80,0,43,White,Single ,T2,N1,IIB,Regional,Poorly differentiated,3,30,Positive,Positive,15,1
25,1,40,White,Separated,T3,N2,IIIA,Regional,Poorly differentiated,3,90,Positive,Positive,11,6
82,0,69,White,Married,T1,N1,IIA,Regional,Well differentiated,1,12,Positive,Negative,13,2
56,1,49,White,Married,T2,N2,IIIA,Regional,Moderately differentiated,2,35,Positive,Negative,19,7
30,1,59,White,Married,T2,N1,IIB,Regional,Poorly differentiated,3,47,Positive,Positive,22,8
79,0,60,White,Married,T2,N1,IIB,Regional,Moderately differentiated,2,30,Positive,Positive,23,1
88,0,63,White,Divorced,T1,N1,IIA,Regional,Moderately differentiated,2,17,Positive,Positive,14,3
45,1,50,White,Married,T1,N1,IIA,Regional,Poorly differentiated,3,20,Positive,Negative,16,1
92,0,59,White,Married,T1,N1,IIA,Regional,Moderately differentiated,2,14,Positive,Positive,27,2
86,0,56,White,Married,T1,N1,IIA,Regional,Moderately differentiated,2,20,Positive,Positive,29,3
73,0,66,White,Divorced,T2,N1,IIB,Regional,Moderately differentiated,2,37,Positive,Positive,7,1
52,1,61,White,Married,T2,N1,IIB,Regional,Poorly differentiated,3,21,Positive,Positive,8,1
55,0,54,White,Married,T2,N1,IIB,Regional,Moderately differentiated,2,24,Positive,Positive,1,1
69,0,51,White,Married,T1,N1,IIA,Regional,Moderately differentiated,2,20,Positive,Negative,1,1
88,0,63,White,Married,T1,N1,IIA,Regional,Moderately differentiated,2,18,Positive,Positive,25,1
107,0,40,White,Divorced,T1,N2,IIIA,Regional,Poorly differentiated,3,15,Positive,Positive,40,8
88,0,48,Black,Single ,T2,N1,IIB,Regional,Moderately differentiated,2,25,Positive,Positive,19,1
97,0,49,White,Married,T2,N1,IIB,Regional,Poorly differentiated,3,35,Positive,Negative,28,2
98,0,61,White,Widowed,T1,N1,IIA,Regional,Moderately differentiated,2,15,Positive,Positive,23,1
85,0,60,White,Married,T2,N1,IIB,Regional,Moderately differentiated,2,45,Positive,Positive,10,2
58,0,49,White,Married,T2,N1,IIB,Regional,Well differentiated,1,24,Positive,Positive,12,1
100,0,52,White,Married,T1,N2,IIIA,Regional,Moderately differentiated,2,15,Positive,Positive,17,4
84,0,59,White,Single ,T1,N3,IIIC,Regional,Poorly differentiated,3,16,Negative,Negative,23,12
70,0,57,White,Married,T2,N1,IIB,Regional,Poorly differentiated,3,24,Positive,Positive,14,1
55,0,65,White,Married,T1,N1,IIA,Regional,Moderately differentiated,2,11,Positive,Positive,41,1
86,0,58,White,Divorced,T1,N1,IIA,Regional,Well differentiated,1,7,Positive,Positive,13,1
95,0,55,White,Married,T3,N2,IIIA,Regional,Well differentiated,1,60,Positive,Positive,13,5
106,0,63,Black,Married,T2,N2,IIIA,Regional,Well differentiated,1,27,Positive,Positive,16,7
95,0,59,White,Married,T2,N3,IIIC,Regional,Moderately differentiated,2,40,Positive,Positive,16,11
70,0,57,White,Married,T1,N1,IIA,Regional,Moderately differentiated,2,16,Positive,Negative,19,2
72,0,61,White,Married,T1,N1,IIA,Regional,Well differentiated,1,9,Positive,Positive,5,1
81,0,56,White,Married,T2,N2,IIIA,Regional,Poorly differentiated,3,32,Negative,Negative,24,5
92,0,68,White,Married,T2,N2,IIIA,Regional,Moderately differentiated,2,35,Positive,Positive,13,6
84,0,62,White,Married,T1,N1,IIA,Regional,Moderately differentiated,2,17,Positive,Positive,4,1
68,0,63,White,Single ,T1,N1,IIA,Regional,Poorly differentiated,3,10,Positive,Positive,2,1
64,1,61,White,Single ,T2,N2,IIIA,Regional,Moderately differentiated,2,22,Positive,Positive,9,5
101,0,65,Other,Married,T2,N1,IIB,Regional,Moderately differentiated,2,35,Positive,Positive,10,2
69,0,63,White,Divorced,T1,N1,IIA,Regional,Moderately differentiated,2,18,Positive,Positive,8,2
67,0,64,White,Divorced,T2,N3,IIIC,Distant,Moderately differentiated,2,35,Positive,Positive,24,17
89,0,68,White,Widowed,T1,N1,IIA,Regional,Moderately differentiated,2,15,Positive,Positive,7,2
104,0,53,White,Married,T2,N1,IIB,Regional,Poorly differentiated,3,27,Positive,Positive,14,2
77,0,67,White,Married,T1,N1,IIA,Regional,Moderately differentiated,2,14,Positive,Positive,6,2
93,0,40,White,Married,T1,N1,IIA,Regional,Moderately differentiated,2,15,Positive,Positive,6,1
99,0,49,White,Divorced,T2,N3,IIIC,Regional,Poorly differentiated,3,27,Positive,Positive,24,12
78,0,49,White,Married,T2,N1,IIB,Regional,Poorly differentiated,3,32,Negative,Positive,5,1
27,1,53,White,Separated,T2,N2,IIIA,Regional,Poorly differentiated,3,25,Negative,Negative,10,4
52,0,66,White,Married,T1,N1,IIA,Regional,Moderately differentiated,2,16,Positive,Positive,14,2
35,1,52,White,Married,T2,N2,IIIA,Regional,Moderately differentiated,2,26,Positive,Positive,20,7
82,0,43,White,Married,T1,N1,IIA,Regional,Moderately differentiated,2,20,Positive,Negative,13,1
48,0,60,White,Married,T3,N1,IIIA,Regional,Moderately differentiated,2,70,Positive,Positive,26,8
44,0,40,White,Married,T2,N1,IIB,Regional,Moderately differentiated,2,24,Positive,Positive,21,2
98,0,46,White,Single ,T2,N1,IIB,Regional,Moderately differentiated,2,21,Positive,Positive,13,1
95,0,62,White,Divorced,T2,N1,IIB,Regional,Moderately differentiated,2,30,Positive,Positive,14,3
52,0,50,White,Married,T2,N1,IIB,Regional,Moderately differentiated,2,22,Positive,Positive,11,1
91,0,66,White,Widowed,T1,N1,IIA,Regional,Well differentiated,1,11,Positive,Positive,9,2
103,0,67,White,Married,T1,N1,IIA,Regional,Poorly differentiated,3,18,Positive,Positive,11,1
43,1,52,Black,Married,T4,N2,IIIB,Distant,Moderately differentiated,2,90,Negative,Negative,15,7
61,0,55,White,Single ,T1,N1,IIA,Regional,Well differentiated,1,16,Positive,Positive,12,3
100,0,68,White,Married,T2,N2,IIIA,Regional,Poorly differentiated,3,45,Positive,Positive,5,4
86,0,63,White,Married,T2,N2,IIIA,Regional,Poorly differentiated,3,24,Positive,Negative,18,8
101,0,59,White,Married,T2,N2,IIIA,Regional,Moderately differentiated,2,30,Positive,Positive,30,6
95,1,44,White,Divorced,T2,N1,IIB,Regional,Poorly differentiated,3,32,Positive,Positive,4,3
85,0,63,Black,Widowed,T2,N2,IIIA,Regional,Poorly differentiated,3,42,Positive,Positive,17,6
83,0,65,White,Married,T2,N2,IIIA,Regional,Moderately differentiated,2,24,Positive,Positive,10,4
77,0,55,White,Divorced,T2,N1,IIB,Regional,Moderately differentiated,2,24,Positive,Positive,13,1
93,0,61,White,Divorced,T3,N1,IIIA,Regional,Moderately differentiated,2,90,Positive,Positive,1,1
102,0,59,Black,Married,T2,N2,IIIA,Regional,Poorly differentiated,3,40,Positive,Positive,19,6
93,1,66,Other,Widowed,T2,N1,IIB,Regional,Moderately differentiated,2,22,Positive,Positive,24,3
62,0,60,Black,Married,T2,N1,IIB,Regional,Poorly differentiated,3,27,Positive,Positive,4,1
95,0,63,White,Married,T1,N1,IIA,Regional,Moderately differentiated,2,16,Positive,Positive,26,1
84,0,49,White,Married,T3,N3,IIIC,Regional,Poorly differentiated,3,72,Positive,Negative,17,11
68,0,52,White,Married,T1,N1,IIA,Regional,Moderately differentiated,2,15,Positive,Negative,8,1
10,1,33,White,Married,T2,N3,IIIC,Regional,Poorly differentiated,3,40,Negative,Negative,19,17
54,0,69,White,Married,T2,N1,IIB,Regional,Poorly differentiated,3,28,Positive,Positive,20,1
55,0,51,White,Married,T1,N1,IIA,Regional,Well differentiated,1,8,Positive,Positive,16,2
48,0,48,White,Married,T1,N1,IIA,Regional,Moderately differentiated,2,12,Positive,Positive,13,1
51,0,47,White,Married,T1,N1,IIA,Regional,Poorly differentiated,3,15,Positive,Positive,16,1
98,0,43,Other,Single ,T3,N1,IIIA,Regional,Moderately differentiated,2,55,Positive,Positive,25,2
101,0,54,White,Divorced,T1,N1,IIA,Regional,Undifferentiated, anaplastic; Grade IV,16,Positive,Negative,19,2
68,0,46,White,Married,T1,N1,IIA,Regional,Poorly differentiated,3,14,Positive,Positive,16,3
78,0,68,White,Married,T2,N1,IIB,Regional,Moderately differentiated,2,21,Positive,Positive,3,1
68,0,62,Black,Married,T1,N1,IIA,Regional,Moderately differentiated,2,18,Positive,Negative,12,1
75,0,69,White,Married,T1,N2,IIIA,Regional,Moderately differentiated,2,18,Positive,Positive,15,8
63,0,59,White,Married,T3,N1,IIIA,Regional,Moderately differentiated,2,63,Positive,Positive,14,2
94,0,48,White,Married,T2,N2,IIIA,Regional,Moderately differentiated,2,48,Positive,Positive,37,6
67,0,61,White,Married,T1,N1,IIA,Regional,Well differentiated,1,20,Positive,Positive,2,1
56,0,46,White,Married,T3,N2,IIIA,Regional,Well differentiated,1,101,Positive,Positive,9,9
24,1,51,White,Divorced,T2,N3,IIIC,Regional,Poorly differentiated,3,28,Positive,Negative,18,18
63,0,58,White,Married,T2,N1,IIB,Regional,Moderately differentiated,2,40,Positive,Positive,11,2
61,0,49,Black,Single ,T1,N1,IIA,Regional,Poorly differentiated,3,15,Positive,Positive,1,1
54,0,43,White,Married,T1,N1,IIA,Regional,Moderately differentiated,2,11,Positive,Positive,27,1
42,0,54,White,Separated,T2,N3,IIIC,Regional,Moderately differentiated,2,21,Positive,Positive,15,13
84,0,46,White,Single ,T1,N1,IIA,Regional,Poorly differentiated,3,7,Positive,Positive,1,1
78,0,47,White,Divorced,T2,N1,IIB,Regional,Poorly differentiated,3,35,Positive,Positive,16,2
107,0,58,White,Single ,T2,N1,IIB,Regional,Moderately differentiated,2,22,Positive,Positive,1,1
75,0,60,Other,Widowed,T1,N1,IIA,Regional,Well differentiated,1,18,Positive,Positive,26,2
86,0,38,White,Married,T2,N3,IIIC,Regional,Poorly differentiated,3,34,Negative,Negative,22,14
91,0,47,White,Married,T3,N1,IIIA,Regional,Poorly differentiated,3,100,Positive,Positive,16,1
49,0,58,White,Married,T2,N2,IIIA,Regional,Moderately differentiated,2,30,Positive,Positive,10,4
91,0,45,Other,Married,T1,N1,IIA,Regional,Moderately differentiated,2,18,Positive,Positive,18,2
45,1,46,White,Separated,T2,N2,IIIA,Regional,Moderately differentiated,2,29,Positive,Positive,12,4
70,0,42,White,Married,T2,N2,IIIA,Regional,Poorly differentiated,3,45,Positive,Negative,11,7
51,1,67,White,Married,T1,N1,IIA,Regional,Moderately differentiated,2,18,Positive,Positive,4,1
50,0,64,White,Divorced,T3,N1,IIIA,Regional,Poorly differentiated,3,60,Positive,Negative,21,2
98,0,67,White,Widowed,T1,N1,IIA,Regional,Moderately differentiated,2,6,Positive,Positive,7,2
38,1,50,White,Married,T2,N1,IIB,Regional,Moderately differentiated,2,30,Positive,Positive,9,3
106,0,48,Other,Married,T1,N1,IIA,Regional,Moderately differentiated,2,20,Positive,Positive,6,1
95,0,57,White,Married,T2,N1,IIB,Regional,Moderately differentiated,2,50,Positive,Negative,21,3
85,0,56,White,Married,T1,N1,IIA,Regional,Moderately differentiated,2,17,Positive,Positive,12,1
93,0,62,White,Widowed,T2,N1,IIB,Regional,Well differentiated,1,30,Positive,Positive,21,1
22,1,55,White,Married,T2,N3,IIIC,Regional,Poorly differentiated,3,25,Negative,Negative,17,12
22,1,58,Other,Widowed,T2,N3,IIIC,Regional,Poorly differentiated,3,48,Negative,Negative,22,21
66,0,57,White,Single ,T3,N1,IIIA,Regional,Poorly differentiated,3,70,Positive,Positive,5,3
106,0,65,White,Married,T3,N2,IIIA,Regional,Moderately differentiated,2,55,Positive,Positive,14,8
93,0,45,White,Married,T1,N1,IIA,Regional,Undifferentiated, anaplastic; Grade IV,13,Positive,Positive,5,1
74,1,39,White,Married,T2,N1,IIB,Regional,Poorly differentiated,3,45,Negative,Negative,2,1
100,0,56,White,Divorced,T1,N1,IIA,Regional,Moderately differentiated,2,9,Positive,Negative,17,3
58,0,51,White,Married,T2,N1,IIB,Regional,Poorly differentiated,3,25,Positive,Positive,18,1
84,0,66,Other,Widowed,T2,N1,IIB,Regional,Moderately differentiated,2,47,Positive,Positive,2,1
36,1,58,White,Married,T4,N2,IIIB,Regional,Moderately differentiated,2,80,Positive,Positive,11,7
107,0,57,White,Single ,T2,N1,IIB,Regional,Moderately differentiated,2,25,Positive,Positive,18,2
87,0,60,White,Married,T1,N1,IIA,Regional,Well differentiated,1,9,Positive,Positive,11,1
79,0,48,White,Married,T1,N1,IIA,Regional,Well differentiated,1,7,Positive,Positive,11,2
56,1,63,White,Married,T3,N2,IIIA,Regional,Moderately differentiated,2,80,Positive,Positive,6,4
82,0,42,White,Divorced,T1,N1,IIA,Regional,Well differentiated,1,9,Positive,Positive,10,2
105,0,40,White,Married,T3,N2,IIIA,Regional,Moderately differentiated,2,53,Positive,Positive,13,5
82,0,67,White,Married,T2,N1,IIB,Regional,Moderately differentiated,2,30,Positive,Positive,17,1
68,0,66,White,Married,T1,N1,IIA,Regional,Moderately differentiated,2,12,Positive,Positive,15,3
69,0,42,White,Single ,T1,N1,IIA,Regional,Well differentiated,1,10,Positive,Positive,4,1
63,0,49,White,Married,T1,N1,IIA,Regional,Poorly differentiated,3,20,Positive,Positive,15,1
65,0,53,White,Married,T2,N1,IIB,Regional,Well differentiated,1,40,Positive,Positive,26,2
62,0,51,White,Married,T2,N3,IIIC,Regional,Moderately differentiated,2,42,Positive,Positive,33,33
85,0,48,White,Married,T1,N1,IIA,Regional,Moderately differentiated,2,17,Positive,Positive,19,1
73,0,67,White,Married,T2,N3,IIIC,Regional,Moderately differentiated,2,21,Positive,Positive,29,21
56,0,50,White,Married,T1,N2,IIIA,Regional,Moderately differentiated,2,18,Positive,Positive,18,8
59,0,48,White,Married,T2,N1,IIB,Regional,Moderately differentiated,2,35,Positive,Negative,10,3
72,0,37,White,Separated,T1,N1,IIA,Regional,Moderately differentiated,2,18,Positive,Positive,5,1
80,0,55,White,Married,T1,N1,IIA,Regional,Well differentiated,1,17,Positive,Positive,11,2
72,0,49,White,Married,T2,N2,IIIA,Regional,Moderately differentiated,2,30,Positive,Positive,9,4
53,0,63,White,Married,T2,N2,IIIA,Regional,Moderately differentiated,2,39,Positive,Positive,22,5
99,0,55,White,Married,T1,N2,IIIA,Regional,Moderately differentiated,2,18,Positive,Negative,15,6
56,0,64,White,Married,T2,N1,IIB,Regional,Moderately differentiated,2,45,Positive,Positive,14,1
57,0,51,White,Married,T1,N1,IIA,Regional,Moderately differentiated,2,11,Positive,Positive,13,2
27,1,47,White,Married,T1,N1,IIA,Regional,Poorly differentiated,3,20,Positive,Negative,2,2
99,0,64,White,Married,T2,N2,IIIA,Regional,Well differentiated,1,50,Positive,Positive,8,5
95,0,42,Black,Single ,T3,N2,IIIA,Regional,Moderately differentiated,2,55,Positive,Positive,9,4
69,0,50,White,Married,T1,N1,IIA,Regional,Well differentiated,1,10,Positive,Positive,15,2
104,0,41,White,Divorced,T1,N2,IIIA,Regional,Moderately differentiated,2,13,Positive,Positive,16,6
100,0,43,White,Married,T2,N1,IIB,Regional,Moderately differentiated,2,28,Positive,Positive,2,1
49,0,56,White,Married,T1,N1,IIA,Regional,Moderately differentiated,2,16,Positive,Positive,12,2
96,0,59,Other,Married,T2,N3,IIIC,Regional,Moderately differentiated,2,27,Positive,Positive,15,15
103,0,68,White,Married,T1,N1,IIA,Regional,Moderately differentiated,2,15,Positive,Positive,5,1
23,1,54,White,Married,T2,N2,IIIA,Regional,Poorly differentiated,3,31,Negative,Negative,16,9
71,0,53,White,Married,T4,N2,IIIB,Distant,Poorly differentiated,3,94,Positive,Positive,8,5
58,0,63,White,Married,T2,N1,IIB,Regional,Poorly differentiated,3,29,Positive,Positive,47,1
65,0,58,White,Married,T3,N2,IIIA,Regional,Moderately differentiated,2,70,Positive,Positive,10,7
33,0,50,White,Married,T1,N2,IIIA,Regional,Moderately differentiated,2,14,Positive,Positive,13,5
88,0,49,White,Married,T2,N1,IIB,Regional,Moderately differentiated,2,36,Positive,Positive,15,1
62,0,57,White,Divorced,T2,N1,IIB,Regional,Poorly differentiated,3,25,Positive,Positive,9,2
59,0,56,White,Divorced,T2,N1,IIB,Regional,Moderately differentiated,2,27,Positive,Negative,5,1
81,0,60,White,Married,T2,N2,IIIA,Regional,Moderately differentiated,2,30,Positive,Positive,8,5
97,0,63,White,Married,T2,N1,IIB,Regional,Moderately differentiated,2,40,Positive,Positive,15,1
103,0,47,Other,Married,T2,N2,IIIA,Regional,Moderately differentiated,2,40,Positive,Positive,13,4
88,0,50,White,Married,T1,N1,IIA,Regional,Well differentiated,1,11,Positive,Positive,13,2
88,0,54,White,Married,T2,N1,IIB,Regional,Moderately differentiated,2,36,Negative,Negative,27,1
96,0,53,White,Single ,T2,N1,IIB,Regional,Moderately differentiated,2,50,Positive,Positive,13,3
52,0,49,Other,Married,T1,N1,IIA,Regional,Poorly differentiated,3,10,Positive,Positive,20,1
100,0,46,White,Married,T3,N2,IIIA,Regional,Moderately differentiated,2,68,Positive,Positive,13,7
56,0,56,White,Single ,T2,N1,IIB,Regional,Moderately differentiated,2,35,Positive,Positive,20,2
41,1,68,White,Divorced,T2,N2,IIIA,Regional,Poorly differentiated,3,32,Positive,Positive,21,4
88,0,43,White,Married,T1,N1,IIA,Regional,Moderately differentiated,2,14,Positive,Positive,4,1
77,0,46,White,Married,T1,N1,IIA,Regional,Moderately differentiated,2,13,Positive,Positive,25,3
88,0,62,White,Married,T3,N1,IIIA,Regional,Poorly differentiated,3,70,Positive,Positive,8,4
89,0,66,White,Married,T2,N1,IIB,Regional,Moderately differentiated,2,23,Positive,Positive,6,1
102,0,68,White,Married,T1,N1,IIA,Regional,Well differentiated,1,19,Positive,Negative,2,1
63,0,54,White,Married,T3,N2,IIIA,Regional,Moderately differentiated,2,80,Positive,Positive,20,6
78,0,30,Other,Married,T2,N1,IIB,Regional,Moderately differentiated,2,25,Positive,Positive,15,3
83,0,62,White,Married,T1,N1,IIA,Regional,Moderately differentiated,2,15,Positive,Positive,11,2
55,0,48,Other,Married,T1,N2,IIIA,Regional,Poorly differentiated,3,15,Positive,Negative,15,6
100,0,65,White,Married,T2,N1,IIB,Regional,Moderately differentiated,2,50,Positive,Positive,21,3
45,0,51,White,Married,T4,N1,IIIB,Regional,Poorly differentiated,3,24,Positive,Positive,1,1
41,1,65,White,Married,T2,N1,IIB,Regional,Poorly differentiated,3,27,Positive,Positive,20,3
96,0,67,White,Single ,T2,N2,IIIA,Regional,Moderately differentiated,2,43,Positive,Negative,16,4
86,0,42,White,Married,T1,N1,IIA,Regional,Poorly differentiated,3,15,Positive,Positive,21,3
68,0,68,White,Married,T3,N1,IIIA,Regional,Moderately differentiated,2,70,Positive,Positive,2,2
73,0,32,Other,Married,T1,N2,IIIA,Regional,Moderately differentiated,2,20,Positive,Positive,16,6
50,0,53,White,Widowed,T2,N2,IIIA,Regional,Poorly differentiated,3,28,Positive,Positive,5,4
89,0,49,White,Married,T1,N1,IIA,Regional,Poorly differentiated,3,17,Positive,Positive,10,3
71,0,50,Other,Married,T2,N1,IIB,Regional,Moderately differentiated,2,38,Positive,Positive,20,2
92,1,55,White,Married,T2,N2,IIIA,Regional,Moderately differentiated,2,35,Positive,Positive,12,5
101,0,47,White,Married,T1,N3,IIIC,Regional,Poorly differentiated,3,7,Positive,Positive,19,14
89,0,67,Black,Single ,T2,N1,IIB,Regional,Moderately differentiated,2,34,Positive,Positive,15,1
92,0,42,White,Married,T2,N3,IIIC,Regional,Moderately differentiated,2,40,Positive,Positive,35,20
93,0,60,White,Separated,T2,N1,IIB,Regional,Moderately differentiated,2,30,Positive,Positive,23,23
88,0,62,White,Single ,T2,N1,IIB,Regional,Moderately differentiated,2,40,Positive,Negative,3,1
88,0,59,White,Married,T2,N1,IIB,Regional,Moderately differentiated,2,25,Positive,Positive,9,1
72,0,67,White,Married,T2,N3,IIIC,Regional,Well differentiated,1,50,Positive,Positive,21,19
85,0,44,White,Single ,T2,N1,IIB,Regional,Poorly differentiated,3,33,Positive,Negative,19,2
90,0,49,White,Married,T3,N3,IIIC,Regional,Poorly differentiated,3,52,Positive,Positive,21,10
19,1,67,White,Widowed,T2,N3,IIIC,Regional,Moderately differentiated,2,50,Positive,Negative,17,12
88,0,67,White,Married,T2,N2,IIIA,Regional,Moderately differentiated,2,42,Positive,Positive,5,5
75,0,64,White,Married,T2,N3,IIIC,Distant,Moderately differentiated,2,38,Positive,Positive,24,11
80,0,43,White,Single ,T4,N2,IIIB,Regional,Moderately differentiated,2,45,Negative,Negative,14,4
51,0,69,White,Divorced,T1,N1,IIA,Regional,Moderately differentiated,2,19,Positive,Positive,27,2
50,0,55,White,Married,T1,N1,IIA,Regional,Moderately differentiated,2,17,Positive,Positive,14,1
101,0,46,White,Single ,T2,N1,IIB,Regional,Moderately differentiated,2,40,Positive,Positive,13,1
99,0,47,White,Married,T2,N1,IIB,Regional,Moderately differentiated,2,21,Positive,Positive,19,1
89,0,60,White,Married,T1,N1,IIA,Regional,Moderately differentiated,2,13,Positive,Positive,8,3
70,0,47,Black,Married,T1,N1,IIA,Regional,Poorly differentiated,3,15,Positive,Positive,3,3
62,0,58,White,Widowed,T1,N1,IIA,Regional,Moderately differentiated,2,10,Positive,Positive,26,1
76,0,66,White,Married,T1,N1,IIA,Regional,Well differentiated,1,12,Positive,Positive,2,1
98,0,61,White,Married,T2,N1,IIB,Regional,Moderately differentiated,2,22,Positive,Positive,2,1
56,0,33,Other,Married,T2,N3,IIIC,Regional,Moderately differentiated,2,25,Positive,Positive,18,14
105,0,55,White,Single ,T1,N1,IIA,Regional,Well differentiated,1,3,Positive,Negative,3,1
103,0,41,White,Married,T2,N1,IIB,Regional,Well differentiated,1,23,Positive,Positive,18,2
12,1,50,Black,Single ,T2,N1,IIB,Regional,Moderately differentiated,2,35,Positive,Positive,21,2
75,0,63,Other,Married,T1,N1,IIA,Regional,Moderately differentiated,2,10,Positive,Positive,18,3
62,1,47,White,Married,T2,N2,IIIA,Regional,Moderately differentiated,2,32,Positive,Negative,7,4
60,0,57,White,Married,T1,N1,IIA,Regional,Poorly differentiated,3,18,Positive,Positive,18,3
96,0,42,White,Widowed,T1,N1,IIA,Regional,Moderately differentiated,2,17,Positive,Positive,20,2
99,0,33,White,Single ,T1,N2,IIIA,Regional,Moderately differentiated,2,16,Positive,Positive,16,8
79,0,57,White,Married,T1,N1,IIA,Regional,Poorly differentiated,3,12,Negative,Negative,22,1
83,0,56,Other,Married,T2,N1,IIB,Regional,Moderately differentiated,2,39,Positive,Positive,11,2
54,0,47,White,Divorced,T1,N1,IIA,Regional,Moderately differentiated,2,18,Positive,Positive,21,1
56,0,63,White,Widowed,T2,N1,IIB,Regional,Well differentiated,1,23,Positive,Positive,10,1
83,0,53,White,Single ,T2,N1,IIB,Regional,Well differentiated,1,25,Positive,Positive,13,2
90,0,42,Black,Single ,T2,N1,IIB,Regional,Poorly differentiated,3,36,Positive,Negative,9,1
107,0,50,White,Married,T2,N1,IIB,Regional,Moderately differentiated,2,26,Positive,Positive,10,3
100,0,44,White,Married,T1,N1,IIA,Regional,Poorly differentiated,3,17,Positive,Positive,4,1
62,0,58,Other,Divorced,T1,N1,IIA,Regional,Moderately differentiated,2,14,Positive,Positive,17,2
51,0,65,White,Married,T1,N1,IIA,Regional,Poorly differentiated,3,7,Positive,Positive,12,1
95,0,44,White,Married,T1,N3,IIIC,Regional,Moderately differentiated,2,10,Positive,Positive,16,12
29,1,59,White,Married,T1,N3,IIIC,Distant,Poorly differentiated,3,13,Negative,Negative,15,14
72,0,57,White,Divorced,T1,N1,IIA,Regional,Moderately differentiated,2,15,Positive,Positive,9,2
57,0,57,White,Married,T2,N2,IIIA,Regional,Moderately differentiated,2,22,Positive,Positive,16,5
93,0,53,Other,Single ,T1,N1,IIA,Regional,Moderately differentiated,2,2,Positive,Positive,19,1
75,0,44,Other,Married,T2,N1,IIB,Regional,Moderately differentiated,2,22,Positive,Positive,14,1
56,0,46,White,Married,T3,N1,IIIA,Regional,Moderately differentiated,2,70,Positive,Positive,11,2
73,0,59,White,Married,T2,N1,IIB,Regional,Moderately differentiated,2,50,Positive,Positive,17,2
70,0,62,White,Single ,T1,N1,IIA,Regional,Moderately differentiated,2,20,Positive,Positive,7,1
69,0,48,White,Married,T3,N3,IIIC,Regional,Moderately differentiated,2,84,Positive,Positive,23,7
58,0,44,White,Divorced,T1,N3,IIIC,Regional,Poorly differentiated,3,20,Positive,Positive,13,10
100,0,62,White,Married,T2,N1,IIB,Regional,Moderately differentiated,2,23,Positive,Negative,13,2
61,0,65,White,Divorced,T2,N1,IIB,Regional,Moderately differentiated,2,41,Positive,Positive,16,2
64,0,58,White,Married,T2,N1,IIB,Regional,Poorly differentiated,3,25,Positive,Positive,3,1
105,0,47,White,Married,T1,N1,IIA,Regional,Well differentiated,1,10,Positive,Positive,5,1
67,0,42,White,Married,T1,N1,IIA,Regional,Well differentiated,1,13,Positive,Positive,9,1
89,0,49,White,Married,T2,N1,IIB,Regional,Moderately differentiated,2,30,Positive,Positive,10,2
93,0,57,White,Married,T2,N1,IIB,Regional,Moderately differentiated,2,30,Positive,Positive,16,1
100,0,44,White,Married,T2,N1,IIB,Regional,Moderately differentiated,2,35,Positive,Positive,27,1
78,0,66,White,Married,T2,N1,IIB,Regional,Moderately differentiated,2,25,Positive,Negative,15,1
93,0,53,White,Married,T1,N1,IIA,Regional,Poorly differentiated,3,19,Positive,Negative,13,1
67,0,45,Black,Single ,T2,N1,IIB,Regional,Poorly differentiated,3,35,Positive,Positive,31,1
57,1,47,White,Married,T2,N3,IIIC,Regional,Moderately differentiated,2,35,Positive,Positive,13,11
72,0,49,White,Married,T2,N1,IIB,Regional,Moderately differentiated,2,30,Positive,Positive,10,2
67,0,47,White,Divorced,T2,N1,IIB,Regional,Poorly differentiated,3,21,Positive,Negative,15,2
53,1,49,White,Married,T1,N2,IIIA,Regional,Moderately differentiated,2,18,Positive,Positive,6,5
103,0,57,White,Married,T1,N1,IIA,Regional,Moderately differentiated,2,15,Positive,Positive,23,1
64,0,59,White,Married,T3,N3,IIIC,Regional,Moderately differentiated,2,74,Positive,Positive,17,16
38,0,61,Other,Married,T2,N3,IIIC,Regional,Moderately differentiated,2,50,Positive,Positive,23,12
31,1,58,White,Single ,T4,N2,IIIB,Distant,Poorly differentiated,3,76,Negative,Negative,4,1
100,0,48,Other,Married,T1,N1,IIA,Regional,Well differentiated,1,17,Positive,Positive,20,1
55,0,48,White,Married,T1,N1,IIA,Regional,Moderately differentiated,2,20,Positive,Positive,4,1
86,0,50,Black,Married,T2,N1,IIB,Regional,Well differentiated,1,50,Positive,Positive,12,7
63,0,48,White,Single ,T2,N2,IIIA,Regional,Moderately differentiated,2,30,Positive,Positive,14,5
41,1,67,White,Married,T3,N2,IIIA,Regional,Moderately differentiated,2,120,Positive,Positive,9,6
65,0,51,White,Married,T1,N1,IIA,Regional,Moderately differentiated,2,15,Positive,Positive,8,1
41,1,50,White,Single ,T2,N3,IIIC,Regional,Poorly differentiated,3,24,Positive,Positive,30,24
65,0,69,White,Married,T1,N1,IIA,Regional,Moderately differentiated,2,15,Positive,Positive,5,1
62,0,63,White,Married,T1,N3,IIIC,Regional,Moderately differentiated,2,5,Positive,Positive,15,11
58,0,52,White,Single ,T2,N2,IIIA,Regional,Moderately differentiated,2,25,Positive,Positive,13,4
50,1,57,White,Married,T1,N1,IIA,Regional,Moderately differentiated,2,13,Positive,Positive,2,1
67,0,46,White,Married,T1,N1,IIA,Regional,Moderately differentiated,2,10,Positive,Positive,7,1
104,0,63,White,Married,T2,N1,IIB,Regional,Moderately differentiated,2,21,Positive,Positive,16,1
55,0,68,White,Widowed,T1,N1,IIA,Regional,Moderately differentiated,2,17,Positive,Positive,7,1
102,0,62,White,Widowed,T2,N1,IIB,Regional,Moderately differentiated,2,34,Positive,Negative,14,2
69,0,38,White,Married,T2,N2,IIIA,Regional,Moderately differentiated,2,22,Positive,Positive,13,7
14,1,58,White,Married,T1,N1,IIA,Regional,Moderately differentiated,2,15,Positive,Positive,29,1
61,1,48,Black,Married,T2,N1,IIB,Regional,Moderately differentiated,2,24,Positive,Positive,13,3
52,0,49,Black,Single ,T2,N1,IIB,Regional,Moderately differentiated,2,28,Positive,Positive,1,1
83,0,41,White,Married,T2,N1,IIB,Regional,Moderately differentiated,2,23,Positive,Negative,21,3
69,0,62,White,Married,T2,N1,IIB,Regional,Poorly differentiated,3,42,Positive,Negative,8,2
80,0,46,White,Married,T2,N1,IIB,Regional,Moderately differentiated,2,30,Positive,Positive,12,2
60,1,66,White,Divorced,T1,N1,IIA,Regional,Moderately differentiated,2,16,Positive,Positive,3,1
73,1,47,White,Married,T2,N2,IIIA,Regional,Moderately differentiated,2,30,Positive,Negative,8,5
63,0,51,White,Married,T2,N1,IIB,Regional,Moderately differentiated,2,50,Positive,Positive,9,3
63,0,53,White,Married,T2,N1,IIB,Regional,Moderately differentiated,2,22,Positive,Positive,6,3
49,0,65,White,Married,T1,N1,IIA,Regional,Moderately differentiated,2,15,Positive,Positive,7,2
69,0,53,White,Married,T1,N1,IIA,Regional,Well differentiated,1,15,Positive,Positive,2,1
74,0,57,White,Divorced,T2,N1,IIB,Regional,Moderately differentiated,2,25,Positive,Positive,12,2
52,0,53,White,Married,T1,N1,IIA,Regional,Poorly differentiated,3,13,Positive,Negative,17,2
75,0,49,White,Married,T2,N2,IIIA,Regional,Poorly differentiated,3,25,Positive,Positive,16,4
90,0,67,White,Married,T2,N1,IIB,Regional,Moderately differentiated,2,29,Positive,Positive,14,1
6,1,51,White,Married,T1,N1,IIA,Regional,Moderately differentiated,2,14,Positive,Positive,5,3
88,0,55,White,Divorced,T1,N1,IIA,Regional,Poorly differentiated,3,14,Negative,Negative,18,1
83,0,55,White,Married,T2,N2,IIIA,Regional,Moderately differentiated,2,24,Positive,Positive,11,6
58,0,59,Other,Married,T2,N1,IIB,Regional,Moderately differentiated,2,35,Positive,Positive,16,2
62,0,65,White,Married,T2,N2,IIIA,Regional,Moderately differentiated,2,23,Positive,Positive,24,9
100,0,42,Other,Divorced,T2,N1,IIB,Regional,Moderately differentiated,2,30,Positive,Positive,11,3
56,0,50,White,Married,T2,N1,IIB,Regional,Moderately differentiated,2,24,Positive,Positive,21,1
59,0,52,White,Married,T3,N1,IIIA,Regional,Well differentiated,1,52,Positive,Positive,7,1
71,0,59,White,Married,T1,N1,IIA,Regional,Moderately differentiated,2,15,Positive,Positive,16,2
97,0,55,White,Married,T2,N1,IIB,Regional,Well differentiated,1,27,Positive,Positive,16,1
57,1,46,White,Married,T2,N1,IIB,Regional,Poorly differentiated,3,30,Positive,Positive,14,3
81,0,51,White,Single ,T2,N2,IIIA,Regional,Poorly differentiated,3,30,Positive,Positive,37,4
98,0,47,White,Married,T4,N2,IIIB,Distant,Poorly differentiated,3,54,Positive,Positive,11,6
50,0,62,White,Married,T1,N1,IIA,Regional,Moderately differentiated,2,12,Positive,Negative,1,1
79,0,56,Other,Divorced,T2,N1,IIB,Regional,Moderately differentiated,2,30,Positive,Negative,17,4
46,1,63,White,Married,T2,N2,IIIA,Regional,Poorly differentiated,3,25,Positive,Positive,6,5
87,1,48,White,Married,T2,N1,IIB,Regional,Poorly differentiated,3,21,Positive,Positive,15,3
79,0,59,White,Married,T1,N1,IIA,Regional,Well differentiated,1,7,Positive,Negative,3,1
34,1,67,White,Married,T4,N1,IIIB,Regional,Moderately differentiated,2,18,Positive,Positive,1,1
48,0,35,Other,Married,T2,N3,IIIC,Distant,Moderately differentiated,2,40,Positive,Positive,15,12
48,0,55,White,Single ,T1,N1,IIA,Regional,Poorly differentiated,3,18,Positive,Positive,6,1
96,0,59,Other,Married,T2,N2,IIIA,Regional,Moderately differentiated,2,25,Positive,Positive,10,4
89,0,61,White,Married,T2,N2,IIIA,Regional,Well differentiated,1,31,Positive,Positive,18,5
81,0,48,White,Married,T2,N1,IIB,Regional,Poorly differentiated,3,23,Positive,Positive,5,2
76,0,66,White,Married,T1,N1,IIA,Regional,Moderately differentiated,2,15,Positive,Positive,12,2
70,0,49,Other,Married,T2,N2,IIIA,Regional,Poorly differentiated,3,25,Positive,Positive,23,5
82,0,58,White,Widowed,T2,N1,IIB,Regional,Moderately differentiated,2,27,Positive,Negative,6,3
105,0,58,White,Single ,T3,N2,IIIA,Regional,Poorly differentiated,3,52,Positive,Positive,51,9
101,0,55,Black,Single ,T2,N2,IIIA,Regional,Moderately differentiated,2,21,Positive,Positive,20,5
90,0,57,Black,Widowed,T2,N2,IIIA,Regional,Poorly differentiated,3,26,Negative,Negative,5,5
39,1,60,White,Widowed,T2,N1,IIB,Regional,Moderately differentiated,2,32,Positive,Positive,14,3
105,0,54,Black,Widowed,T1,N3,IIIC,Regional,Moderately differentiated,2,15,Positive,Positive,12,11
69,1,35,Other,Married,T2,N2,IIIA,Regional,Poorly differentiated,3,21,Positive,Positive,11,5
88,0,69,White,Widowed,T2,N3,IIIC,Distant,Poorly differentiated,3,26,Positive,Positive,16,11
51,0,55,White,Married,T1,N1,IIA,Regional,Moderately differentiated,2,14,Positive,Positive,8,1
20,1,63,White,Divorced,T2,N1,IIB,Regional,Moderately differentiated,2,22,Positive,Positive,21,2
63,1,52,White,Divorced,T2,N2,IIIA,Regional,Moderately differentiated,2,34,Positive,Positive,34,7
80,0,49,White,Married,T2,N2,IIIA,Regional,Poorly differentiated,3,30,Positive,Positive,10,7
81,0,68,Other,Married,T1,N1,IIA,Regional,Moderately differentiated,2,15,Positive,Negative,5,3
55,0,48,White,Married,T1,N1,IIA,Regional,Well differentiated,1,15,Positive,Positive,27,2
78,0,61,White,Married,T2,N1,IIB,Regional,Poorly differentiated,3,30,Positive,Positive,14,3
97,0,68,White,Married,T1,N1,IIA,Regional,Moderately differentiated,2,13,Positive,Positive,17,1
105,0,43,White,Married,T2,N1,IIB,Regional,Moderately differentiated,2,50,Positive,Positive,19,3
55,0,62,White,Single ,T2,N1,IIB,Regional,Moderately differentiated,2,28,Positive,Positive,3,1
56,0,57,White,Divorced,T2,N1,IIB,Regional,Moderately differentiated,2,25,Positive,Positive,2,1
50,0,65,White,Married,T2,N1,IIB,Regional,Well differentiated,1,26,Positive,Positive,10,1
65,0,66,White,Single ,T1,N1,IIA,Regional,Well differentiated,1,7,Positive,Positive,14,1
4,1,58,Black,Widowed,T1,N2,IIIA,Regional,Moderately differentiated,2,2,Positive,Negative,11,4
50,0,49,White,Divorced,T2,N1,IIB,Regional,Poorly differentiated,3,22,Positive,Positive,9,2
61,1,62,White,Widowed,T3,N3,IIIC,Regional,Poorly differentiated,3,59,Positive,Positive,18,12
87,0,54,White,Single ,T2,N1,IIB,Regional,Moderately differentiated,2,25,Negative,Negative,12,1
81,0,47,White,Married,T1,N1,IIA,Regional,Poorly differentiated,3,14,Positive,Positive,16,1
83,0,46,Other,Married,T2,N1,IIB,Regional,Well differentiated,1,43,Positive,Positive,22,1
72,0,52,Black,Married,T1,N1,IIA,Regional,Well differentiated,1,8,Positive,Positive,18,1
50,0,51,White,Married,T3,N2,IIIA,Regional,Moderately differentiated,2,70,Positive,Positive,18,9
65,0,60,White,Married,T2,N1,IIB,Regional,Moderately differentiated,2,28,Positive,Positive,12,2
88,0,59,White,Married,T1,N1,IIA,Regional,Moderately differentiated,2,18,Positive,Positive,8,1
36,1,64,White,Married,T1,N1,IIA,Regional,Moderately differentiated,2,12,Positive,Positive,13,2
59,0,46,White,Married,T1,N1,IIA,Regional,Well differentiated,1,20,Positive,Positive,13,1
63,0,59,White,Married,T1,N1,IIA,Regional,Moderately differentiated,2,20,Positive,Positive,13,3
105,0,56,White,Married,T1,N1,IIA,Regional,Moderately differentiated,2,11,Positive,Positive,4,1
54,0,68,Other,Married,T1,N2,IIIA,Regional,Moderately differentiated,2,17,Positive,Positive,19,4
56,0,65,White,Married,T1,N1,IIA,Regional,Moderately differentiated,2,17,Positive,Positive,16,1
62,0,53,White,Married,T2,N1,IIB,Regional,Moderately differentiated,2,26,Positive,Positive,6,1
59,0,66,White,Married,T1,N2,IIIA,Regional,Poorly differentiated,3,12,Positive,Positive,12,6
93,1,41,White,Married,T2,N1,IIB,Regional,Moderately differentiated,2,35,Positive,Positive,7,1
63,0,53,White,Divorced,T1,N2,IIIA,Regional,Moderately differentiated,2,6,Positive,Positive,51,9
47,1,63,Black,Married,T2,N2,IIIA,Regional,Moderately differentiated,2,22,Positive,Positive,11,6
48,0,65,White,Married,T2,N1,IIB,Regional,Well differentiated,1,22,Positive,Positive,9,2
79,0,50,White,Married,T1,N1,IIA,Regional,Well differentiated,1,19,Positive,Positive,12,1
69,0,62,Black,Married,T2,N3,IIIC,Regional,Moderately differentiated,2,50,Positive,Positive,16,13
88,0,52,White,Married,T1,N2,IIIA,Regional,Moderately differentiated,2,15,Positive,Positive,17,4
60,0,65,White,Divorced,T1,N1,IIA,Regional,Moderately differentiated,2,15,Positive,Negative,16,1
22,1,43,White,Married,T3,N2,IIIA,Regional,Poorly differentiated,3,72,Negative,Negative,11,4
51,0,63,White,Married,T2,N2,IIIA,Regional,Moderately differentiated,2,45,Positive,Positive,21,7
107,0,64,White,Married,T1,N1,IIA,Regional,Poorly differentiated,3,20,Positive,Positive,15,1
74,1,69,White,Divorced,T3,N1,IIIA,Regional,Poorly differentiated,3,90,Positive,Positive,4,2
50,1,65,White,Married,T2,N2,IIIA,Regional,Moderately differentiated,2,35,Positive,Negative,16,4
80,0,43,White,Married,T2,N2,IIIA,Regional,Moderately differentiated,2,31,Positive,Negative,25,6
77,0,66,White,Divorced,T1,N1,IIA,Regional,Moderately differentiated,2,10,Positive,Positive,5,1
102,0,48,Other,Married,T2,N1,IIB,Regional,Poorly differentiated,3,28,Positive,Positive,27,1
66,0,57,White,Divorced,T2,N1,IIB,Regional,Well differentiated,1,30,Positive,Positive,18,3
63,0,60,White,Divorced,T3,N2,IIIA,Regional,Moderately differentiated,2,86,Negative,Negative,9,7
97,1,59,White,Married,T2,N1,IIB,Regional,Poorly differentiated,3,25,Positive,Negative,19,2
106,0,59,White,Single ,T3,N1,IIIA,Regional,Poorly differentiated,3,70,Positive,Negative,10,1
84,0,44,White,Married,T2,N1,IIB,Regional,Poorly differentiated,3,30,Positive,Positive,10,3
79,0,54,White,Married,T2,N2,IIIA,Regional,Moderately differentiated,2,40,Positive,Positive,23,7
81,1,55,White,Single ,T1,N2,IIIA,Regional,Moderately differentiated,2,20,Positive,Positive,20,7
93,0,62,White,Married,T4,N3,IIIC,Distant,Moderately differentiated,2,40,Positive,Positive,22,11
54,0,65,White,Widowed,T1,N1,IIA,Regional,Well differentiated,1,13,Positive,Positive,1,1
54,0,55,White,Divorced,T2,N1,IIB,Regional,Poorly differentiated,3,30,Positive,Negative,5,1
64,0,63,White,Widowed,T2,N1,IIB,Regional,Well differentiated,1,40,Positive,Positive,17,1
91,0,41,White,Single ,T2,N2,IIIA,Regional,Poorly differentiated,3,48,Positive,Positive,11,5
99,0,58,White,Married,T2,N3,IIIC,Regional,Moderately differentiated,2,50,Positive,Positive,14,13
98,0,68,White,Married,T2,N1,IIB,Regional,Moderately differentiated,2,21,Positive,Negative,24,1
88,0,54,White,Married,T1,N2,IIIA,Regional,Moderately differentiated,2,18,Positive,Positive,19,4
73,0,43,White,Married,T1,N1,IIA,Regional,Moderately differentiated,2,18,Positive,Positive,6,1
93,0,40,White,Divorced,T3,N2,IIIA,Regional,Moderately differentiated,2,58,Positive,Positive,14,7
86,0,62,White,Divorced,T2,N1,IIB,Regional,Well differentiated,1,37,Negative,Positive,11,1
71,1,49,White,Married,T2,N1,IIB,Regional,Undifferentiated, anaplastic; Grade IV,28,Positive,Positive,12,3
74,0,54,White,Separated,T1,N2,IIIA,Regional,Well differentiated,1,18,Positive,Positive,14,4
54,0,66,White,Widowed,T1,N1,IIA,Regional,Well differentiated,1,18,Positive,Positive,6,1
68,0,47,White,Married,T2,N1,IIB,Regional,Moderately differentiated,2,32,Positive,Positive,19,1
76,0,52,White,Married,T2,N1,IIB,Regional,Moderately differentiated,2,22,Positive,Negative,17,2
73,0,56,White,Single ,T1,N1,IIA,Regional,Moderately differentiated,2,18,Positive,Positive,14,2
98,0,50,White,Married,T2,N1,IIB,Regional,Moderately differentiated,2,22,Positive,Positive,14,1
64,0,57,White,Married,T2,N1,IIB,Regional,Poorly differentiated,3,39,Positive,Positive,18,3
81,1,45,White,Married,T2,N1,IIB,Regional,Moderately differentiated,2,24,Positive,Positive,13,6
58,1,69,White,Married,T2,N2,IIIA,Regional,Moderately differentiated,2,30,Positive,Negative,30,5
92,0,41,Other,Single ,T2,N3,IIIC,Regional,Moderately differentiated,2,25,Positive,Positive,29,18
84,0,55,White,Widowed,T1,N1,IIA,Regional,Well differentiated,1,15,Positive,Positive,8,1
89,0,59,White,Divorced,T2,N3,IIIC,Regional,Poorly differentiated,3,35,Positive,Positive,17,14
63,1,67,White,Married,T1,N3,IIIC,Regional,Moderately differentiated,2,10,Positive,Positive,19,19
61,0,53,White,Married,T2,N1,IIB,Regional,Well differentiated,1,40,Positive,Positive,4,1
105,0,61,White,Married,T1,N1,IIA,Regional,Moderately differentiated,2,9,Positive,Positive,10,1
85,0,45,White,Married,T2,N1,IIB,Regional,Moderately differentiated,2,40,Positive,Positive,23,1
48,0,61,White,Married,T2,N2,IIIA,Regional,Moderately differentiated,2,30,Positive,Positive,8,4
26,1,69,White,Divorced,T2,N2,IIIA,Regional,Moderately differentiated,2,50,Positive,Positive,17,5
56,0,43,White,Married,T1,N1,IIA,Regional,Moderately differentiated,2,20,Positive,Positive,9,1
100,0,61,Other,Married,T1,N1,IIA,Regional,Moderately differentiated,2,15,Positive,Positive,3,1
56,1,51,Black,Single ,T2,N1,IIB,Regional,Poorly differentiated,3,30,Positive,Positive,12,1
63,0,61,White,Married,T1,N2,IIIA,Regional,Poorly differentiated,3,17,Positive,Positive,23,8
97,0,57,White,Divorced,T1,N1,IIA,Regional,Moderately differentiated,2,15,Positive,Positive,20,1
82,1,58,Black,Married,T2,N1,IIB,Regional,Poorly differentiated,3,48,Positive,Positive,12,2
48,0,52,White,Single ,T3,N1,IIIA,Regional,Moderately differentiated,2,62,Positive,Positive,8,2
105,0,43,White,Married,T1,N1,IIA,Regional,Moderately differentiated,2,7,Positive,Positive,7,2
98,0,63,White,Widowed,T1,N1,IIA,Regional,Moderately differentiated,2,15,Positive,Positive,1,1
69,1,65,White,Single ,T4,N3,IIIC,Regional,Poorly differentiated,3,95,Positive,Positive,15,14
72,0,35,White,Married,T1,N1,IIA,Regional,Poorly differentiated,3,15,Positive,Positive,13,1
63,0,51,White,Married,T1,N1,IIA,Regional,Moderately differentiated,2,9,Positive,Positive,10,1
89,0,50,White,Married,T2,N1,IIB,Regional,Moderately differentiated,2,25,Positive,Positive,13,1
66,0,50,White,Married,T1,N1,IIA,Regional,Well differentiated,1,11,Positive,Positive,21,2
96,0,51,White,Single ,T1,N1,IIA,Regional,Moderately differentiated,2,14,Positive,Positive,20,2
104,0,68,White,Married,T1,N1,IIA,Regional,Poorly differentiated,3,14,Positive,Positive,6,2
64,0,51,Other,Married,T1,N1,IIA,Regional,Moderately differentiated,2,15,Positive,Positive,13,2
107,0,38,White,Married,T1,N3,IIIC,Regional,Poorly differentiated,3,15,Positive,Positive,13,11
86,0,54,White,Married,T2,N1,IIB,Regional,Moderately differentiated,2,25,Positive,Positive,3,1
48,1,51,White,Married,T1,N1,IIA,Regional,Moderately differentiated,2,18,Positive,Positive,12,1
66,0,69,White,Married,T3,N2,IIIA,Regional,Moderately differentiated,2,60,Positive,Positive,27,6
91,0,62,White,Married,T1,N2,IIIA,Regional,Poorly differentiated,3,15,Positive,Positive,11,9
94,0,52,White,Married,T2,N2,IIIA,Regional,Poorly differentiated,3,45,Positive,Positive,14,8
58,0,59,White,Married,T2,N2,IIIA,Regional,Moderately differentiated,2,35,Positive,Positive,19,9
83,0,61,Other,Divorced,T2,N3,IIIC,Regional,Moderately differentiated,2,40,Positive,Positive,27,14
65,0,43,White,Single ,T2,N1,IIB,Regional,Moderately differentiated,2,30,Positive,Positive,4,3
57,0,61,White,Divorced,T1,N1,IIA,Regional,Moderately differentiated,2,12,Positive,Positive,2,1
80,0,68,White,Married,T1,N1,IIA,Regional,Moderately differentiated,2,13,Positive,Positive,9,1
96,0,50,White,Married,T2,N1,IIB,Regional,Moderately differentiated,2,43,Positive,Positive,13,1
63,1,60,White,Single ,T3,N2,IIIA,Regional,Moderately differentiated,2,75,Positive,Positive,9,6
82,1,47,White,Married,T3,N1,IIIA,Regional,Poorly differentiated,3,100,Positive,Negative,12,3
94,0,60,White,Married,T1,N1,IIA,Regional,Poorly differentiated,3,17,Positive,Positive,13,1
61,0,60,White,Married,T1,N1,IIA,Regional,Moderately differentiated,2,12,Positive,Positive,18,1
102,0,47,White,Divorced,T3,N2,IIIA,Regional,Moderately differentiated,2,75,Positive,Positive,12,7
103,0,65,Black,Single ,T1,N1,IIA,Regional,Moderately differentiated,2,12,Positive,Positive,13,1
78,0,64,Black,Widowed,T2,N1,IIB,Regional,Poorly differentiated,3,37,Positive,Positive,1,1
48,0,45,Other,Married,T3,N1,IIIA,Regional,Moderately differentiated,2,54,Positive,Positive,13,3
41,0,57,White,Married,T4,N3,IIIC,Distant,Poorly differentiated,3,85,Positive,Positive,31,18
93,0,47,White,Single ,T1,N1,IIA,Regional,Moderately differentiated,2,20,Positive,Positive,14,1
84,0,65,White,Divorced,T2,N1,IIB,Regional,Moderately differentiated,2,46,Positive,Positive,3,1
72,0,60,White,Married,T2,N1,IIB,Regional,Moderately differentiated,2,21,Positive,Positive,20,1
60,0,59,White,Divorced,T2,N1,IIB,Regional,Moderately differentiated,2,33,Positive,Positive,3,3
53,0,41,White,Married,T2,N1,IIB,Regional,Poorly differentiated,3,33,Positive,Positive,12,3
91,1,50,White,Single ,T2,N2,IIIA,Regional,Poorly differentiated,3,29,Positive,Positive,6,5
78,0,64,Other,Married,T1,N1,IIA,Regional,Poorly differentiated,3,20,Negative,Negative,19,1
41,0,59,White,Married,T3,N2,IIIA,Regional,Moderately differentiated,2,65,Positive,Positive,12,8
21,1,58,White,Divorced,T4,N2,IIIB,Distant,Poorly differentiated,3,120,Negative,Negative,8,5
76,0,46,Black,Married,T2,N1,IIB,Regional,Moderately differentiated,2,30,Positive,Positive,13,3
31,1,69,White,Widowed,T1,N1,IIA,Regional,Poorly differentiated,3,16,Positive,Positive,2,1
12,1,60,White,Divorced,T3,N2,IIIA,Regional,Poorly differentiated,3,90,Negative,Negative,12,4
33,1,69,White,Widowed,T2,N1,IIB,Regional,Moderately differentiated,2,25,Positive,Positive,28,2
56,0,54,White,Married,T2,N1,IIB,Regional,Well differentiated,1,32,Positive,Positive,16,3
95,0,47,White,Married,T2,N1,IIB,Regional,Moderately differentiated,2,29,Positive,Positive,10,3
63,0,46,White,Married,T1,N1,IIA,Regional,Moderately differentiated,2,12,Positive,Positive,3,1
97,0,47,White,Divorced,T2,N1,IIB,Regional,Well differentiated,1,32,Positive,Positive,2,1
63,1,61,White,Divorced,T2,N1,IIB,Regional,Poorly differentiated,3,35,Positive,Positive,14,2
47,1,55,White,Married,T2,N3,IIIC,Regional,Poorly differentiated,3,22,Positive,Positive,24,24
49,0,49,White,Married,T2,N1,IIB,Regional,Moderately differentiated,2,40,Positive,Positive,5,2
93,0,49,White,Married,T1,N1,IIA,Regional,Well differentiated,1,7,Positive,Positive,18,2
78,0,51,White,Widowed,T2,N3,IIIC,Regional,Moderately differentiated,2,23,Positive,Positive,21,10
77,0,47,Other,Married,T2,N2,IIIA,Regional,Moderately differentiated,2,30,Positive,Positive,19,4
97,0,68,White,Single ,T1,N1,IIA,Regional,Moderately differentiated,2,15,Positive,Positive,22,1
72,0,58,White,Divorced,T1,N1,IIA,Regional,Moderately differentiated,2,17,Positive,Positive,20,2
89,0,56,Black,Married,T1,N3,IIIC,Regional,Moderately differentiated,2,15,Positive,Positive,18,14
45,0,59,White,Divorced,T2,N1,IIB,Regional,Moderately differentiated,2,40,Positive,Positive,26,1
86,0,51,White,Single ,T1,N1,IIA,Regional,Moderately differentiated,2,17,Positive,Positive,28,1
74,0,51,White,Married,T1,N1,IIA,Regional,Well differentiated,1,15,Positive,Positive,10,1
57,0,37,Black,Single ,T1,N1,IIA,Regional,Poorly differentiated,3,16,Positive,Positive,17,1
59,0,67,White,Single ,T1,N2,IIIA,Regional,Moderately differentiated,2,9,Positive,Positive,24,6
61,0,44,Other,Married,T2,N1,IIB,Regional,Moderately differentiated,2,25,Positive,Positive,5,3
79,0,68,White,Divorced,T1,N1,IIA,Regional,Moderately differentiated,2,20,Positive,Positive,4,1
100,0,57,White,Married,T3,N3,IIIC,Regional,Moderately differentiated,2,90,Positive,Negative,18,10
76,0,66,White,Married,T1,N1,IIA,Regional,Well differentiated,1,10,Positive,Positive,13,3
72,0,65,White,Divorced,T2,N1,IIB,Regional,Moderately differentiated,2,23,Positive,Positive,4,1
52,0,52,White,Married,T2,N2,IIIA,Regional,Moderately differentiated,2,30,Positive,Positive,12,6
107,0,47,White,Married,T3,N3,IIIC,Distant,Moderately differentiated,2,82,Positive,Negative,31,14
74,0,43,White,Single ,T2,N2,IIIA,Regional,Moderately differentiated,2,40,Positive,Positive,20,8
56,0,53,White,Married,T1,N1,IIA,Regional,Moderately differentiated,2,15,Positive,Positive,18,3
95,0,56,Black,Single ,T2,N2,IIIA,Regional,Poorly differentiated,3,30,Positive,Negative,17,7
89,0,49,White,Married,T2,N1,IIB,Regional,Moderately differentiated,2,30,Positive,Positive,15,3
78,0,46,White,Married,T1,N1,IIA,Regional,Well differentiated,1,16,Positive,Positive,10,3
59,0,41,White,Married,T1,N1,IIA,Regional,Moderately differentiated,2,19,Positive,Positive,15,1
95,0,38,Other,Single ,T3,N1,IIIA,Regional,Moderately differentiated,2,80,Positive,Positive,1,1
63,0,54,Black,Married,T2,N1,IIB,Regional,Poorly differentiated,3,30,Positive,Negative,18,2
66,0,58,White,Divorced,T2,N1,IIB,Regional,Moderately differentiated,2,50,Positive,Positive,3,2
67,0,54,White,Married,T3,N2,IIIA,Regional,Poorly differentiated,3,66,Positive,Positive,10,9
43,1,44,White,Married,T2,N1,IIB,Regional,Poorly differentiated,3,40,Positive,Positive,24,2
69,0,59,White,Married,T2,N2,IIIA,Regional,Moderately differentiated,2,45,Positive,Positive,8,5
70,0,63,White,Married,T2,N1,IIB,Regional,Moderately differentiated,2,25,Positive,Positive,16,2
101,0,57,White,Divorced,T1,N1,IIA,Regional,Moderately differentiated,2,13,Positive,Positive,2,1
87,0,49,White,Divorced,T2,N1,IIB,Regional,Well differentiated,1,37,Positive,Positive,16,4
102,0,56,White,Divorced,T1,N2,IIIA,Regional,Moderately differentiated,2,20,Positive,Negative,12,4
81,0,41,White,Married,T2,N3,IIIC,Regional,Poorly differentiated,3,42,Positive,Positive,13,13
23,1,55,White,Married,T2,N1,IIB,Regional,Well differentiated,1,35,Negative,Negative,4,4
69,0,58,White,Married,T1,N1,IIA,Regional,Moderately differentiated,2,20,Positive,Positive,6,1
28,1,64,White,Married,T3,N1,IIIA,Regional,Moderately differentiated,2,60,Negative,Negative,26,1
78,0,44,White,Married,T3,N1,IIIA,Regional,Well differentiated,1,60,Positive,Positive,6,3
105,0,51,White,Widowed,T2,N1,IIB,Regional,Well differentiated,1,45,Positive,Positive,11,1
46,1,67,Black,Single ,T1,N1,IIA,Regional,Poorly differentiated,3,20,Positive,Positive,7,1
51,0,57,White,Married,T1,N1,IIA,Regional,Moderately differentiated,2,19,Positive,Positive,11,1
14,0,54,White,Married,T2,N1,IIB,Regional,Moderately differentiated,2,23,Positive,Positive,13,1
95,0,55,White,Single ,T4,N3,IIIC,Regional,Moderately differentiated,2,55,Positive,Positive,26,26
56,0,61,White,Married,T2,N1,IIB,Regional,Well differentiated,1,23,Positive,Positive,6,1
33,0,39,White,Married,T2,N1,IIB,Regional,Moderately differentiated,2,30,Positive,Positive,17,3
49,0,57,Black,Married,T3,N1,IIIA,Regional,Moderately differentiated,2,51,Positive,Positive,8,1
8,1,50,White,Single ,T2,N1,IIB,Regional,Poorly differentiated,3,22,Positive,Positive,18,1
82,0,56,Black,Married,T2,N1,IIB,Regional,Poorly differentiated,3,21,Positive,Positive,21,2
73,0,42,White,Married,T1,N2,IIIA,Regional,Moderately differentiated,2,16,Positive,Positive,28,4
69,0,51,White,Married,T3,N2,IIIA,Regional,Moderately differentiated,2,53,Positive,Positive,28,5
84,0,46,White,Single ,T2,N1,IIB,Regional,Poorly differentiated,3,23,Positive,Positive,11,1
83,0,42,White,Married,T2,N1,IIB,Regional,Moderately differentiated,2,25,Positive,Positive,4,1
91,0,38,Black,Married,T1,N1,IIA,Regional,Poorly differentiated,3,18,Negative,Positive,8,2
101,0,45,White,Married,T1,N1,IIA,Regional,Poorly differentiated,3,20,Negative,Negative,17,2
49,0,56,Other,Married,T2,N2,IIIA,Regional,Moderately differentiated,2,26,Positive,Positive,24,5
67,0,46,White,Married,T3,N2,IIIA,Regional,Well differentiated,1,65,Positive,Positive,17,4
48,1,61,White,Married,T2,N2,IIIA,Regional,Moderately differentiated,2,21,Positive,Positive,8,8
66,0,46,Other,Married,T3,N1,IIIA,Regional,Well differentiated,1,55,Positive,Positive,13,2
64,0,48,White,Married,T1,N1,IIA,Regional,Moderately differentiated,2,7,Positive,Positive,2,1
104,0,60,White,Married,T1,N3,IIIC,Regional,Well differentiated,1,14,Positive,Positive,16,16
75,1,66,White,Married,T2,N1,IIB,Regional,Moderately differentiated,2,50,Positive,Positive,18,1
67,0,49,Other,Married,T1,N1,IIA,Regional,Well differentiated,1,10,Positive,Negative,13,2
97,0,46,White,Married,T1,N1,IIA,Regional,Moderately differentiated,2,8,Positive,Positive,3,1
66,0,39,White,Single ,T1,N1,IIA,Regional,Moderately differentiated,2,20,Positive,Positive,10,2
64,0,61,White,Married,T2,N1,IIB,Regional,Moderately differentiated,2,40,Positive,Positive,15,1
82,1,46,White,Married,T2,N2,IIIA,Regional,Poorly differentiated,3,33,Negative,Negative,13,4
77,0,52,White,Married,T1,N2,IIIA,Regional,Moderately differentiated,2,20,Positive,Positive,13,4
78,0,60,Other,Single ,T4,N1,IIIB,Regional,Moderately differentiated,2,26,Positive,Positive,30,1
96,0,42,White,Married,T1,N1,IIA,Regional,Well differentiated,1,17,Positive,Negative,12,1
78,0,47,White,Married,T3,N1,IIIA,Regional,Poorly differentiated,3,51,Positive,Negative,17,1
107,0,42,White,Married,T2,N1,IIB,Regional,Moderately differentiated,2,30,Positive,Positive,26,1
83,0,43,White,Married,T2,N1,IIB,Regional,Moderately differentiated,2,30,Positive,Positive,16,2
55,0,63,White,Married,T1,N1,IIA,Regional,Moderately differentiated,2,15,Positive,Positive,10,1
99,0,55,White,Married,T1,N3,IIIC,Regional,Moderately differentiated,2,18,Positive,Positive,30,26
66,0,52,White,Married,T2,N3,IIIC,Regional,Poorly differentiated,3,43,Negative,Negative,23,5
60,0,40,White,Married,T1,N2,IIIA,Regional,Moderately differentiated,2,15,Positive,Positive,12,6
93,0,38,Other,Married,T1,N1,IIA,Regional,Moderately differentiated,2,15,Positive,Positive,1,1
75,1,33,Black,Single ,T2,N2,IIIA,Regional,Poorly differentiated,3,28,Positive,Positive,22,6
87,1,59,White,Married,T2,N2,IIIA,Regional,Well differentiated,1,32,Negative,Negative,9,4
66,0,63,White,Married,T2,N2,IIIA,Regional,Moderately differentiated,2,32,Positive,Positive,13,7
106,0,44,White,Single ,T2,N1,IIB,Regional,Well differentiated,1,25,Positive,Positive,8,2
46,1,58,White,Married,T1,N1,IIA,Regional,Moderately differentiated,2,18,Positive,Positive,28,2
11,1,69,Black,Divorced,T1,N3,IIIC,Regional,Moderately differentiated,2,19,Positive,Positive,21,19
83,0,57,White,Married,T2,N1,IIB,Regional,Moderately differentiated,2,30,Positive,Positive,17,3
89,0,50,White,Single ,T2,N2,IIIA,Regional,Moderately differentiated,2,30,Positive,Positive,20,4
84,0,36,White,Single ,T2,N1,IIB,Regional,Moderately differentiated,2,25,Positive,Positive,2,1
48,0,37,White,Single ,T2,N1,IIB,Regional,Moderately differentiated,2,36,Positive,Positive,13,3
71,0,63,Black,Single ,T2,N2,IIIA,Regional,Moderately differentiated,2,40,Positive,Positive,18,4
50,0,45,White,Single ,T2,N1,IIB,Regional,Moderately differentiated,2,26,Positive,Positive,8,2
107,0,42,White,Married,T2,N2,IIIA,Regional,Moderately differentiated,2,40,Positive,Positive,11,4
56,0,40,White,Married,T2,N1,IIB,Regional,Moderately differentiated,2,31,Positive,Positive,18,3
84,0,45,White,Married,T1,N1,IIA,Regional,Moderately differentiated,2,15,Positive,Positive,6,2
68,0,54,White,Single ,T1,N1,IIA,Regional,Moderately differentiated,2,12,Positive,Positive,14,1
76,0,55,White,Widowed,T1,N1,IIA,Regional,Poorly differentiated,3,20,Positive,Positive,3,1
62,0,47,Other,Separated,T2,N2,IIIA,Regional,Moderately differentiated,2,32,Positive,Negative,18,6
59,0,51,White,Divorced,T2,N3,IIIC,Regional,Poorly differentiated,3,28,Negative,Positive,42,21
53,0,63,White,Married,T1,N1,IIA,Regional,Moderately differentiated,2,13,Positive,Positive,14,2
50,0,65,White,Single ,T2,N2,IIIA,Regional,Well differentiated,1,47,Positive,Positive,18,7
12,0,34,White,Single ,T2,N2,IIIA,Regional,Moderately differentiated,2,40,Positive,Positive,21,6
51,0,47,White,Married,T2,N2,IIIA,Regional,Poorly differentiated,3,30,Negative,Negative,19,5
36,1,69,White,Married,T2,N2,IIIA,Regional,Poorly differentiated,3,23,Positive,Positive,10,9
58,0,66,White,Married,T2,N1,IIB,Regional,Moderately differentiated,2,40,Positive,Positive,7,1
75,0,41,White,Married,T2,N2,IIIA,Regional,Moderately differentiated,2,26,Positive,Positive,11,7
61,0,58,Black,Married,T3,N2,IIIA,Regional,Moderately differentiated,2,100,Positive,Positive,17,4
84,0,64,White,Widowed,T2,N3,IIIC,Regional,Poorly differentiated,3,50,Positive,Positive,38,21
86,0,53,White,Married,T1,N1,IIA,Regional,Moderately differentiated,2,18,Positive,Positive,24,1
80,0,43,Black,Married,T1,N1,IIA,Regional,Moderately differentiated,2,13,Positive,Positive,12,2
5,1,31,Black,Single ,T2,N2,IIIA,Regional,Poorly differentiated,3,30,Negative,Negative,13,4
75,0,43,Other,Married,T2,N1,IIB,Regional,Moderately differentiated,2,50,Positive,Positive,9,1
81,0,54,White,Single ,T4,N1,IIIB,Regional,Moderately differentiated,2,33,Positive,Positive,20,2
58,0,60,White,Divorced,T2,N2,IIIA,Regional,Moderately differentiated,2,44,Positive,Positive,11,7
82,0,59,White,Widowed,T2,N2,IIIA,Regional,Moderately differentiated,2,45,Positive,Positive,15,6
85,0,47,White,Single ,T2,N1,IIB,Regional,Poorly differentiated,3,30,Positive,Positive,12,1
66,1,41,Black,Single ,T2,N1,IIB,Regional,Poorly differentiated,3,23,Positive,Negative,6,1
84,0,69,White,Widowed,T1,N1,IIA,Regional,Well differentiated,1,13,Positive,Positive,12,1
101,0,48,White,Divorced,T1,N1,IIA,Regional,Moderately differentiated,2,18,Positive,Positive,16,1
55,0,40,Black,Single ,T2,N1,IIB,Regional,Poorly differentiated,3,28,Negative,Negative,20,1
72,0,68,Black,Divorced,T2,N3,IIIC,Regional,Poorly differentiated,3,50,Positive,Positive,11,11
47,1,56,Black,Married,T1,N3,IIIC,Regional,Poorly differentiated,3,11,Positive,Positive,16,15
47,0,46,White,Married,T1,N1,IIA,Regional,Moderately differentiated,2,15,Positive,Positive,8,1
104,0,59,White,Divorced,T2,N3,IIIC,Distant,Well differentiated,1,25,Positive,Positive,11,1
68,0,46,Other,Married,T2,N1,IIB,Regional,Moderately differentiated,2,27,Positive,Positive,4,1
30,1,46,White,Divorced,T3,N3,IIIC,Regional,Moderately differentiated,2,65,Positive,Positive,12,10
102,0,57,White,Single ,T3,N2,IIIA,Regional,Poorly differentiated,3,55,Positive,Positive,10,4
57,0,51,White,Single ,T2,N2,IIIA,Regional,Moderately differentiated,2,40,Positive,Positive,6,5
88,0,55,White,Married,T1,N2,IIIA,Regional,Poorly differentiated,3,14,Negative,Negative,11,4
83,0,53,White,Married,T2,N2,IIIA,Regional,Moderately differentiated,2,50,Positive,Positive,7,5
38,1,64,Black,Single ,T2,N1,IIB,Regional,Well differentiated,1,30,Positive,Negative,2,1
67,0,68,White,Married,T2,N1,IIB,Regional,Poorly differentiated,3,21,Positive,Positive,19,1
89,0,51,White,Married,T3,N1,IIIA,Regional,Moderately differentiated,2,55,Positive,Positive,21,3
24,1,36,White,Divorced,T3,N3,IIIC,Regional,Poorly differentiated,3,120,Negative,Negative,15,14
92,0,68,White,Single ,T2,N1,IIB,Regional,Poorly differentiated,3,40,Positive,Positive,7,1
60,1,47,Black,Single ,T2,N1,IIB,Regional,Poorly differentiated,3,25,Positive,Positive,16,3
53,0,40,Other,Married,T3,N1,IIIA,Regional,Moderately differentiated,2,55,Positive,Positive,19,4
84,0,65,White,Married,T1,N1,IIA,Regional,Moderately differentiated,2,12,Positive,Positive,2,1
87,0,64,White,Married,T3,N1,IIIA,Regional,Moderately differentiated,2,65,Positive,Negative,11,1
64,0,52,White,Married,T2,N1,IIB,Regional,Well differentiated,1,34,Positive,Positive,2,1
60,0,41,Other,Married,T2,N3,IIIC,Regional,Poorly differentiated,3,22,Positive,Positive,22,22
63,0,66,White,Married,T2,N1,IIB,Regional,Poorly differentiated,3,35,Positive,Positive,3,2
84,0,69,White,Widowed,T1,N1,IIA,Regional,Well differentiated,1,17,Positive,Positive,15,2
91,0,56,White,Married,T1,N1,IIA,Regional,Moderately differentiated,2,20,Positive,Positive,15,1
17,1,54,White,Separated,T4,N3,IIIC,Distant,Poorly differentiated,3,70,Positive,Positive,17,15
100,0,60,White,Married,T2,N2,IIIA,Regional,Moderately differentiated,2,40,Positive,Positive,16,4
86,0,49,White,Married,T2,N3,IIIC,Regional,Moderately differentiated,2,22,Positive,Positive,17,11
77,0,60,White,Divorced,T1,N1,IIA,Regional,Well differentiated,1,14,Positive,Positive,12,2
102,0,65,White,Married,T1,N1,IIA,Regional,Well differentiated,1,13,Positive,Negative,6,1
107,0,55,White,Married,T1,N1,IIA,Regional,Moderately differentiated,2,15,Positive,Positive,2,1
107,0,54,White,Married,T2,N1,IIB,Regional,Moderately differentiated,2,23,Positive,Negative,14,1
89,0,60,Other,Married,T3,N1,IIIA,Regional,Moderately differentiated,2,55,Positive,Positive,25,2
51,0,46,White,Married,T1,N1,IIA,Regional,Moderately differentiated,2,18,Positive,Positive,25,1
55,0,62,White,Single ,T3,N2,IIIA,Regional,Moderately differentiated,2,75,Positive,Positive,16,7
27,0,49,White,Married,T2,N1,IIB,Regional,Poorly differentiated,3,47,Negative,Negative,9,3
55,1,52,White,Married,T1,N2,IIIA,Regional,Poorly differentiated,3,14,Positive,Positive,17,9
87,0,46,White,Single ,T2,N1,IIB,Regional,Moderately differentiated,2,38,Positive,Positive,6,2
56,0,57,White,Married,T2,N2,IIIA,Regional,Poorly differentiated,3,23,Negative,Positive,21,4
52,0,50,White,Single ,T1,N1,IIA,Regional,Well differentiated,1,9,Positive,Positive,2,1
102,1,68,White,Married,T1,N3,IIIC,Regional,Moderately differentiated,2,12,Positive,Positive,23,12
77,0,50,White,Married,T2,N2,IIIA,Regional,Poorly differentiated,3,25,Positive,Positive,26,4
69,0,50,White,Married,T2,N1,IIB,Regional,Well differentiated,1,26,Positive,Positive,13,2
23,0,48,Other,Single ,T1,N2,IIIA,Regional,Well differentiated,1,5,Negative,Negative,11,9
80,0,48,White,Married,T1,N2,IIIA,Regional,Moderately differentiated,2,18,Positive,Positive,19,5
83,0,63,White,Married,T2,N3,IIIC,Regional,Poorly differentiated,3,25,Positive,Negative,14,10
63,0,67,White,Single ,T2,N1,IIB,Regional,Well differentiated,1,30,Positive,Negative,12,1
69,0,56,White,Married,T1,N2,IIIA,Regional,Moderately differentiated,2,15,Positive,Positive,11,6
49,0,47,White,Single ,T1,N1,IIA,Regional,Well differentiated,1,15,Positive,Positive,15,2
35,1,55,White,Married,T2,N2,IIIA,Regional,Moderately differentiated,2,25,Positive,Negative,25,6
57,0,40,White,Single ,T3,N2,IIIA,Regional,Moderately differentiated,2,64,Positive,Positive,11,8
41,1,69,White,Married,T2,N3,IIIC,Regional,Moderately differentiated,2,40,Positive,Negative,47,23
105,0,41,Other,Married,T1,N1,IIA,Regional,Poorly differentiated,3,20,Positive,Positive,19,1
88,0,41,White,Married,T2,N1,IIB,Regional,Moderately differentiated,2,31,Positive,Positive,10,1
94,0,49,White,Divorced,T2,N1,IIB,Regional,Moderately differentiated,2,30,Positive,Positive,14,2
105,0,69,White,Divorced,T4,N2,IIIB,Regional,Moderately differentiated,2,120,Positive,Positive,9,7
48,0,54,White,Married,T2,N2,IIIA,Regional,Well differentiated,1,31,Positive,Positive,11,6
62,0,52,White,Married,T1,N1,IIA,Regional,Well differentiated,1,15,Positive,Positive,2,1
77,0,54,White,Married,T2,N1,IIB,Regional,Moderately differentiated,2,24,Positive,Positive,16,2
102,0,57,White,Married,T2,N1,IIB,Regional,Well differentiated,1,25,Positive,Positive,19,1
84,0,42,White,Married,T2,N1,IIB,Regional,Moderately differentiated,2,35,Positive,Positive,9,2
75,0,37,White,Married,T1,N1,IIA,Regional,Moderately differentiated,2,7,Positive,Positive,16,2
97,0,45,White,Married,T1,N1,IIA,Regional,Poorly differentiated,3,20,Positive,Positive,15,1
87,0,56,White,Married,T1,N1,IIA,Regional,Moderately differentiated,2,19,Positive,Positive,7,2
59,0,54,White,Married,T3,N1,IIIA,Regional,Moderately differentiated,2,45,Positive,Positive,3,1
105,0,55,White,Married,T2,N1,IIB,Regional,Moderately differentiated,2,25,Negative,Negative,13,1
63,0,57,White,Married,T1,N1,IIA,Regional,Moderately differentiated,2,11,Positive,Positive,6,1
102,0,51,White,Married,T1,N1,IIA,Regional,Moderately differentiated,2,15,Positive,Positive,15,12
107,0,48,White,Single ,T2,N1,IIB,Regional,Moderately differentiated,2,30,Positive,Positive,18,3
66,0,58,White,Married,T1,N2,IIIA,Regional,Poorly differentiated,3,17,Positive,Positive,19,4
69,0,57,White,Married,T2,N1,IIB,Regional,Poorly differentiated,3,37,Positive,Negative,12,2
61,0,62,White,Married,T1,N1,IIA,Regional,Poorly differentiated,3,13,Positive,Negative,28,1
84,0,55,White,Single ,T2,N3,IIIC,Regional,Moderately differentiated,2,38,Positive,Positive,22,10
94,0,60,White,Divorced,T2,N1,IIB,Regional,Poorly differentiated,3,25,Positive,Positive,18,1
78,0,65,White,Single ,T1,N1,IIA,Regional,Moderately differentiated,2,20,Positive,Positive,2,1
70,0,66,White,Married,T1,N1,IIA,Regional,Moderately differentiated,2,9,Positive,Positive,19,1
60,0,60,White,Married,T2,N2,IIIA,Regional,Moderately differentiated,2,33,Positive,Positive,20,4
82,0,58,White,Married,T1,N1,IIA,Regional,Moderately differentiated,2,16,Positive,Positive,16,1
78,0,66,Other,Single ,T2,N2,IIIA,Regional,Moderately differentiated,2,30,Positive,Positive,23,7
81,0,66,White,Married,T2,N1,IIB,Regional,Moderately differentiated,2,27,Positive,Positive,16,2
104,0,69,White,Married,T2,N1,IIB,Regional,Moderately differentiated,2,22,Positive,Positive,4,1
80,0,49,White,Single ,T1,N1,IIA,Regional,Moderately differentiated,2,15,Positive,Positive,20,1
86,0,67,White,Married,T1,N2,IIIA,Regional,Well differentiated,1,11,Positive,Positive,16,4
4,0,53,White,Separated,T1,N1,IIA,Regional,Moderately differentiated,2,17,Positive,Positive,1,1
57,0,39,White,Single ,T2,N1,IIB,Regional,Moderately differentiated,2,44,Positive,Positive,18,2
88,0,56,White,Married,T3,N1,IIIA,Regional,Moderately differentiated,2,54,Positive,Positive,21,1
66,0,62,White,Married,T1,N1,IIA,Regional,Moderately differentiated,2,8,Positive,Negative,2,1
91,0,47,White,Single ,T1,N1,IIA,Regional,Poorly differentiated,3,9,Positive,Positive,1,1
88,0,37,White,Married,T2,N1,IIB,Regional,Poorly differentiated,3,25,Negative,Negative,8,1
41,0,56,White,Divorced,T4,N1,IIIB,Regional,Moderately differentiated,2,25,Positive,Positive,20,2
70,0,53,Black,Single ,T1,N1,IIA,Regional,Moderately differentiated,2,15,Positive,Positive,9,2
105,0,53,Other,Married,T2,N1,IIB,Regional,Poorly differentiated,3,25,Negative,Negative,7,1
104,0,48,White,Married,T3,N3,IIIC,Distant,Poorly differentiated,3,55,Positive,Positive,31,22
79,1,54,Other,Married,T2,N1,IIB,Regional,Moderately differentiated,2,41,Positive,Positive,21,2
94,0,41,White,Married,T1,N1,IIA,Regional,Moderately differentiated,2,15,Negative,Negative,3,1
80,0,32,Other,Married,T1,N1,IIA,Regional,Moderately differentiated,2,15,Positive,Negative,15,3
66,0,44,White,Single ,T2,N1,IIB,Regional,Moderately differentiated,2,25,Positive,Positive,28,1
49,0,46,White,Single ,T2,N1,IIB,Regional,Poorly differentiated,3,25,Positive,Positive,8,3
80,0,47,White,Married,T2,N1,IIB,Regional,Moderately differentiated,2,32,Positive,Positive,9,1
95,0,58,White,Married,T2,N1,IIB,Regional,Moderately differentiated,2,30,Positive,Negative,11,2
99,0,63,White,Married,T1,N1,IIA,Regional,Moderately differentiated,2,14,Positive,Positive,22,1
93,0,67,White,Widowed,T3,N1,IIIA,Regional,Poorly differentiated,3,58,Positive,Negative,8,1
79,0,55,Other,Married,T2,N3,IIIC,Regional,Moderately differentiated,2,30,Positive,Negative,26,26
80,0,51,Other,Married,T1,N2,IIIA,Regional,Moderately differentiated,2,12,Positive,Positive,16,6
52,0,44,White,Married,T2,N1,IIB,Regional,Moderately differentiated,2,24,Positive,Positive,25,1
105,0,51,White,Single ,T2,N2,IIIA,Regional,Poorly differentiated,3,47,Positive,Positive,22,4
52,0,63,White,Divorced,T1,N1,IIA,Regional,Well differentiated,1,18,Positive,Positive,10,3
77,0,66,White,Divorced,T3,N3,IIIC,Regional,Moderately differentiated,2,55,Positive,Positive,13,13
59,0,45,Black,Single ,T2,N1,IIB,Regional,Poorly differentiated,3,25,Positive,Positive,28,1
54,0,63,White,Single ,T3,N2,IIIA,Regional,Moderately differentiated,2,53,Positive,Positive,18,9
52,0,60,White,Married,T2,N2,IIIA,Regional,Moderately differentiated,2,23,Positive,Positive,26,8
77,0,50,White,Divorced,T2,N1,IIB,Regional,Well differentiated,1,22,Positive,Positive,13,2
99,0,67,White,Married,T1,N1,IIA,Regional,Well differentiated,1,12,Positive,Positive,12,1
65,0,56,White,Married,T2,N1,IIB,Regional,Moderately differentiated,2,32,Positive,Positive,11,2
102,0,52,White,Single ,T2,N2,IIIA,Regional,Moderately differentiated,2,40,Positive,Positive,11,9
49,0,53,White,Married,T3,N1,IIIA,Regional,Moderately differentiated,2,60,Positive,Positive,5,3
49,0,57,White,Married,T2,N3,IIIC,Regional,Poorly differentiated,3,25,Positive,Negative,16,12
107,0,65,White,Married,T1,N1,IIA,Regional,Moderately differentiated,2,11,Positive,Positive,1,1
20,1,66,White,Married,T4,N3,IIIC,Regional,Moderately differentiated,2,65,Positive,Positive,19,19
52,0,47,White,Married,T3,N3,IIIC,Regional,Moderately differentiated,2,80,Positive,Positive,21,11
100,0,44,White,Widowed,T3,N3,IIIC,Regional,Well differentiated,1,55,Positive,Positive,27,24
67,0,62,White,Married,T1,N2,IIIA,Regional,Poorly differentiated,3,16,Positive,Positive,18,6
28,1,50,Other,Married,T1,N1,IIA,Regional,Poorly differentiated,3,18,Positive,Positive,18,1
69,0,68,White,Married,T1,N1,IIA,Regional,Moderately differentiated,2,17,Positive,Positive,3,1
69,0,47,White,Single ,T1,N1,IIA,Regional,Well differentiated,1,18,Positive,Positive,6,2
103,0,52,White,Single ,T4,N2,IIIB,Regional,Moderately differentiated,2,50,Positive,Positive,23,5
80,0,69,White,Married,T2,N1,IIB,Regional,Well differentiated,1,21,Positive,Positive,2,2
60,0,61,White,Married,T2,N1,IIB,Regional,Moderately differentiated,2,50,Positive,Positive,20,2
87,0,54,White,Divorced,T1,N1,IIA,Regional,Well differentiated,1,13,Positive,Positive,2,1
59,0,37,White,Single ,T3,N1,IIIA,Regional,Moderately differentiated,2,51,Positive,Positive,22,3
55,0,58,White,Single ,T2,N1,IIB,Regional,Poorly differentiated,3,25,Positive,Positive,14,3
82,0,58,White,Married,T2,N1,IIB,Regional,Moderately differentiated,2,30,Positive,Positive,6,1
50,1,40,Black,Married,T1,N3,IIIC,Regional,Poorly differentiated,3,15,Positive,Positive,18,15
66,0,66,White,Married,T2,N1,IIB,Regional,Poorly differentiated,3,40,Positive,Positive,11,2
72,0,69,White,Married,T1,N2,IIIA,Regional,Well differentiated,1,10,Positive,Positive,22,5
95,0,47,Other,Married,T2,N1,IIB,Regional,Poorly differentiated,3,34,Positive,Positive,17,2
97,0,44,White,Married,T3,N2,IIIA,Regional,Poorly differentiated,3,70,Positive,Positive,7,4
92,0,61,White,Divorced,T2,N1,IIB,Regional,Poorly differentiated,3,27,Positive,Negative,7,1
59,1,42,Other,Separated,T2,N1,IIB,Regional,Poorly differentiated,3,21,Positive,Positive,3,1
69,0,34,White,Married,T1,N1,IIA,Regional,Poorly differentiated,3,15,Positive,Positive,11,1
81,0,59,White,Married,T1,N2,IIIA,Regional,Moderately differentiated,2,15,Positive,Positive,16,4
69,0,55,White,Single ,T2,N2,IIIA,Regional,Moderately differentiated,2,46,Positive,Positive,4,4
90,0,59,White,Divorced,T1,N2,IIIA,Regional,Moderately differentiated,2,4,Positive,Positive,12,5
97,0,51,White,Married,T1,N1,IIA,Regional,Moderately differentiated,2,5,Positive,Negative,1,1
93,0,49,White,Married,T2,N1,IIB,Regional,Poorly differentiated,3,40,Negative,Negative,25,1
58,1,68,White,Married,T1,N1,IIA,Regional,Moderately differentiated,2,19,Positive,Positive,31,1
48,0,62,White,Married,T2,N1,IIB,Regional,Moderately differentiated,2,33,Positive,Positive,7,1
66,0,56,Black,Divorced,T1,N1,IIA,Regional,Well differentiated,1,11,Positive,Positive,19,1
66,0,64,White,Married,T2,N3,IIIC,Regional,Moderately differentiated,2,34,Positive,Positive,21,14
63,0,44,White,Divorced,T1,N1,IIA,Regional,Moderately differentiated,2,16,Positive,Positive,14,1
77,0,45,White,Married,T2,N1,IIB,Regional,Poorly differentiated,3,21,Positive,Positive,18,2
99,0,35,White,Married,T3,N3,IIIC,Regional,Poorly differentiated,3,80,Positive,Positive,12,12
72,0,56,White,Married,T3,N2,IIIA,Regional,Moderately differentiated,2,55,Positive,Positive,28,6
52,1,50,White,Married,T1,N1,IIA,Regional,Moderately differentiated,2,9,Positive,Positive,11,1
86,0,45,White,Married,T2,N1,IIB,Regional,Poorly differentiated,3,21,Positive,Positive,14,1
46,0,61,White,Married,T2,N2,IIIA,Regional,Poorly differentiated,3,25,Positive,Positive,16,7
68,0,57,White,Single ,T1,N1,IIA,Regional,Well differentiated,1,18,Positive,Negative,15,1
71,0,50,White,Married,T2,N1,IIB,Regional,Poorly differentiated,3,41,Negative,Negative,17,1
59,0,43,White,Divorced,T2,N1,IIB,Regional,Moderately differentiated,2,23,Positive,Positive,13,1
72,0,60,White,Married,T1,N1,IIA,Regional,Moderately differentiated,2,15,Positive,Positive,17,1
89,0,69,White,Widowed,T1,N3,IIIC,Regional,Moderately differentiated,2,13,Positive,Positive,17,13
50,0,40,White,Married,T2,N1,IIB,Regional,Moderately differentiated,2,35,Positive,Positive,5,2
76,0,69,White,Widowed,T2,N3,IIIC,Regional,Well differentiated,1,33,Positive,Positive,20,19
60,1,62,White,Married,T1,N1,IIA,Regional,Moderately differentiated,2,11,Positive,Positive,2,1
56,0,59,White,Married,T2,N1,IIB,Regional,Poorly differentiated,3,35,Positive,Positive,16,2
101,0,36,White,Married,T2,N1,IIB,Regional,Poorly differentiated,3,30,Positive,Positive,7,1
66,0,54,White,Married,T2,N1,IIB,Regional,Moderately differentiated,2,25,Positive,Positive,12,3
30,1,59,White,Married,T2,N3,IIIC,Regional,Poorly differentiated,3,27,Positive,Positive,16,12
63,0,65,White,Divorced,T3,N1,IIIA,Regional,Poorly differentiated,3,96,Positive,Negative,21,3
58,1,39,Black,Single ,T2,N1,IIB,Regional,Poorly differentiated,3,40,Positive,Positive,14,1
88,1,65,Black,Widowed,T1,N1,IIA,Regional,Moderately differentiated,2,11,Positive,Negative,16,1
48,0,54,White,Single ,T1,N1,IIA,Regional,Moderately differentiated,2,20,Positive,Positive,18,1
107,0,59,White,Married,T2,N1,IIB,Regional,Moderately differentiated,2,50,Positive,Positive,8,2
73,0,52,White,Married,T3,N3,IIIC,Regional,Moderately differentiated,2,75,Positive,Positive,40,32
47,1,50,White,Married,T2,N2,IIIA,Regional,Poorly differentiated,3,24,Positive,Negative,23,9
77,0,62,Other,Married,T2,N2,IIIA,Regional,Moderately differentiated,2,32,Positive,Positive,17,5
89,0,58,White,Married,T4,N2,IIIB,Distant,Moderately differentiated,2,16,Positive,Negative,15,9
66,0,53,White,Married,T2,N2,IIIA,Regional,Moderately differentiated,2,27,Positive,Positive,25,5
79,0,57,White,Married,T1,N3,IIIC,Regional,Moderately differentiated,2,15,Positive,Positive,32,29
58,0,59,White,Divorced,T1,N1,IIA,Regional,Well differentiated,1,19,Positive,Positive,11,2
69,0,55,White,Married,T1,N1,IIA,Regional,Moderately differentiated,2,20,Positive,Positive,10,1
104,0,49,White,Single ,T2,N2,IIIA,Regional,Moderately differentiated,2,35,Positive,Positive,9,4
68,0,49,White,Married,T3,N1,IIIA,Regional,Moderately differentiated,2,80,Positive,Positive,13,2
97,0,54,White,Married,T2,N1,IIB,Regional,Poorly differentiated,3,40,Positive,Positive,8,1
84,0,53,White,Single ,T1,N2,IIIA,Regional,Moderately differentiated,2,18,Positive,Negative,17,7
91,0,58,White,Married,T1,N1,IIA,Regional,Moderately differentiated,2,12,Positive,Positive,3,1
63,1,62,Black,Widowed,T2,N2,IIIA,Regional,Moderately differentiated,2,25,Positive,Negative,13,5
54,0,67,White,Married,T1,N2,IIIA,Regional,Well differentiated,1,19,Positive,Positive,5,5
95,0,61,White,Divorced,T3,N2,IIIA,Regional,Moderately differentiated,2,60,Positive,Positive,23,4
62,0,47,White,Married,T3,N1,IIIA,Regional,Poorly differentiated,3,79,Positive,Positive,14,3
68,0,48,White,Single ,T3,N3,IIIC,Regional,Well differentiated,1,95,Positive,Positive,19,12
55,0,60,White,Married,T2,N1,IIB,Regional,Moderately differentiated,2,30,Positive,Positive,24,2
58,0,62,White,Married,T2,N2,IIIA,Regional,Moderately differentiated,2,50,Positive,Negative,13,5
102,0,50,White,Single ,T2,N1,IIB,Regional,Moderately differentiated,2,22,Positive,Positive,6,1
68,0,51,White,Married,T2,N2,IIIA,Regional,Moderately differentiated,2,33,Positive,Positive,18,5
55,0,57,White,Married,T1,N3,IIIC,Regional,Moderately differentiated,2,15,Positive,Positive,29,25
32,1,64,White,Married,T1,N2,IIIA,Regional,Moderately differentiated,2,11,Positive,Negative,14,9
65,1,64,White,Widowed,T2,N2,IIIA,Regional,Poorly differentiated,3,30,Positive,Positive,7,4
80,0,62,White,Single ,T1,N1,IIA,Regional,Moderately differentiated,2,8,Positive,Positive,4,2
107,0,49,White,Married,T2,N3,IIIC,Distant,Poorly differentiated,3,25,Positive,Positive,24,2
64,0,51,Other,Married,T2,N1,IIB,Regional,Moderately differentiated,2,30,Positive,Positive,22,3
74,0,68,White,Divorced,T1,N1,IIA,Regional,Poorly differentiated,3,15,Positive,Positive,9,2
27,0,51,White,Married,T2,N2,IIIA,Regional,Moderately differentiated,2,30,Positive,Positive,10,7
75,0,47,White,Married,T3,N3,IIIC,Regional,Moderately differentiated,2,70,Positive,Positive,36,14
57,0,40,White,Married,T1,N1,IIA,Regional,Moderately differentiated,2,7,Positive,Positive,22,3
91,0,66,White,Married,T3,N1,IIIA,Regional,Moderately differentiated,2,80,Positive,Positive,20,1
20,1,68,White,Married,T1,N1,IIA,Regional,Moderately differentiated,2,6,Negative,Negative,10,2
51,0,56,Other,Married,T2,N1,IIB,Regional,Moderately differentiated,2,30,Positive,Positive,29,2
76,1,46,White,Single ,T2,N1,IIB,Regional,Well differentiated,1,21,Positive,Positive,7,1
72,0,68,White,Married,T1,N2,IIIA,Regional,Poorly differentiated,3,17,Positive,Positive,12,6
50,0,38,Black,Single ,T3,N3,IIIC,Distant,Moderately differentiated,2,120,Positive,Positive,14,11
60,0,44,White,Single ,T2,N2,IIIA,Regional,Moderately differentiated,2,27,Positive,Positive,23,4
53,0,46,White,Married,T2,N1,IIB,Regional,Moderately differentiated,2,22,Positive,Positive,20,1
73,0,56,White,Married,T2,N3,IIIC,Regional,Moderately differentiated,2,35,Positive,Negative,24,13
77,0,39,White,Married,T1,N1,IIA,Regional,Moderately differentiated,2,6,Positive,Positive,27,3
97,0,54,White,Married,T1,N1,IIA,Regional,Moderately differentiated,2,15,Positive,Positive,16,1
85,0,47,White,Married,T1,N1,IIA,Regional,Well differentiated,1,20,Positive,Positive,24,2
99,0,64,White,Married,T1,N1,IIA,Regional,Moderately differentiated,2,11,Positive,Positive,4,2
49,0,48,White,Widowed,T2,N1,IIB,Regional,Moderately differentiated,2,30,Positive,Positive,4,1
69,0,57,White,Separated,T1,N1,IIA,Regional,Moderately differentiated,2,20,Positive,Negative,3,3
69,0,53,White,Married,T2,N1,IIB,Regional,Moderately differentiated,2,30,Negative,Negative,14,2
69,0,41,Other,Single ,T1,N1,IIA,Regional,Well differentiated,1,20,Positive,Positive,8,1
84,0,44,White,Married,T2,N3,IIIC,Regional,Poorly differentiated,3,40,Positive,Negative,31,16
59,0,54,White,Single ,T2,N1,IIB,Regional,Poorly differentiated,3,30,Positive,Positive,10,1
56,0,57,White,Married,T1,N1,IIA,Regional,Well differentiated,1,15,Positive,Positive,1,1
41,1,39,Black,Married,T3,N2,IIIA,Regional,Poorly differentiated,3,60,Positive,Positive,16,5
81,0,64,White,Widowed,T1,N1,IIA,Regional,Well differentiated,1,17,Positive,Positive,1,1
89,0,59,Other,Married,T2,N1,IIB,Regional,Moderately differentiated,2,35,Positive,Positive,9,1
59,1,63,White,Married,T2,N1,IIB,Regional,Poorly differentiated,3,34,Positive,Positive,25,1
61,0,65,Black,Married,T2,N2,IIIA,Regional,Poorly differentiated,3,35,Positive,Positive,13,9
70,0,47,White,Married,T2,N3,IIIC,Regional,Moderately differentiated,2,25,Positive,Positive,60,19
68,0,41,White,Married,T1,N1,IIA,Regional,Moderately differentiated,2,18,Positive,Positive,10,1
74,0,61,Black,Single ,T1,N1,IIA,Regional,Well differentiated,1,8,Positive,Positive,10,3
70,0,64,White,Married,T2,N1,IIB,Regional,Moderately differentiated,2,24,Positive,Positive,9,3
81,0,54,Black,Married,T1,N1,IIA,Regional,Poorly differentiated,3,13,Positive,Positive,5,1
51,0,48,White,Single ,T2,N2,IIIA,Regional,Poorly differentiated,3,30,Positive,Positive,13,5
79,0,48,White,Single ,T2,N1,IIB,Regional,Moderately differentiated,2,27,Positive,Positive,12,2
67,0,39,White,Married,T1,N1,IIA,Regional,Moderately differentiated,2,15,Positive,Positive,37,2
62,0,50,White,Single ,T2,N1,IIB,Regional,Moderately differentiated,2,27,Positive,Positive,24,1
75,0,54,Other,Divorced,T2,N1,IIB,Regional,Moderately differentiated,2,22,Positive,Positive,28,3
63,1,58,Other,Single ,T2,N3,IIIC,Regional,Moderately differentiated,2,50,Positive,Negative,28,27
95,0,56,White,Single ,T2,N1,IIB,Regional,Moderately differentiated,2,22,Positive,Positive,4,1
56,0,62,White,Widowed,T2,N2,IIIA,Regional,Poorly differentiated,3,25,Positive,Positive,18,4
77,0,40,White,Married,T2,N1,IIB,Regional,Well differentiated,1,21,Positive,Positive,14,1
62,0,54,White,Widowed,T1,N1,IIA,Regional,Poorly differentiated,3,12,Negative,Negative,1,1
64,0,47,White,Married,T3,N2,IIIA,Regional,Well differentiated,1,140,Positive,Positive,23,7
106,0,67,White,Widowed,T2,N2,IIIA,Regional,Moderately differentiated,2,30,Positive,Positive,25,8
95,0,48,White,Single ,T3,N3,IIIC,Regional,Moderately differentiated,2,60,Positive,Positive,14,14
70,0,68,White,Married,T2,N1,IIB,Regional,Moderately differentiated,2,35,Positive,Positive,14,2
21,1,66,Black,Widowed,T1,N1,IIA,Regional,Moderately differentiated,2,12,Positive,Negative,10,1
90,0,63,White,Single ,T1,N1,IIA,Regional,Poorly differentiated,3,12,Positive,Positive,15,1
52,0,62,White,Married,T2,N1,IIB,Regional,Poorly differentiated,3,21,Positive,Positive,6,1
82,0,62,White,Divorced,T3,N1,IIIA,Regional,Moderately differentiated,2,70,Positive,Positive,7,1
60,0,57,White,Widowed,T1,N1,IIA,Regional,Moderately differentiated,2,20,Positive,Positive,12,2
27,1,66,White,Single ,T4,N3,IIIC,Distant,Poorly differentiated,3,67,Positive,Positive,16,13
65,0,68,White,Married,T2,N2,IIIA,Regional,Poorly differentiated,3,24,Positive,Positive,13,4
63,0,55,White,Married,T3,N1,IIIA,Regional,Moderately differentiated,2,62,Positive,Positive,9,3
102,0,66,White,Widowed,T1,N2,IIIA,Regional,Moderately differentiated,2,11,Positive,Positive,18,4
55,0,67,White,Married,T1,N1,IIA,Regional,Moderately differentiated,2,17,Positive,Positive,31,3
80,0,55,White,Married,T2,N2,IIIA,Regional,Well differentiated,1,32,Positive,Negative,21,8
76,0,49,White,Divorced,T3,N1,IIIA,Regional,Poorly differentiated,3,65,Positive,Positive,22,1
83,0,38,White,Married,T3,N1,IIIA,Regional,Moderately differentiated,2,58,Positive,Positive,13,3
52,0,52,White,Married,T3,N3,IIIC,Regional,Poorly differentiated,3,52,Positive,Positive,20,11
62,0,65,White,Single ,T2,N1,IIB,Regional,Moderately differentiated,2,30,Positive,Positive,14,1
59,0,61,White,Married,T1,N1,IIA,Regional,Moderately differentiated,2,12,Positive,Positive,19,1
78,1,51,White,Married,T4,N3,IIIC,Regional,Poorly differentiated,3,20,Positive,Positive,22,19
85,0,55,White,Single ,T2,N1,IIB,Regional,Poorly differentiated,3,30,Positive,Negative,6,2
89,0,54,White,Married,T1,N1,IIA,Regional,Moderately differentiated,2,7,Negative,Positive,12,1
52,0,61,White,Single ,T2,N1,IIB,Regional,Poorly differentiated,3,37,Positive,Positive,23,2
54,0,39,Other,Married,T2,N1,IIB,Regional,Poorly differentiated,3,30,Positive,Positive,12,1
76,0,61,White,Married,T2,N1,IIB,Regional,Moderately differentiated,2,47,Positive,Negative,39,1
88,0,51,White,Married,T3,N3,IIIC,Regional,Poorly differentiated,3,90,Positive,Positive,13,10
29,1,42,Black,Married,T2,N3,IIIC,Regional,Poorly differentiated,3,38,Positive,Positive,23,19
93,0,57,White,Married,T1,N1,IIA,Regional,Moderately differentiated,2,20,Positive,Negative,27,1
50,0,51,White,Single ,T1,N1,IIA,Regional,Moderately differentiated,2,2,Positive,Positive,19,2
69,0,62,White,Single ,T2,N3,IIIC,Regional,Moderately differentiated,2,25,Positive,Negative,17,14
88,1,69,White,Married,T1,N2,IIIA,Regional,Moderately differentiated,2,19,Positive,Positive,21,9
56,0,35,Other,Married,T1,N1,IIA,Regional,Moderately differentiated,2,19,Positive,Positive,15,2
100,0,68,White,Divorced,T1,N1,IIA,Regional,Well differentiated,1,18,Positive,Positive,11,1
85,0,53,White,Married,T2,N2,IIIA,Regional,Moderately differentiated,2,30,Positive,Positive,12,5
63,0,31,White,Divorced,T2,N1,IIB,Regional,Poorly differentiated,3,45,Positive,Positive,13,2
24,0,55,White,Married,T2,N1,IIB,Regional,Moderately differentiated,2,45,Positive,Positive,16,1
61,0,57,White,Divorced,T1,N1,IIA,Regional,Well differentiated,1,15,Positive,Positive,5,1
64,1,66,White,Divorced,T1,N2,IIIA,Regional,Moderately differentiated,2,19,Positive,Positive,21,7
65,1,58,White,Married,T2,N2,IIIA,Regional,Moderately differentiated,2,24,Positive,Negative,19,9
76,0,68,White,Married,T2,N1,IIB,Regional,Moderately differentiated,2,40,Positive,Negative,14,2
66,0,41,Other,Married,T2,N1,IIB,Regional,Poorly differentiated,3,35,Negative,Negative,18,2
75,0,44,White,Single ,T4,N1,IIIB,Regional,Moderately differentiated,2,21,Positive,Positive,10,1
52,0,60,White,Single ,T1,N1,IIA,Regional,Well differentiated,1,18,Positive,Positive,19,2
107,0,53,White,Divorced,T3,N1,IIIA,Regional,Moderately differentiated,2,100,Positive,Negative,20,1
27,1,59,Black,Single ,T2,N1,IIB,Regional,Poorly differentiated,3,23,Positive,Negative,6,1
100,0,62,White,Widowed,T2,N2,IIIA,Regional,Moderately differentiated,2,25,Positive,Positive,24,4
79,0,51,White,Married,T3,N3,IIIC,Regional,Poorly differentiated,3,80,Positive,Positive,20,12
102,0,68,White,Married,T1,N1,IIA,Regional,Well differentiated,1,15,Negative,Negative,10,1
86,0,40,White,Married,T3,N1,IIIA,Regional,Moderately differentiated,2,68,Positive,Positive,22,2
68,0,65,White,Married,T2,N2,IIIA,Regional,Moderately differentiated,2,40,Positive,Positive,4,4
52,0,54,White,Married,T2,N1,IIB,Regional,Well differentiated,1,50,Positive,Positive,29,2
19,1,46,White,Married,T2,N1,IIB,Regional,Moderately differentiated,2,28,Negative,Negative,2,1
70,0,64,White,Married,T1,N1,IIA,Regional,Moderately differentiated,2,10,Positive,Positive,11,1
49,0,62,Other,Married,T1,N1,IIA,Regional,Moderately differentiated,2,9,Positive,Positive,1,1
69,0,56,White,Divorced,T2,N2,IIIA,Regional,Moderately differentiated,2,46,Positive,Positive,14,8
69,0,68,White,Married,T2,N1,IIB,Regional,Moderately differentiated,2,22,Positive,Negative,11,3
72,0,58,Black,Divorced,T2,N1,IIB,Regional,Moderately differentiated,2,44,Positive,Positive,11,1
100,0,46,White,Married,T2,N1,IIB,Regional,Moderately differentiated,2,30,Positive,Positive,7,2
